elapsed_total_sec,epoch,epoch_time_sec,fold,rswa_learning_rate,staging_learning_rate,timestamp_utc,train_rswa_any_loss,train_rswa_loss,train_rswa_phasic_loss,train_rswa_tonic_loss,train_staging_loss,train_time_sec,val_rswa_any_f1,val_rswa_any_kappa,val_rswa_any_loss,val_rswa_loss,val_rswa_movement_f1,val_rswa_movement_kappa,val_rswa_phasic_f1,val_rswa_phasic_kappa,val_rswa_phasic_loss,val_rswa_rswa_f1_macro,val_rswa_rswa_kappa_macro,val_rswa_tonic_f1,val_rswa_tonic_kappa,val_rswa_tonic_loss,val_staging_balanced_accuracy,val_staging_f1_macro,val_staging_kappa,val_staging_loss,val_time_sec
46.80416809500002,1,46.25693271299997,0,0.0001,0.0001,2026-08-15T20:35:41+00:00,0.5336208253625839,2.0410904714039395,0.45836957579567317,1.0491000754492623,1.4905753968253967,40.58274103199983,0.0,0.0,0.4610464423894882,1.4971061684191227,0.0,0.0,0.0,0.0,0.40092882234603167,0.0,0.0,0.0,0.0,0.6351309083402157,0.2,0.11232210014010766,0.0,1.42333984375,5.654569160999927
89.27263740699982,2,42.262623761000214,0,0.0001,0.0001,2026-08-15T20:36:23+00:00,0.4301855464776357,1.4753202753407615,0.3774689031498773,0.6676658235845112,1.2787698412698412,36.83517774600023,0.6713656387665198,0.6274212529411449,0.2892084983177483,0.7589464392513037,0.6713656387665198,0.6274212529411449,0.5297619047619048,0.5000176653060455,0.24206786742433906,0.4597817884368676,0.43336947385392177,0.1782178217821782,0.17266950331457476,0.22767007001675665,0.36866789664663174,0.3119386211073072,0.1968860398966521,1.337158203125,5.4103878290002285
134.01393483899983,3,44.5349027340003,0,0.0001,0.0001,2026-08-15T20:37:08+00:00,0.2542342339006681,0.8447892315804012,0.2220098271019875,0.36854516927685055,1.1391369047619047,39.08396446799998,0.8120035304501324,0.7797283175329588,0.21929155150428414,0.5401370730251074,0.8120035304501324,0.7797283175329588,0.6962962962962963,0.6715469050470317,0.16215255623683333,0.5536140665425949,0.5326682409372686,0.15254237288135594,0.1467295002318153,0.15869296505115926,0.4591829914612956,0.4202826633489849,0.35771225661903805,1.174560546875,5.433467479999763
176.0257156329999,4,41.81376113599981,0,0.0001,0.0001,2026-08-15T20:37:50+00:00,0.2322398459627515,0.8137238252730596,0.20639205546606154,0.37509192147898296,0.9599454365079365,36.41136557599975,0.6572203798613204,0.6137335181423185,0.34142843959853053,0.8113453648984432,0.6572203798613204,0.6137335181423185,0.5078369905956113,0.4794518350520043,0.2919451594352722,0.4528685858512353,0.42711358023880974,0.1935483870967742,0.18815538752210648,0.17797176452586427,0.4564734723824639,0.3987628693481404,0.34916299413463703,1.248291015625,5.38856591900003
219.02537609,5,42.88603031999992,0,0.0001,0.0001,2026-08-15T20:38:33+00:00,0.2510018876147649,0.7691834923766908,0.19870153116801428,0.3194800719382271,1.0094866071428572,37.44313172400007,0.8067902034469353,0.7748897887265658,0.21770218294113874,0.5478059640154243,0.8067902034469353,0.7748897887265658,0.729064039408867,0.7069246573169183,0.16467190254479647,0.5769920646917716,0.557213828538383,0.1951219512195122,0.1898270395716648,0.1654318842338398,0.5077848214670154,0.45692308033535733,0.40547912822964294,1.161376953125,5.4260018429999946
261.38124832999983,6,42.15481954100005,0,0.0001,0.0001,2026-08-15T20:39:15+00:00,0.2080838412992538,0.6207163981975071,0.16639090873419293,0.24624164970148177,0.9019717261904762,36.75368720600045,0.6803484423446036,0.6380584502234065,0.32031734799966216,0.8111766744405031,0.6803484423446036,0.6380584502234065,0.5535714285714286,0.5253332265563724,0.2596848802641034,0.5028098916125336,0.4778447233358321,0.27450980392156865,0.27014249322771755,0.2311744595936034,0.5217270116384208,0.47940812927537424,0.4340648024292256,1.0865478515625,5.385779559999719
303.86431538299985,7,42.28523583599963,0,0.0001,0.0001,2026-08-15T20:39:58+00:00,0.19648516036215283,0.695574320497967,0.16903609971678446,0.33005306053729283,0.7639508928571429,36.879159880000316,0.8013071895424837,0.7689222045821076,0.2178218485787511,0.5381180178374052,0.8013071895424837,0.7689222045821076,0.6684073107049608,0.6430976184474884,0.17703907703980803,0.5432381667491483,0.5221182599807658,0.16,0.15433495691270138,0.14325709373224527,0.5492662653390123,0.5218092504282936,0.5005080981768308,1.0147705078125,5.389215296000202
345.75396441199973,8,41.68465456500007,0,0.0001,0.0001,2026-08-15T20:40:40+00:00,0.1995994093872252,0.6068940985770452,0.16422546879639702,0.24306921965427816,0.7925657242063492,36.30192160600018,0.7994216614090431,0.7669986022173205,0.22557391738519073,0.5423920033499599,0.7994216614090431,0.7669986022173205,0.6684350132625995,0.6436260118262582,0.18197389272972941,0.5467568225916969,0.52579032020413,0.1724137931034483,0.16674634656881115,0.13484418601728976,0.5522851625850043,0.4934004476399026,0.46606796562328745,1.080322265625,5.366807917999722
388.389538162,9,42.52385526599983,0,0.0001,0.0001,2026-08-15T20:41:22+00:00,0.18349940341616433,0.5741364634226239,0.15897833331236763,0.2316587274628026,0.7321118551587301,37.133779973999935,0.8458109498228369,0.8158372853171404,0.15785865765064955,0.42385824397206306,0.8458109498228369,0.8158372853171404,0.7741935483870968,0.7531314121213978,0.13000455172732472,0.5937649402635262,0.5748267330416025,0.16129032258064516,0.15551150168626915,0.13599503505975008,0.5245727191182523,0.462456087612561,0.41550548678077703,1.24462890625,5.374969600999975
430.90281436999976,10,42.41200735199982,0,0.0001,0.0001,2026-08-15T20:42:05+00:00,0.18473621647036265,0.5399756152478475,0.15503483312943625,0.2002045675402596,0.7313678075396826,36.98032219600009,0.8243380855397149,0.7945793878819644,0.19947832031175494,0.484242707490921,0.8243380855397149,0.7945793878819644,0.6889460154241646,0.6647494388035509,0.16478720679879189,0.5724552445389802,0.5526849869386994,0.20408163265306123,0.19872613413058282,0.11997717502526939,0.5755863451202982,0.5447371702248371,0.5310688328813806,0.9443359375,5.414708519999749
473.28222354699983,11,42.18213454900024,0,0.0001,0.0001,2026-08-15T20:42:47+00:00,0.17808239061444525,0.5675504862789124,0.15994174423671903,0.22952634847116848,0.6006634424603174,36.722735936999925,0.6854612546125461,0.6438234860925812,0.32341725984588265,0.764403622597456,0.6854612546125461,0.6438234860925812,0.4868421052631579,0.4600094298545071,0.28974130004644394,0.47184886770631573,0.4473910163237714,0.24324324324324326,0.23834013302422585,0.15124505100538954,0.5720247679905637,0.5411933895179655,0.5281501164042193,0.975830078125,5.442316061000383
516.367354861,12,42.97815815800004,0,0.0001,0.0001,2026-08-15T20:43:30+00:00,0.18683012906048033,0.6339603759466655,0.16677839888466728,0.28035184882936026,0.6318514384920635,37.5154157840002,0.7358757062146892,0.6979168055683794,0.28034049505367875,0.643265763297677,0.7358757062146892,0.6979168055683794,0.5723270440251572,0.5478087846600077,0.23731411481276155,0.5313056786513773,0.5089511754825179,0.2857142857142857,0.2811279362191663,0.12561114714480937,0.6199588480477483,0.5629686180716046,0.5555520871428463,0.9456787109375,5.444361187999675
559.772388204,13,43.21026153999992,0,0.0001,0.0001,2026-08-15T20:44:14+00:00,0.1690315098043472,0.5251696951805599,0.15121200184027353,0.20492618686209121,0.5809771825396826,37.75698400100009,0.8017320561606088,0.7695998408331788,0.1993414517492056,0.49187552370131016,0.8017320561606088,0.7695998408331788,0.629080118694362,0.6055022380810877,0.1750244894064963,0.5486219794319437,0.5283022187008167,0.21505376344086022,0.20980457718818368,0.11750958440825343,0.6196413925430253,0.5678716978949548,0.5802293884260237,0.884521484375,5.4351679269998385
602.130674946,14,42.16820309600007,0,0.0001,0.0001,2026-08-15T20:44:56+00:00,0.15787348636086024,0.5185683405115491,0.1489438722649264,0.21175097869265647,0.5904637896825397,36.76169877999973,0.8327155917963924,0.8031900028299499,0.17331840749830008,0.4853598140180111,0.8327155917963924,0.8031900028299499,0.7191011235955056,0.6996631129968636,0.16034524934366345,0.5685542897460173,0.5502817968267273,0.15384615384615385,0.14799227465336828,0.15169615880586207,0.6352215050165885,0.5883060155589018,0.5945650354566809,0.85595703125,5.389148329999898
644.6206985169997,15,42.24955729900012,0,0.0001,0.0001,2026-08-15T20:45:39+00:00,0.1774267696790279,0.5455167203668564,0.15374074415082023,0.21434920884314038,0.5963541666666666,36.815351787000054,0.8506228897426942,0.8222072067746471,0.14641088200733066,0.38411753810942173,0.8506228897426942,0.8222072067746471,0.7563805104408353,0.7351931648703771,0.12520620948635042,0.6003927191550277,0.5820409523981226,0.1941747572815534,0.18872248554934334,0.11250044964253902,0.6227958677092273,0.5947555417468448,0.5498759895568888,1.026611328125,5.418369159000122
687.5455189469999,16,42.72203886399984,0,0.0001,0.0001,2026-08-15T20:46:22+00:00,0.15191789864311142,0.46029476301064565,0.13882690307403367,0.1695499656396726,0.5064329117063492,37.29399711099995,0.8172431595250387,0.786891355463334,0.2024183706380427,0.4896030109375715,0.8172431595250387,0.786891355463334,0.7071823204419889,0.6864312734222591,0.16569965798407793,0.6007344192482685,0.582147163404681,0.2777777777777778,0.2731188613284501,0.12148498406168073,0.6258449899563215,0.6133440317935686,0.5964729503287106,0.8861083984375,5.411833526000009
730.057766462,17,42.314115436000066,0,0.0001,0.0001,2026-08-15T20:47:04+00:00,0.15724613553001768,0.4936354907732161,0.1474359186868819,0.18895343413192128,0.5716765873015873,36.8705033289998,0.8386705482775352,0.809502303626007,0.15045698126778007,0.40924361906945705,0.8386705482775352,0.809502303626007,0.7041420118343196,0.6852435818741537,0.13957964885048568,0.5802774540306842,0.5624503544778872,0.19801980198019803,0.19260517793350074,0.11920699221082032,0.6291760977092797,0.5860682051491715,0.572711953406045,0.944580078125,5.425183757000013
771.9829498509998,18,41.82147246900013,0,0.0001,0.0001,2026-08-15T20:47:46+00:00,0.15452926428545088,0.49871403972307843,0.14778027234096375,0.1964044992826761,0.5423177083333334,36.36277091900001,0.7663551401869159,0.7311658517600282,0.24906744714826345,0.5834686290472746,0.7663551401869159,0.7311658517600282,0.5521885521885522,0.5299722879475588,0.21660125628113747,0.5228478974584894,0.5020738295497787,0.25,0.24508334894174932,0.11779992619995028,0.6352058579501021,0.6012931161859875,0.602880700238067,0.8690185546875,5.442626632999691
814.1306928069998,19,42.04394313399962,0,0.0001,0.0001,2026-08-15T20:48:28+00:00,0.16352276119684417,0.50269406466257,0.14902256724853363,0.1901487387598507,0.5054098462301587,36.65852295500008,0.8517614230903383,0.8235153392275829,0.1435480508953333,0.40110281575471163,0.8517614230903383,0.8235153392275829,0.7684210526315789,0.7509180352045169,0.12224034918472171,0.5909514104823693,0.5737464571313807,0.15267175572519084,0.14680599696204255,0.1353144155582413,0.6519938302568383,0.6225984505362485,0.6337753449255035,0.7779541015625,5.369498689000011
857.163615809,20,42.837313025000185,0,0.0001,0.0001,2026-08-15T20:49:11+00:00,0.14815835199422306,0.49708783957693314,0.13898379231492677,0.20994569461733575,0.5523468501984127,37.39784954100014,0.8038401660612351,0.771508138945258,0.20263174502179027,0.4906813558191061,0.8038401660612351,0.771508138945258,0.637223974763407,0.616552027091588,0.17582006892189384,0.5520393014218341,0.5326215810750099,0.21505376344086022,0.20980457718818368,0.11222954303957522,0.6695888857539678,0.639050318398785,0.6391211432440342,0.793701171875,5.4218270820001635
898.8928508179997,21,41.53230159399982,0,0.0001,0.0001,2026-08-15T20:49:53+00:00,0.14678120772753442,0.43910430490024505,0.13247830793261528,0.15984478863399654,0.49776785714285715,36.105191070000274,0.856399230508091,0.8281622277364225,0.14496356574818492,0.4045023815706372,0.856399230508091,0.8281622277364225,0.7413333333333333,0.7221110429938428,0.12654671096242964,0.5876739400132571,0.5699412844685908,0.1652892561983471,0.15955058267550737,0.13299209694378078,0.6656992791820331,0.6579065175879387,0.6642065472846584,0.7176513671875,5.407924165000168
941.044499137,22,41.593280885999775,0,0.0001,0.0001,2026-08-15T20:50:35+00:00,0.15077985651672832,0.43972181658896187,0.13371077818529947,0.15523118215302625,0.4976593501984127,36.14789981900003,0.8436110109388147,0.815007082601735,0.15241733356378973,0.4139229943975806,0.8436110109388147,0.815007082601735,0.7,0.6806520396630273,0.13081944733858109,0.5687375456516915,0.5508317018606328,0.16260162601626016,0.15683598331713589,0.13068621279671788,0.6670946458131997,0.6340959444824522,0.6532386458541064,0.7611083984375,5.428021103999981
983.6011039099999,23,42.45231414300042,0,0.0001,0.0001,2026-08-15T20:51:18+00:00,0.1424255689813031,0.4136127306828423,0.1329664508146899,0.1382207124538365,0.4861421130952381,37.01188324499981,0.8206083178150217,0.7891501187682973,0.18141978769563138,0.44664199743419886,0.8206083178150217,0.7891501187682973,0.6865671641791045,0.6668398585337341,0.14328548242338002,0.580823199880395,0.5620762113164598,0.23529411764705882,0.23023865664734788,0.1219367291778326,0.6344201655322952,0.62096091339314,0.5996154931058916,0.8646240234375,5.422439846000088
1026.306670043,24,42.598199898000075,0,0.0001,0.0001,2026-08-15T20:52:00+00:00,0.15397504220406213,0.4418612822653755,0.13464814755651686,0.15323809016909865,0.47019159226190477,37.15487062700004,0.823504721930745,0.7858966597960516,0.1453506841789931,0.3977136965841055,0.823504721930745,0.7858966597960516,0.7087378640776699,0.6845546844275046,0.12458112533204257,0.5663030842250272,0.543797712626105,0.16666666666666666,0.1609417936547588,0.1277818833477795,0.6681689726966237,0.674638679539095,0.66654506209013,0.69329833984375,5.42615177100015
1069.5813936659997,25,43.049663250999856,0,0.0001,0.0001,2026-08-15T20:52:44+00:00,0.14943546937808158,0.43872124287817216,0.13797764622029804,0.15130812943809563,0.47130766369047616,37.604665123999894,0.8493213185810425,0.8199605708787497,0.1441921980585903,0.40284004621207714,0.8493213185810425,0.8199605708787497,0.7439353099730458,0.7251719122281354,0.1265985092613846,0.5848489837115779,0.5668813282643848,0.16129032258064516,0.15551150168626915,0.13204933516681194,0.6783755651711619,0.6544845132252738,0.666187631506616,0.73095703125,5.422127009999713
1112.410554056,26,42.72628846600037,0,0.0001,0.0001,2026-08-15T20:53:26+00:00,0.12470712914826378,0.3979748988908435,0.12164457177832014,0.1516231974912068,0.43732948908730157,37.30230851299984,0.8313960754905637,0.8020979750596571,0.17394438455812633,0.44457163009792566,0.8313960754905637,0.8020979750596571,0.662613981762918,0.6420270216747102,0.14856025436893106,0.5737609281754029,0.5554219530244816,0.22727272727272727,0.22214086233907782,0.12206698773661628,0.6713356292077038,0.6544100679230022,0.6689895222003008,0.71435546875,5.406382953000048
1154.326172559,27,41.80908268599978,0,0.0001,0.0001,2026-08-15T20:54:08+00:00,0.1541590669916736,0.4476041595141093,0.1385934990904634,0.15485159236760365,0.5149274553571429,36.39564144099995,0.813689184012259,0.7822689326768855,0.19775882037356496,0.4692670190706849,0.813689184012259,0.7822689326768855,0.6545454545454545,0.6333540803868527,0.16082038241438568,0.5759916327659911,0.5568458868133058,0.2597402597402597,0.2549146473761791,0.1106878163991496,0.672325485309042,0.6574473756502244,0.67997112630966,0.6583251953125,5.39758712899993
1196.149098127,28,41.71792743199967,0,0.0001,0.0001,2026-08-15T20:54:50+00:00,0.1523958637955643,0.44541756927020965,0.1404859157545226,0.15253578776878024,0.47436135912698413,36.311480202999974,0.83638944753342,0.805862141344205,0.1666365209966898,0.4385853726416826,0.83638944753342,0.805862141344205,0.6686390532544378,0.6474728116990521,0.14037585351616144,0.559147431297102,0.5400270998706894,0.1724137931034483,0.16674634656881115,0.1315730024361983,0.6553310620692689,0.6535037794269563,0.6480897814794295,0.74627685546875,5.388652653999998
1238.0909180029994,29,41.83596908899972,0,0.0001,0.0001,2026-08-15T20:55:32+00:00,0.14442642015360652,0.40225100611883496,0.12787628741491408,0.12994829868336047,0.44311135912698413,36.43921135799974,0.8485189773623156,0.8185724275592179,0.14600935974158347,0.4042269289493561,0.8485189773623156,0.8185724275592179,0.7387862796833773,0.7191090489982925,0.12590903951786458,0.5833022943539844,0.5648391532915488,0.16260162601626016,0.15683598331713589,0.1323085322510451,0.6666309392791552,0.6588262149611144,0.642438189252001,0.75439453125,5.38318813099977
1280.9761479199997,30,42.781876398999884,0,0.0001,0.0001,2026-08-15T20:56:15+00:00,0.14955221187500728,0.41062149547395255,0.13073440286375226,0.13033487881849787,0.43483382936507936,37.3363063200004,0.7926970633693973,0.7449752427095111,0.17294332012534142,0.4464475875720382,0.7926970633693973,0.7449752427095111,0.6929460580912863,0.6634325351821823,0.1438340514432639,0.5507699293757834,0.5231165238488175,0.16666666666666666,0.1609417936547588,0.12967021134682,0.6892284295343918,0.6847741129807473,0.684397835036983,0.6905517578125,5.428729115999886
1323.3801913649995,31,42.20542418199966,0,0.0001,0.0001,2026-08-15T20:56:57+00:00,0.13790891656563395,0.379705500744638,0.12390743621758052,0.11788914825708147,0.4429098462301587,36.76950399699945,0.8441286113699907,0.8144981525539015,0.15110849612392485,0.40114578418433666,0.8441286113699907,0.8144981525539015,0.6823529411764706,0.6618668655255584,0.13160009612329304,0.5735521032760049,0.5550291678762678,0.1941747572815534,0.18872248554934334,0.11843719251919538,0.6882027511273521,0.6915285946915354,0.6832799199711456,0.697509765625,5.4213700890004475
1366.306277478,32,42.72070590099975,0,0.0001,0.0001,2026-08-15T20:57:40+00:00,0.14915156252090894,0.40524746217424906,0.13104326443539727,0.12505263493706784,0.4444444444444444,37.312070017000224,0.8453439401029481,0.8160923632056827,0.14688834501430392,0.39443795569241047,0.8453439401029481,0.8160923632056827,0.711864406779661,0.6920890498681058,0.1313234658446163,0.5837943680547208,0.5656346328743772,0.1941747572815534,0.18872248554934334,0.11622614384396002,0.6719720089779727,0.6692497060249061,0.6784059936309066,0.69921875,5.394615416999841
1410.1886416039997,33,43.776888224000686,0,0.0001,0.0001,2026-08-15T20:58:24+00:00,0.142163908670819,0.414626239665917,0.12979046604226505,0.14267186445760585,0.4218594990079365,38.33378377099962,0.8488607896934272,0.820949428447822,0.15444391267374158,0.396939761005342,0.8488607896934272,0.820949428447822,0.6956521739130435,0.675563323999701,0.13172452035360038,0.5783297180275536,0.5605001173802125,0.19047619047619047,0.18498759969311473,0.11077132716309279,0.6086722322320873,0.5763770453999213,0.558672719019598,1.21044921875,5.423468132999915
1452.5515711389999,34,42.258016024000426,0,0.0001,0.0001,2026-08-15T20:59:07+00:00,0.14535252347825064,0.39532077371601076,0.12976896035529317,0.12019928731024265,0.3806268601190476,36.80471592399954,0.8304006783972864,0.7946283053690988,0.1447774397674948,0.3974061058834195,0.8304006783972864,0.7946283053690988,0.7268170426065163,0.7049254815514828,0.12573256040923297,0.5737173824111036,0.5525786504480102,0.16393442622950818,0.15818216442344912,0.12689610361121595,0.6765860945007572,0.6766329852653759,0.664911623945226,0.7664794921875,5.435376215999895
1495.114981357,35,42.43975902599959,0,0.0001,0.0001,2026-08-15T20:59:49+00:00,0.13300906488346675,0.3724213085240788,0.1151954960373659,0.12421675039721387,0.36824156746031744,37.01539111300008,0.8278732259097215,0.7918151131991522,0.14433920569717884,0.3795242067426443,0.8278732259097215,0.7918151131991522,0.7304785894206549,0.7090045839199448,0.12198691302910447,0.5829426686021889,0.5619357656040705,0.19047619047619047,0.18498759969311473,0.11319809185806662,0.6962312276943445,0.6944055611325887,0.6792336462063617,0.7225341796875,5.407151125000382
1537.7777658539999,36,42.4652032289996,0,0.0001,0.0001,2026-08-15T21:00:32+00:00,0.1310534362518598,0.39734169332280994,0.11787388503314956,0.148414373856097,0.42412264384920634,37.07065431400042,0.8258333333333333,0.7884511014884296,0.15888924058526754,0.4222416393458843,0.8258333333333333,0.7884511014884296,0.7064439140811456,0.6816329243540925,0.1332471154164523,0.5667814914350785,0.5441467991494735,0.16806722689075632,0.16235637160589844,0.13010528206359595,0.6806227595626272,0.672946316875143,0.6549763649638589,0.7623291015625,5.376775964999979
1578.518688659,37,40.634137592000116,0,0.0001,0.0001,2026-08-15T21:01:13+00:00,0.13703487488248992,0.3873619268101359,0.1181217430248147,0.1322053044383961,0.42920696924603174,35.18161980399964,0.8257184205085797,0.7880290508830277,0.1584497238509357,0.4531346708536148,0.8257184205085797,0.7880290508830277,0.6965174129353234,0.6719905063417797,0.14020084403455257,0.5564315523244383,0.5337185668073521,0.14705882352941177,0.141136143197249,0.15448410215321928,0.6975091210091906,0.6955399784818111,0.68782050612896,0.68798828125,5.434245491000183
1620.874952092,38,42.16535920899969,0,0.0001,0.0001,2026-08-15T21:01:55+00:00,0.14116295462562925,0.3987341747870521,0.1226232640800022,0.134947957149947,0.37800719246031744,36.72422822200042,0.8455890410958904,0.8141326143339196,0.13739478075876832,0.36863010562956333,0.8455890410958904,0.8141326143339196,0.7300771208226221,0.7090800915237425,0.11889276141300797,0.5918887206395042,0.5726058089089672,0.2,0.1946047208692394,0.11234256281750277,0.6838937647903182,0.6842851079711278,0.6795089650980015,0.738037109375,5.4210164980004265
1662.6074109049996,39,41.62675221400059,0,0.0001,0.0001,2026-08-15T21:02:37+00:00,0.12417613259620136,0.3314559585045254,0.1083092170338782,0.09897060816221047,0.3667844742063492,36.157263434000015,0.8341858482523444,0.7994007545595228,0.1428715167567134,0.37246381770819426,0.8341858482523444,0.7994007545595228,0.7313432835820896,0.7096309400402641,0.12150743743404746,0.5912874883892557,0.5706836111683846,0.20833333333333334,0.20301913890536694,0.10808486002497375,0.6675450961613818,0.6676891690119715,0.664885488900667,0.7628173828125,5.450409110999317
1705.1088319290002,40,42.396361353999964,0,0.0001,0.0001,2026-08-15T21:03:19+00:00,0.140435346239616,0.3433105398028616,0.11381842402948274,0.08905676798155857,0.3863777281746032,36.97779779099983,0.8453394706559264,0.8155096017687645,0.14926271536387503,0.37269333004951477,0.8453394706559264,0.8155096017687645,0.7425474254742548,0.7238177877941668,0.12740132515318692,0.6105964450515238,0.5927519402252358,0.24390243902439024,0.23892843111277595,0.09602928574895486,0.6843825235589778,0.6777866874440217,0.6667842170548085,0.715087890625,5.401241892000144
1747.525332327,41,42.30885099200077,0,0.0001,0.0001,2026-08-15T21:04:02+00:00,0.12326254281732771,0.3219841674916328,0.10817215118616347,0.09054947120418387,0.38132440476190477,36.86072208299993,0.8440907108591365,0.8121542108229496,0.1360779949463904,0.39070648327469826,0.8440907108591365,0.8121542108229496,0.7268041237113402,0.7056182469515031,0.12137058191001415,0.5831554210473017,0.5635792302529854,0.17857142857142858,0.1729652329845034,0.13325790676753968,0.6773434357853021,0.6746359098966099,0.6812774831382882,0.754150390625,5.431759486000374
1789.4225765809997,42,41.78363001799971,0,0.0001,0.0001,2026-08-15T21:04:43+00:00,0.12093896507507279,0.3261317530321696,0.10422767131101518,0.10096511504213725,0.3617156498015873,36.30685045900009,0.8535517899225676,0.8244831213411928,0.13311131508089602,0.35529811680316925,0.8535517899225676,0.8244831213411928,0.7425474254742548,0.7238177877941668,0.11605719733051956,0.6104644443479604,0.5928465219275693,0.23529411764705882,0.23023865664734788,0.10612960025900975,0.6952455725825645,0.6999288406180894,0.6985200990591088,0.672607421875,5.459355466000488
1832.7249340050003,43,43.10341334000077,0,0.0001,0.0001,2026-08-15T21:05:27+00:00,0.1286465164924425,0.3325566214228433,0.10948920598815358,0.0944209002283594,0.42497519841269843,37.66769876099988,0.850451273848966,0.8213643228277427,0.14188173552975059,0.3681199550628662,0.850451273848966,0.8213643228277427,0.7453083109919572,0.7265128228753626,0.12028889218345284,0.6085482141040625,0.5908850913961169,0.22988505747126436,0.22477812848524514,0.10594932519597933,0.6757451717955614,0.687087773186409,0.6616462747522103,0.75323486328125,5.416633121999439
1875.0785244540002,44,42.245301551999546,0,0.0001,0.0001,2026-08-15T21:06:09+00:00,0.13419833170279624,0.3547390903981905,0.11741411916556813,0.10312664001766178,0.3601190476190476,36.816464741000345,0.8168386966201174,0.7764143656589324,0.14458084339275956,0.3736014449968934,0.8168386966201174,0.7764143656589324,0.7322654462242563,0.7086652846495085,0.12354037235490978,0.5830347142814579,0.5598947903925601,0.2,0.1946047208692394,0.10548023041337729,0.690138948996185,0.6917944309184874,0.676673162801581,0.6962890625,5.4121881459996075
1916.9804516599997,45,41.79322766699988,0,0.0001,0.0001,2026-08-15T21:06:51+00:00,0.1225010801165823,0.32515262268365375,0.10727029051336032,0.09538125218675723,0.34912884424603174,36.362180351999996,0.8554821062229314,0.8272959727004933,0.1328581739217043,0.34353680443018675,0.8554821062229314,0.8272959727004933,0.7554347826086957,0.7377075139969587,0.11401660763658583,0.6203056296105424,0.6033622785464005,0.25,0.24508334894174932,0.09666203038068488,0.7010453562783769,0.70501431325435,0.6892638802171153,0.707275390625,5.413265453999884
1958.8539602199999,46,41.6660875689995,0,0.0001,0.0001,2026-08-15T21:07:33+00:00,0.1168447784961216,0.3143108444554465,0.10506562332785319,0.09240044176482433,0.35244605654761907,36.23352755399992,0.82,0.7876808156578148,0.17260467819869518,0.4061393216252327,0.82,0.7876808156578148,0.696165191740413,0.676663321467417,0.13832921930588782,0.5887217305801377,0.569809162022327,0.25,0.24508334894174932,0.09520541341044009,0.6786220377352082,0.6798880560034194,0.664208603530289,0.819580078125,5.41569119199994
2000.634838504,47,41.6696464430006,0,0.0001,0.0001,2026-08-15T21:08:15+00:00,0.11588698099293405,0.3041806488283097,0.1010004123525014,0.08729325582288087,0.3775421626984127,36.22418073100016,0.8481012658227848,0.8188040731657509,0.13736818521283567,0.3604873949661851,0.8481012658227848,0.8188040731657509,0.7465940054495913,0.728293405849024,0.11816232302226126,0.6073226661817012,0.5897461137846176,0.22727272727272727,0.22214086233907782,0.10495688376249745,0.6823561427355063,0.6895880693322525,0.6774101030802004,0.745361328125,5.429165975000615
2042.550080131,48,41.80573451800046,0,0.0001,0.0001,2026-08-15T21:08:57+00:00,0.12034656610044223,0.2984366310494287,0.10109583510174638,0.07699422983984862,0.3709077380952381,36.35743995499979,0.825062034739454,0.7943592111828919,0.17932887910865247,0.4331026431173086,0.825062034739454,0.7943592111828919,0.7079646017699115,0.6892200856822746,0.14806971210055053,0.5953970644904637,0.5772856198068618,0.25316455696202533,0.248277562555419,0.10570405659382232,0.661816913333892,0.6530706185720805,0.6286633777559552,0.9947509765625,5.433322765999947
2085.0179726199995,49,42.355420398000206,0,0.0001,0.0001,2026-08-15T21:09:39+00:00,0.11214932284894444,0.28173427035411197,0.09457864721734373,0.07500630033217252,0.32860553075396826,36.90486544899977,0.8482360772132239,0.8177265842631238,0.13812144030816853,0.36229267437011003,0.8482360772132239,0.8177265842631238,0.743455497382199,0.7239375843935822,0.11362293572165072,0.6030276263144163,0.5846096060660566,0.21739130434782608,0.21216464954146375,0.11054829659406096,0.6760682074031517,0.6777566881542583,0.6728535178862272,0.72833251953125,5.433593694999217
2127.8674520229997,50,42.7369854059998,0,0.0001,0.0001,2026-08-15T21:10:22+00:00,0.12037479753295581,0.3096214568331128,0.10225240915777191,0.0869942484453546,0.3462611607142857,37.33027084600053,0.8588385895496334,0.8319708371826869,0.13360254815779626,0.3670873735100031,0.8588385895496334,0.8319708371826869,0.7465181058495822,0.7287643941772148,0.1191246600355953,0.6075826665823473,0.5909666269671218,0.21739130434782608,0.21216464954146375,0.11436016450170428,0.689612348992732,0.6851771481200419,0.6860584738746065,0.739501953125,5.389151541000501
2185.7474487009995,1,43.14101062099962,1,0.0001,0.0001,2026-08-15T21:11:20+00:00,0.533944403841382,1.838455565392025,0.4674886219085209,0.8370225382229638,1.4880952380952381,37.34410178300004,0.0,0.0,0.5183442998677492,1.768736157566309,0.0,0.0,0.0,0.0,0.43756849877536297,0.0,0.0,0.0,0.0,0.812823349609971,0.2,0.11631453000767392,0.0,1.46533203125,5.77053806800086
2227.2555249179995,2,41.30672432600022,1,0.0001,0.0001,2026-08-15T21:12:01+00:00,0.48923611735540723,1.6841912288514396,0.4243946390019523,0.7705604798263974,1.3877728174603174,35.89146153099955,0.4148696491792726,0.36094049109400916,0.38227109145373106,1.170737899839878,0.4148696491792726,0.36094049109400916,0.14035087719298245,0.11494462567127539,0.3352358154952526,0.31386138757863047,0.283900552009554,0.38636363636363635,0.37581653926337744,0.4532309847418219,0.3230636572953588,0.26061495621359243,0.17728156831809094,1.301025390625,5.39861133299928
2268.261809808,3,40.7911153240002,1,0.0001,0.0001,2026-08-15T21:12:42+00:00,0.29822975609983715,0.938783408630462,0.2530325705569888,0.387521077479635,1.2388392857142858,35.360976315999324,0.8053457292271935,0.7656365515110124,0.2452970864251256,0.6524977404624224,0.8053457292271935,0.7656365515110124,0.6804979253112033,0.6463390388389192,0.1940451436676085,0.6152106714422522,0.5855953213922122,0.35978835978835977,0.3448103738267051,0.21315550321014598,0.4490248095142163,0.366172208078941,0.3012858080016422,1.244873046875,5.415591378000499
2309.9955733239995,4,41.53053523899962,1,0.0001,0.0001,2026-08-15T21:13:24+00:00,0.24103181359786835,0.7565620645644173,0.2002808591203084,0.3152493906636087,1.0704985119047619,36.141771819000496,0.8353243273417439,0.7996353138125449,0.20309837674722075,0.5944354739040136,0.8353243273417439,0.7996353138125449,0.7068273092369478,0.6743460458795973,0.17238290747627616,0.6104692783085998,0.5819204792502853,0.2892561983471074,0.2717800780587136,0.21895419206703082,0.49874193975580117,0.44259941800756997,0.3985996977166638,1.062744140625,5.372412853999776
2351.4029306439998,5,41.2034443120001,1,0.0001,0.0001,2026-08-15T21:14:05+00:00,0.23139854496906673,0.6552409756751287,0.18234696333843564,0.24149546476583633,0.9541170634920635,35.85520319599982,0.858355091383812,0.8265114572912617,0.18189344042912126,0.5228214971721172,0.858355091383812,0.8265114572912617,0.7403100775193798,0.7104721227772091,0.1510341539978981,0.6839995007455085,0.6594332669043091,0.4533333333333333,0.4413162206444565,0.18989390510250814,0.5125167662167657,0.47250190435590855,0.43221998341965384,1.039794921875,5.331550330000027
2393.73243826,6,42.113793905999955,1,0.0001,0.0001,2026-08-15T21:14:48+00:00,0.2447683493059779,0.7402577419129629,0.19408993955169404,0.30139945361704107,0.9490327380952381,36.71149177699954,0.8643288007361211,0.8312528576946916,0.166080774506554,0.495820764452219,0.8643288007361211,0.8312528576946916,0.7442680776014109,0.7122377408226688,0.14074271684512496,0.6462618525276049,0.6192043807725244,0.330188679245283,0.3141225438002129,0.1889972789795138,0.45454412040530656,0.4633418680739888,0.41714533062312753,0.99169921875,5.386372898000445
2435.283897689,7,41.43758679400071,1,0.0001,0.0001,2026-08-15T21:15:29+00:00,0.22321864063777622,0.610039974961962,0.1692563763686589,0.2175649575416058,0.8504464285714286,36.02756813399992,0.8417523468931605,0.807506454945634,0.18482589023187757,0.5071959299966693,0.8417523468931605,0.807506454945634,0.7122736418511066,0.68046366957408,0.15642717736773193,0.663841996248089,0.6376214923965701,0.4375,0.4248943526699961,0.1659428596831276,0.5495569250140397,0.5250732523796602,0.5074930543760838,0.8970947265625,5.393092940000315
2478.0431033200002,8,42.54977588299971,1,0.0001,0.0001,2026-08-15T21:16:12+00:00,0.18855143291136575,0.6831124403647014,0.162750816238778,0.3318101890266888,0.7644159226190477,37.17760631799956,0.7700613496932516,0.7272070355908986,0.2597260195761919,0.6617521606385708,0.7700613496932516,0.7272070355908986,0.6078886310904872,0.5714788048907646,0.22473955154418945,0.6308852877122266,0.6010216909957689,0.5147058823529411,0.5043792325056433,0.17728659395652357,0.5326385849106876,0.48336203305290243,0.42600731638725853,1.2220458984375,5.3568735839999135
2518.481680195,9,40.3231483010004,1,0.0001,0.0001,2026-08-15T21:16:53+00:00,0.18945954941094867,0.5788146110754164,0.1542213082550064,0.235133754621659,0.8138950892857143,34.945076280999274,0.8334469438763917,0.7982688582770877,0.19437846983782947,0.5282514644786716,0.8334469438763917,0.7982688582770877,0.694560669456067,0.6622125370919882,0.17525947792455554,0.6691532227089931,0.6428626624114778,0.4794520547945205,0.46810659186535764,0.15861351220519282,0.567938244524133,0.533576529057291,0.49404574710736227,0.968994140625,5.362565215000359
2561.1364294389996,10,42.44879788799972,1,0.0001,0.0001,2026-08-15T21:17:35+00:00,0.18501593763866123,0.6278838699772245,0.16681354256376388,0.2760543903439409,0.7879154265873016,37.11727507100022,0.7338074676149352,0.6872316741219019,0.2931047258898616,0.7583574429154396,0.7338074676149352,0.6872316741219019,0.5432098765432098,0.5046112500979347,0.26258169719949365,0.5951639734764438,0.5634740909330618,0.5084745762711864,0.4985793485793486,0.20267102167235862,0.5989323197089922,0.547585993867473,0.51535372668016,0.9429931640625,5.317933125000309
2602.5442146759997,11,41.1960439709992,1,0.0001,0.0001,2026-08-15T21:18:17+00:00,0.17952166166570452,0.5248149924335026,0.15360063060172022,0.19169269710601794,0.6383928571428571,35.77193238899963,0.859834850730468,0.8271459522505724,0.14213592000305653,0.431045182980597,0.859834850730468,0.8271459522505724,0.7471264367816092,0.7177398619810147,0.13074697367846966,0.67290866446481,0.6477486915536043,0.4117647058823529,0.3983602604292259,0.15816229421761818,0.628451063582568,0.5737689798049364,0.539542600612736,0.8935546875,5.4074910839999575
2644.4278019579997,12,41.66820308200022,1,0.0001,0.0001,2026-08-15T21:18:59+00:00,0.17360220376461272,0.560296674096395,0.15615959631072152,0.23053487301582382,0.650452628968254,36.29455206500006,0.7907143711858322,0.749994754980474,0.2254982884041965,0.638342778198421,0.7907143711858322,0.749994754980474,0.617169373549884,0.5816213183844745,0.19686068408191204,0.6588970280617525,0.6306836322393204,0.5688073394495413,0.5604348233530129,0.21598380476825696,0.5761569611254251,0.5155095558505296,0.4970118635340912,1.2191162109375,5.356226063000577
2686.5695902059997,13,42.02795970599982,1,0.0001,0.0001,2026-08-15T21:19:41+00:00,0.1929718041349025,0.5495509424852947,0.15771136805415154,0.19886777088755653,0.5825892857142857,36.67698247100088,0.8711746766221474,0.8408686311280018,0.14992210711352527,0.4263472226448357,0.8711746766221474,0.8408686311280018,0.7640449438202247,0.7360240623929384,0.13839165400713682,0.7071102438511611,0.683951197380576,0.4861111111111111,0.47496089862078783,0.1380334612695151,0.64650142588841,0.6286393389230278,0.5857245223032697,0.769775390625,5.334010818000024
2728.584588869,14,41.81025010099984,1,0.0001,0.0001,2026-08-15T21:20:23+00:00,0.16454739531590826,0.46717227285816554,0.14175699544804438,0.1608678779550015,0.5490141369047619,36.40594810899984,0.8280717692482399,0.7917336205174552,0.21638995362445712,0.5519102588295937,0.8280717692482399,0.7917336205174552,0.6807610993657506,0.6473597259337954,0.19545343378558755,0.6393965312533965,0.6116566274206197,0.4093567251461988,0.39587653581060833,0.14006686435823212,0.6495984257569637,0.6458234866179933,0.6333231821143912,0.7110595703125,5.389192872999956
2769.557464089,15,40.74846687399986,1,0.0001,0.0001,2026-08-15T21:21:04+00:00,0.15657779266909946,0.46711815680776325,0.14149386885147247,0.1690464967063495,0.5424727182539683,35.3427324889999,0.8648198292022495,0.8326182724627884,0.14378420659340918,0.4513812977820635,0.8648198292022495,0.8326182724627884,0.7558139534883721,0.7277573691785697,0.13845046027563512,0.659258879944493,0.6341178878731267,0.35714285714285715,0.34197802197802196,0.1691466315605794,0.6444961036840426,0.6035224987303092,0.5994020754555804,0.8062744140625,5.3913191250003365
2812.0090140719994,16,42.33864513499975,1,0.0001,0.0001,2026-08-15T21:21:46+00:00,0.1755340883419627,0.5253392777272633,0.15420935291146476,0.19559584161828433,0.5459449404761905,36.98425091399986,0.8559448378680582,0.8169007595347655,0.14752268348820508,0.46485963743180037,0.8559448378680582,0.8169007595347655,0.7679465776293823,0.737564974055781,0.13250933028757572,0.6431894237975456,0.6144126960115143,0.3056768558951965,0.2887723544439963,0.1848276296223048,0.65835555943161,0.6430671064826432,0.6167090165881812,0.7320556640625,5.337061616000028
2854.5950814809994,17,42.473857443999805,1,0.0001,0.0001,2026-08-15T21:22:29+00:00,0.1766367664058057,0.538325706171611,0.15422135845772802,0.20746758262375517,0.5540984623015873,37.08438130400009,0.8327853984808978,0.7973533484156792,0.19741715164855123,0.5634315572679043,0.8327853984808978,0.7973533484156792,0.6877637130801688,0.6550145557959722,0.17848360096104443,0.6538313311502768,0.62723825579437,0.4409448818897638,0.42934686317145854,0.18753080514943576,0.6594265111867932,0.6362465785049143,0.6100607133503221,0.788818359375,5.372308500999679
2896.1640049019998,18,41.45410210499995,1,0.0001,0.0001,2026-08-15T21:23:10+00:00,0.16890755774719374,0.513220393941516,0.15451803685180723,0.18979480232866036,0.5958271329365079,36.054318864999914,0.836932073774179,0.8019655028531474,0.18078603455796838,0.5152829941362143,0.836932073774179,0.8019655028531474,0.6931567328918322,0.6626984705910959,0.16694668377749622,0.6766962688886705,0.651341464937898,0.5,0.4893604213694507,0.16755027897306718,0.6565747502680115,0.6277819543092231,0.6002778642987734,0.8143310546875,5.384638794999773
2937.8198033849994,19,41.53628284699971,1,0.0001,0.0001,2026-08-15T21:23:52+00:00,0.16822051605771457,0.4875106383410711,0.148064574374566,0.17122554867750123,0.4992249503968254,36.17687636299979,0.8674004732023455,0.8353192235659486,0.1455846067983657,0.4233469218015671,0.8674004732023455,0.8353192235659486,0.7730769230769231,0.7468046351066153,0.1363890520296991,0.6801591320930895,0.6561159069703955,0.4,0.3862238622386224,0.14137326390482485,0.6934087001406102,0.683419258881377,0.6629419204169479,0.671630859375,5.344271527000274
2979.5192648759994,20,41.49544052700003,1,0.0001,0.0001,2026-08-15T21:24:34+00:00,0.16272308659695445,0.45623478529945255,0.13670532978952876,0.15680636843991658,0.48702566964285715,36.09485476499958,0.8609185441941074,0.8294639518580693,0.15081458492204547,0.4308253973722458,0.8609185441941074,0.8294639518580693,0.7621052631578947,0.7370924109428343,0.14276225538924336,0.6841572200375795,0.6610502477800737,0.4294478527607362,0.4165943805393174,0.13724855692817073,0.6563230771735632,0.6199616314090057,0.6083084316997942,0.9368896484375,5.384950169000149
3020.8136800169996,21,41.15764449299968,1,0.0001,0.0001,2026-08-15T21:25:15+00:00,0.15775520123896145,0.5019195959681556,0.14668000944786602,0.19748438415782793,0.47867063492063494,35.7858274780001,0.8192109777015437,0.7813989864139902,0.1981746437959373,0.6513876272365451,0.8192109777015437,0.7813989864139902,0.6502242152466368,0.6161962386797514,0.1911363755352795,0.6514278925988884,0.6243092216827951,0.48484848484848486,0.4753324399546438,0.2620766111649573,0.6860002321277914,0.675044752882009,0.6587211065164746,0.726806640625,5.358930203000455
3062.5445935999996,22,41.606346997999935,1,0.0001,0.0001,2026-08-15T21:25:57+00:00,0.1564047871719277,0.457398296112106,0.1362389117952377,0.1647545944840189,0.4890718005952381,36.17673408399969,0.8445767195767195,0.8102715400169489,0.1732445452362299,0.5431775972247124,0.8445767195767195,0.8102715400169489,0.7253218884120172,0.6970858168325283,0.15895740198902786,0.6745600401979263,0.6500342751506103,0.453781512605042,0.44274546860235375,0.21097565282252617,0.685228453910959,0.6709237668547339,0.6488019387070084,0.7745361328125,5.4121598280007674
3103.651361382,23,40.99261648599986,1,0.0001,0.0001,2026-08-15T21:26:38+00:00,0.15624603410325352,0.43070563626667807,0.13521277490589353,0.13924682796711013,0.4783296130952381,35.64742776099956,0.8038288548033675,0.7633308489735078,0.21041070180945098,0.9304107818752527,0.8038288548033675,0.7633308489735078,0.6231884057971014,0.5902188194865575,0.19658932904712856,0.6274876017183081,0.5996083533573301,0.45544554455445546,0.4452753916119252,0.5234107532014605,0.6922769232443817,0.6797269703160328,0.6601180503239429,0.701416015625,5.329233227000259
3144.2299074820003,24,40.46444900500046,1,0.0001,0.0001,2026-08-15T21:27:18+00:00,0.14635367703343194,0.4223476303002191,0.1255857146212033,0.15040823831296865,0.45110987103174605,35.12053384900082,0.8589266155531216,0.8275083227357736,0.1712774725165218,0.4478181879967451,0.8589266155531216,0.8275083227357736,0.7399103139013453,0.7146074595310972,0.15890515875071287,0.6916758018816477,0.6689548950803431,0.47619047619047616,0.46474890297415894,0.11763555626384914,0.6736910576919989,0.6464114729044395,0.6244111713179743,0.892822265625,5.329533953999999
3185.957084529,25,41.58741149099933,1,0.0001,0.0001,2026-08-15T21:28:00+00:00,0.13606226869991847,0.38981141102692435,0.12096772875104632,0.13278141534990734,0.4066685267857143,36.20992277200003,0.8720594304581097,0.8412208151638566,0.14035856095142663,0.36784179881215096,0.8720594304581097,0.8412208151638566,0.7807933194154488,0.757522382727282,0.1310665945056826,0.7164355501942595,0.694782517869339,0.49645390070921985,0.48560435571687843,0.09641664105583914,0.6517991564681908,0.6166476028472715,0.6044508611376862,0.9822998046875,5.362522326000544
3227.586624705,26,41.48151908999989,1,0.0001,0.0001,2026-08-15T21:28:42+00:00,0.14934844364012992,0.4113503032260471,0.12665377456753973,0.1353480845305418,0.49516369047619047,36.05580706000001,0.8781275221953188,0.8479295474378771,0.1319556599482894,0.3578048590570688,0.8781275221953188,0.8479295474378771,0.8016359918200409,0.7800861245671282,0.1210963639896363,0.6971760732992375,0.6754586441447437,0.4117647058823529,0.3983602604292259,0.10475283471896546,0.7187417929135259,0.7060554167745066,0.6811912722957256,0.6488037109375,5.4102022699999
3269.6002026669994,27,41.803737900999295,1,0.0001,0.0001,2026-08-15T21:29:24+00:00,0.12348233269793647,0.3518256192642545,0.1127079398267799,0.11563534857261748,0.4076450892857143,36.38216960799946,0.8450673140587067,0.8109238166092398,0.17252498911693692,0.6085167415440083,0.8450673140587067,0.8109238166092398,0.6974595842956121,0.6691835484997394,0.17032633488997817,0.688630461445209,0.6647667864289006,0.5233644859813084,0.5141929941777227,0.26566541953070555,0.7004141651080549,0.6879370123978674,0.6737449661444401,0.6739501953125,5.406109071999708
3311.5242256559995,28,41.811238514999786,1,0.0001,0.0001,2026-08-15T21:30:06+00:00,0.1664366992929625,0.444387493152467,0.13957124818412084,0.13837954491406443,0.449187748015873,36.371546211999885,0.8754516471838469,0.8465506204793833,0.1432881746441126,0.37552714440971613,0.8754516471838469,0.8465506204793833,0.7822222222222223,0.7607880659160904,0.13477599225006998,0.6983912898020231,0.6774110130218233,0.4375,0.4248943526699961,0.09746297303354368,0.6954875339539657,0.6620184175513902,0.6430572368539125,0.739990234375,5.423603428999741
3353.350962259,29,41.70866910299992,1,0.0001,0.0001,2026-08-15T21:30:47+00:00,0.14498179583322435,0.40648049068829367,0.12985866782920702,0.13164002592084073,0.4355623759920635,36.26652704500066,0.8815936578920622,0.8525165264652533,0.1321371579542756,0.34010929241776466,0.8815936578920622,0.8525165264652533,0.8187372708757638,0.7989573723174926,0.12141095730476081,0.7334436429226087,0.7135755711739143,0.5,0.48925281473899696,0.08656118036014959,0.6939387187422561,0.6826857292751379,0.6692469760052933,0.71240234375,5.426278642999932
3394.7195438930003,30,41.25060355000005,1,0.0001,0.0001,2026-08-15T21:31:29+00:00,0.14545127589787757,0.41638940217949094,0.1269593509653258,0.14397877926332137,0.4835999503968254,35.89835063999999,0.8719222015311401,0.8411545651895429,0.14196760742925107,0.3632536749355495,0.8719222015311401,0.8411545651895429,0.7824175824175824,0.7606988227976744,0.13158723642118275,0.720528720253439,0.6995201988435588,0.5072463768115942,0.49670720854345896,0.08969883206555096,0.7107302163603052,0.7237728497276364,0.7121108283026505,0.5726318359375,5.336749759000668
3437.119092752,31,42.19224764599949,1,0.0001,0.0001,2026-08-15T21:32:11+00:00,0.1235197043962895,0.36313000321388245,0.11435652949980327,0.12525376868951651,0.44463045634920634,36.80972877300064,0.8774596564289433,0.8482574357584658,0.13626931863836944,0.35365245025604963,0.8774596564289433,0.8482574357584658,0.8034557235421166,0.783408775452772,0.12713671452365816,0.7223421636940569,0.7022090366106752,0.4861111111111111,0.47496089862078783,0.0902464163455079,0.7065652124308953,0.6771132833189,0.6540555492431522,0.711669921875,5.366576702999737
3479.3821529239995,32,42.14438186799998,1,0.0001,0.0001,2026-08-15T21:32:53+00:00,0.13843686713112724,0.37514138505572364,0.12246208661605441,0.11424243053983128,0.4283079117063492,36.66466733800007,0.8775074690567648,0.849235712872277,0.1469626920297742,0.3892326643690467,0.8775074690567648,0.849235712872277,0.7833698030634574,0.7616267343234149,0.1324645329732448,0.7317428057194633,0.7118129281879692,0.5343511450381679,0.5245763373682155,0.10980543965706602,0.6936065583931784,0.6720722037628732,0.660472685367745,0.7264404296875,5.460412546000043
3521.260395386,33,41.756932323,1,0.0001,0.0001,2026-08-15T21:33:35+00:00,0.13738435772912844,0.3623693734407425,0.1188185326163731,0.10616648503180061,0.41024925595238093,36.343328764000034,0.8851391355831854,0.8559228370543535,0.13228400354273617,0.36231690272688866,0.8851391355831854,0.8559228370543535,0.7943548387096774,0.7716681530502565,0.1272546066902578,0.701245466178429,0.6796062372157264,0.42424242424242425,0.4112277215425697,0.10277828953348944,0.6815148029609498,0.646350696677548,0.6142563836188711,0.8770751953125,5.397078916999817
3562.4714910799994,34,41.09815169900048,1,0.0001,0.0001,2026-08-15T21:34:17+00:00,0.13461443249668395,0.3570938666188528,0.11721014580319798,0.10526928769808913,0.46768043154761907,35.65807150799992,0.8807453416149068,0.8521196690132126,0.13777205627411604,0.36237357184290886,0.8807453416149068,0.8521196690132126,0.7974413646055437,0.776458782687097,0.12433363706804812,0.7402741217117264,0.7205562036949913,0.5426356589147286,0.5330901593846642,0.10026788420509547,0.6907392919503561,0.656525569822899,0.6447933806981616,0.743896484375,5.424526687999787
3604.555101692,35,41.97190856999987,1,0.0001,0.0001,2026-08-15T21:34:59+00:00,0.13615476541102878,0.34842406757294186,0.11624681795873339,0.09602248529711413,0.39915054563492064,36.545284406000064,0.8786654232721998,0.8495747395722986,0.1401360840536654,0.4199036145582795,0.8786654232721998,0.8495747395722986,0.7933194154488518,0.7713782465714373,0.13035518792457879,0.7381192400256612,0.7180376897679396,0.5423728813559322,0.5331600831600831,0.14941234021125638,0.6985215788437975,0.6773989063295214,0.6634022929963945,0.7081298828125,5.408499644000585
3646.5571667739996,36,41.88382002900016,1,0.0001,0.0001,2026-08-15T21:35:41+00:00,0.14267773802081743,0.3673783243885116,0.12641822907423217,0.09828235519429047,0.4184182787698413,36.59516273400004,0.8600542005420054,0.8284370140037649,0.15852205199189484,0.622004552744329,0.8600542005420054,0.8284370140037649,0.7477477477477478,0.7233524800662117,0.1615352041553706,0.7077552886051754,0.6861352238744528,0.5154639175257731,0.5066161775533817,0.30194729119966723,0.7174166806351032,0.7019990634262792,0.6836260482534082,0.6424560546875,5.272369021000486
3688.2844505819994,37,41.60505755199938,1,0.0001,0.0001,2026-08-15T21:36:22+00:00,0.13539014390063664,0.35744067860974205,0.11254088077989835,0.10950965251189672,0.40716455853174605,36.20381593899947,0.8911433499036218,0.8643517008623158,0.1315556864719838,0.34154843632131815,0.8911433499036218,0.8643517008623158,0.7911111111111111,0.7705518183276786,0.11957262689247727,0.7152768733183766,0.695554479268825,0.46357615894039733,0.45175991861648024,0.09042012400459498,0.7304810660024098,0.7358242076295309,0.7245846248914485,0.5504150390625,5.386020062999705
3729.954229987,38,41.46201850899979,1,0.0001,0.0001,2026-08-15T21:37:04+00:00,0.12452340912487772,0.3094268306380227,0.1020864670475324,0.08281695391494959,0.3650018601190476,35.98776413900032,0.8695463895204071,0.8400211913422165,0.15685170399956405,0.5273423567414284,0.8695463895204071,0.8400211913422165,0.759090909090909,0.7360731614337692,0.14476517355069518,0.7110472677052736,0.6902980562328911,0.5045045045045045,0.4947998159226875,0.22572548185053165,0.7158840063930701,0.7069693142918987,0.679722578689202,0.6817626953125,5.4592006949997085
3772.751522499,39,42.67783697199957,1,0.0001,0.0001,2026-08-15T21:37:47+00:00,0.11149813574812716,0.3072099120370925,0.09440921959541147,0.10130255768400809,0.4009331597222222,37.250700116999724,0.8780638516992791,0.8486041842681744,0.14001099322922528,0.39528074441477656,0.8780638516992791,0.8486041842681744,0.7913043478260869,0.7701868479176541,0.12862037308514118,0.7446281095192081,0.7247858611326999,0.5645161290322581,0.5555665512122712,0.12664937210411154,0.7071421456817305,0.6909039204577034,0.6775594219071762,0.656005859375,5.411761170000318
3815.6561189039994,40,42.76201677999961,1,0.0001,0.0001,2026-08-15T21:38:30+00:00,0.13435981221615323,0.32874594758900383,0.11077913139311094,0.0836070016883905,0.39470176091269843,37.230579220000436,0.8878532473971245,0.8594880377069973,0.13252169848419726,0.33546777814626694,0.8878532473971245,0.8594880377069973,0.819327731092437,0.8002851872052957,0.11673237010836601,0.7333795749894781,0.7139267151091726,0.49295774647887325,0.48200692041522486,0.0862137102521956,0.698547603621983,0.6798565212543262,0.6762577105695586,0.6845703125,5.514573798999663
3857.662638883,41,41.889413185000194,1,0.0001,0.0001,2026-08-15T21:39:12+00:00,0.1327323912982903,0.338163046136735,0.11090010859900051,0.09453054606204941,0.3929811507936508,36.391078620999906,0.8776855988087641,0.8493348769535518,0.14936853549443185,0.6618087813258171,0.8776855988087641,0.8493348769535518,0.7782608695652173,0.7558235259125075,0.1394245584961027,0.7292871206636676,0.7095609028072051,0.5319148936170213,0.5235243055555556,0.37301568316343037,0.7061931456586392,0.6913621713658629,0.6812463121212908,0.6680908203125,5.483072588000141
3899.350399549,42,41.564502790000006,1,0.0001,0.0001,2026-08-15T21:39:53+00:00,0.1404539734893848,0.3474821357263459,0.11624302274532734,0.09078513940293638,0.3597005208333333,35.981771983000726,0.8866376253672373,0.8586888439599952,0.13021501037292182,0.3593809958547354,0.8866376253672373,0.8586888439599952,0.8312236286919831,0.8135213815113364,0.1131417432334274,0.7686988493922892,0.7507086800879583,0.5882352941176471,0.5799158147925436,0.11602423709246068,0.7080699686585273,0.6843111853322366,0.6710083011116683,0.72900390625,5.567760953000288
3941.9376189140003,43,42.464977509000164,1,0.0001,0.0001,2026-08-15T21:40:36+00:00,0.11968843254541593,0.29795957013728125,0.10051239899817914,0.07775873652408047,0.35151599702380953,36.93814211599965,0.8942677739517926,0.8681905390421882,0.12100257398560643,0.3312299973331392,0.8942677739517926,0.8681905390421882,0.7991169977924945,0.7791766965740268,0.1165533505845815,0.7231917493115878,0.7040387128634581,0.47619047619047616,0.46474890297415894,0.0936740767210722,0.6551680084665381,0.6308229708375768,0.5984711983823117,0.946533203125,5.51198631599982
3983.311452563,44,41.25227439500031,1,0.0001,0.0001,2026-08-15T21:41:17+00:00,0.1067910770338679,0.27409993301308344,0.0906790652800174,0.07662979021875395,0.3501519097222222,35.67023649899966,0.8914576802507836,0.8636158309278739,0.12808262882754207,0.3351371409371495,0.8914576802507836,0.8636158309278739,0.8170212765957446,0.7980190675572894,0.11128269601613283,0.7436223388493403,0.7246378189411957,0.5223880597014925,0.512278558338424,0.09577182052544231,0.7165142363726252,0.7167670832905035,0.6987648942073713,0.6285400390625,5.566863779000414
4024.3456248869998,45,40.913427647999924,1,0.0001,0.0001,2026-08-15T21:41:58+00:00,0.1213160879496071,0.30955319331278874,0.10121322647919731,0.08702387832223422,0.41576760912698413,35.340637700000116,0.8704515145742047,0.836161877897375,0.13485587784089148,0.32528506126254797,0.8704515145742047,0.836161877897375,0.8340425531914893,0.8168079915054485,0.1085874771233648,0.734831355921898,0.7140742280472735,0.5,0.48925281473899696,0.0818417044938542,0.7296584208751167,0.7417040897899501,0.7249871691567854,0.56494140625,5.557358533999832
4065.968401841,46,41.41078795700014,1,0.0001,0.0001,2026-08-15T21:42:40+00:00,0.1151494827594549,0.2866490770663534,0.09496284926694537,0.07653674579388092,0.34522259424603174,35.86800420700001,0.8910189622838092,0.8650721483512437,0.12845188193023205,0.35393472481518984,0.8910189622838092,0.8650721483512437,0.8237885462555066,0.8062482042042975,0.11356936302036047,0.7628593334475315,0.7454630251059537,0.5737704918032787,0.5650687227623199,0.11191348208740237,0.712656717989469,0.7041032566389951,0.6936500216465087,0.6383056640625,5.527098602000478
4108.855145064,47,42.77307695699983,1,0.0001,0.0001,2026-08-15T21:43:23+00:00,0.11711462170240425,0.2844150731014827,0.0980969097997461,0.06920354277457273,0.3332403273809524,37.2921302069999,0.8917520543775996,0.8651102188444464,0.12623581872321665,0.32318224478513,0.8917520543775996,0.8651102188444464,0.8225108225108225,0.8044551237937942,0.11102362745441496,0.753712625629474,0.7356704676835264,0.546875,0.5374460604123382,0.08592280276934616,0.7228315995881144,0.7150733453416886,0.7143139849354467,0.6004638671875,5.464036680999925
4151.231945764,48,42.252506582000024,1,0.0001,0.0001,2026-08-15T21:44:05+00:00,0.11265344193412198,0.2740315269856226,0.09454441611610707,0.06683366740536359,0.3355344742063492,36.701682647999405,0.8896789710341942,0.863535659091777,0.13545804377645254,0.3469758629798889,0.8896789710341942,0.863535659091777,0.8126410835214447,0.7945758542186423,0.11771737574599683,0.7402795243580526,0.7221371230982178,0.5185185185185185,0.508299855984234,0.09380044292629464,0.7013332613458328,0.6801967852108585,0.6637242911167225,0.7386474609375,5.533391553000001
4193.810037951,49,42.435786150999775,1,0.0001,0.0001,2026-08-15T21:44:48+00:00,0.1247924676253682,0.3001820607081292,0.10014749655411356,0.07524209595211441,0.3748139880952381,36.907398102000116,0.8899611874541068,0.8639900528368729,0.12898862618021667,0.4100941428914666,0.8899611874541068,0.8639900528368729,0.814317673378076,0.7962004525051642,0.11832043575122952,0.7504291359469101,0.7327043683832825,0.5470085470085471,0.5379225998078099,0.1627850843615306,0.7256287701939537,0.7206049684998466,0.7149730059054493,0.5712890625,5.5103383380001105
4235.561261758,50,41.63204394600052,1,0.0001,0.0001,2026-08-15T21:45:30+00:00,0.11864235133878769,0.2815096209210063,0.09796167301043632,0.06490559853790771,0.3616846478174603,36.094167277999986,0.8942220429565393,0.867996088061645,0.12301639746874571,0.32674235943704844,0.8942220429565393,0.867996088061645,0.8294736842105264,0.8115441175784918,0.1065742566715926,0.7597504275742071,0.741967947334591,0.5555555555555556,0.5463636363636364,0.09715170299750753,0.7491056146173689,0.7496339053277079,0.7240089348914425,0.55810546875,5.519945252999605
4292.193750502,1,41.83476795200022,2,0.0001,0.0001,2026-08-15T21:46:26+00:00,0.5172748373400781,1.8852949796184417,0.4486223870227414,0.9193977530925505,1.4841229838709677,34.70821995599999,0.0,0.0,0.5030562080004636,1.65354603879592,0.0,0.0,0.0,0.0,0.4445171102004893,0.0,0.0,0.0,0.0,0.7059727083234226,0.2,0.0973090584343096,0.0,1.5643382352941178,7.097846906999621
4333.6004335729995,2,41.18653289100075,2,0.0001,0.0001,2026-08-15T21:47:08+00:00,0.3901988743774353,1.3625627717664164,0.348098587605261,0.6242653133888398,1.3103578629032258,34.33477575100005,0.7857199523998414,0.7329639259253192,0.26164864091312184,0.9229349774472854,0.7857199523998414,0.7329639259253192,0.6887966804979253,0.6489825175202315,0.22281831064644983,0.5337819670634832,0.497910293557193,0.12682926829268293,0.11178443722602815,0.4384680307086776,0.4553893809687192,0.40831844962450975,0.350649889699843,1.2192095588235294,6.833551623999483
4375.326885064,3,41.50594589400043,2,0.0001,0.0001,2026-08-15T21:47:49+00:00,0.25861877611567896,0.8341004247626951,0.22554866524953995,0.3499329877236197,1.0768649193548387,34.69688372700057,0.8053328685953294,0.7637372767110588,0.24860706706257427,0.824380124316496,0.8053328685953294,0.7637372767110588,0.7242424242424242,0.693025159126279,0.1985563298358637,0.5470834732471023,0.518137051081968,0.1116751269035533,0.09764871740856584,0.37721671536564827,0.45851915940557253,0.3993193577650231,0.3452846082976109,1.1323529411764706,6.793357610999919
4417.626918393,4,42.180209282999385,2,0.0001,0.0001,2026-08-15T21:48:32+00:00,0.23690965459231408,0.7427700065797375,0.19742491192394687,0.3084354413853538,0.9800277217741935,35.355497302,0.8461851640745868,0.8096835118197445,0.22961850727305694,0.6829283062149497,0.8461851640745868,0.8096835118197445,0.7823691460055097,0.7543855877967611,0.17386851569308953,0.6017945261242598,0.5756631651677683,0.17682926829268292,0.1629203958867993,0.27944128193399487,0.4470753718636705,0.3853861453845571,0.3183674218775573,1.2090992647058822,6.811988616000235
4459.3044962819995,5,41.55497387200012,2,0.0001,0.0001,2026-08-15T21:49:13+00:00,0.2273033865757527,0.6794843491046659,0.18182835607759415,0.2703526084341349,0.8900579637096774,34.741733587000454,0.6203065528237836,0.5622069718638567,0.42200885362484875,1.4384153222336489,0.6203065528237836,0.5622069718638567,0.518918918918919,0.47922461784403847,0.33128372097716613,0.4121042834611597,0.37551265756220625,0.0970873786407767,0.08510638297872353,0.6851227211094845,0.5475611697279937,0.5096237448894109,0.5028403399512353,1.0528492647058822,6.7929107710006065
4501.060789786,6,41.537615905000166,2,0.0001,0.0001,2026-08-15T21:49:55+00:00,0.22033672575508395,0.5958135978829476,0.17335508920011983,0.2021217804492241,0.8571698588709677,34.72574563499984,0.8576057022517415,0.8235563689002943,0.21281702137168715,0.6407465137103024,0.8576057022517415,0.8235563689002943,0.7852257181942545,0.7573802306076203,0.1701161076917368,0.6164123714653913,0.591384769985499,0.20640569395017794,0.1932177104485826,0.2578133827842334,0.5670648919761616,0.5449003523530432,0.5518685588447934,0.9061351102941176,6.796768921999501
4543.293911686,7,42.021465581000484,2,0.0001,0.0001,2026-08-15T21:50:37+00:00,0.2016974172044185,0.5618424768890103,0.15805212612594327,0.20209293494061117,0.8001512096774194,35.220636969000225,0.7587711325213597,0.7108564612759611,0.313117417780792,0.8872088965247659,0.7587711325213597,0.7108564612759611,0.6397415185783522,0.6029004063971455,0.2659995943746146,0.5398888324178527,0.5074996298703501,0.22115384615384615,0.2087420219379439,0.30809189483304233,0.5543678158495762,0.5151915619314702,0.5081998633924422,1.0005744485294117,6.78597720200014
4584.998711552,8,41.578462035000484,2,0.0001,0.0001,2026-08-15T21:51:19+00:00,0.19701065687883285,0.5580418900616707,0.16028567355486653,0.20074556028890994,0.7870463709677419,34.726543264999236,0.7701852184858838,0.723642623771016,0.2950833851800245,0.8221367615110734,0.7701852184858838,0.723642623771016,0.6351791530944625,0.5983889761614449,0.26735244647544976,0.5459098389361873,0.5139625940539053,0.23236514522821577,0.21985618222925507,0.25970093434786096,0.5213278268754171,0.46842569301592407,0.4450544581674388,1.2136948529411764,6.83742820399948
4625.735599738,9,40.61768283299989,2,0.0001,0.0001,2026-08-15T21:52:00+00:00,0.19570724569982098,0.5465587170854691,0.15930317528545856,0.19154829616027494,0.8016633064516129,33.81385046200012,0.7854372355430184,0.7404704366484272,0.29148256252793703,0.8126807747518315,0.7854372355430184,0.7404704366484272,0.6187290969899666,0.5820615568249639,0.256792324649937,0.546658064264998,0.5153258998397722,0.23580786026200873,0.22344570604592529,0.26440588384866714,0.5378154838250031,0.48525854557933157,0.4731902469644629,1.2026654411764706,6.7891209689996685
4666.849185902,10,40.99765124100031,2,0.0001,0.0001,2026-08-15T21:52:41+00:00,0.1806010250602999,0.5576987578984229,0.1566207195602117,0.22047701507296052,0.7951738911290323,34.2724933720001,0.8699142205083812,0.8375316708230536,0.18168652145301595,0.5983899275169653,0.8699142205083812,0.8375316708230536,0.7558823529411764,0.7270436637535449,0.16368859239360867,0.6063000072418065,0.5814070179746982,0.19310344827586207,0.17964571934749607,0.253014812245965,0.6036325069567697,0.5651783567346262,0.5901266063046544,0.8738511029411765,6.710233583000445
4708.336351077,11,41.25689065200004,2,0.0001,0.0001,2026-08-15T21:53:22+00:00,0.16327752791825803,0.4919676439416024,0.1443074586530847,0.18438266031444073,0.7638293850806451,34.46133006999935,0.7507540444200713,0.701746129525281,0.32377928999416966,1.0097365537110496,0.7507540444200713,0.701746129525281,0.6063651591289783,0.5686262519743727,0.29245343431830406,0.5173081327847481,0.48436192038275694,0.19480519480519481,0.1827133796486171,0.3935038217562525,0.5529295655474689,0.5188239760787317,0.49298644570939465,1.074563419117647,6.779109337000591
4750.703791913,12,42.24981354600004,2,0.0001,0.0001,2026-08-15T21:54:05+00:00,0.1694960201219205,0.5158047000727346,0.14659820064421622,0.19971047452981433,0.740234375,35.43303475999983,0.8337361446787233,0.7956136793219715,0.22376187145709991,0.7083102587391349,0.8337361446787233,0.7956136793219715,0.7492795389048992,0.7188320776448172,0.18680689571534886,0.631567998423978,0.6052658389963311,0.3116883116883117,0.3013517600222049,0.29774149022448587,0.5585295032006425,0.5497550875585862,0.5320998491224778,1.0863970588235294,6.801634276000186
4792.542281881,13,41.7186641240005,2,0.0001,0.0001,2026-08-15T21:54:47+00:00,0.16285594666917477,0.4844779727920409,0.14031499804508302,0.18130702970008697,0.7749810987903226,34.87515516999974,0.8310540360240161,0.7923508082572688,0.21407882913070567,0.7485012280590394,0.8310540360240161,0.7923508082572688,0.7365356622998545,0.7049722307882236,0.1817691518979914,0.5874649643763551,0.5600121395647032,0.19480519480519481,0.1827133796486171,0.3526532422915539,0.5834683680838124,0.5711715049389375,0.5367170609710947,1.0013786764705883,6.828889758000514
4834.498098927,14,41.735270700999536,2,0.0001,0.0001,2026-08-15T21:55:29+00:00,0.15913691053227072,0.49050018191337585,0.13972499011264694,0.1916382811182449,0.693327872983871,34.91526296000029,0.8577586206896551,0.8230348993999653,0.18202621358282425,0.6095885608126136,0.8577586206896551,0.8230348993999653,0.7551020408163265,0.7258207794712299,0.17192076278083465,0.6126952955770689,0.5872019277187438,0.22522522522522523,0.21275010428503616,0.25564158324371367,0.6403692831465863,0.6267793948478584,0.6212637512905473,0.75390625,6.807634112999949
4875.915580561,15,41.19133855100063,2,0.0001,0.0001,2026-08-15T21:56:10+00:00,0.17333697173143586,0.4958451801250058,0.15146123269392597,0.17104697335631616,0.6597152217741935,34.36792419199992,0.7704335465529495,0.7229586988073187,0.29716728277066173,1.0566763588610817,0.7704335465529495,0.7229586988073187,0.6047297297297297,0.5674299604022978,0.28704121029552293,0.5163587732536467,0.48407823689327695,0.17391304347826086,0.16184605147021436,0.4724678525372463,0.6544862822040863,0.6455962043248415,0.6220340743342057,0.7640165441176471,6.811255911000444
4918.286641701,16,42.15911586399943,2,0.0001,0.0001,2026-08-15T21:56:52+00:00,0.15877426998509514,0.45117009503226124,0.13463049946773437,0.15776532593994372,0.6180695564516129,35.35485913699995,0.7740734172725661,0.7271940952651069,0.29335791069795103,0.9634116782861597,0.7740734172725661,0.7271940952651069,0.5979381443298969,0.561235866334475,0.27073992788791656,0.5151149649785988,0.48314232680319086,0.17333333333333334,0.1609970188099905,0.39931384112466783,0.6712356712448221,0.6532941219373044,0.6377500010785908,0.7261029411764706,6.790878206999878
4959.734783751,17,41.23319455699948,2,0.0001,0.0001,2026-08-15T21:57:34+00:00,0.17395314682395227,0.5317463463833255,0.1547782542484422,0.2030149447701631,0.6154863911290323,34.42924801400022,0.8263453008619969,0.786780052601821,0.20852675464223414,0.7742353072937798,0.8263453008619969,0.786780052601821,0.7359050445103857,0.7050899419547927,0.19639505643178434,0.5869078759383769,0.5596012983547493,0.1984732824427481,0.18693390050763392,0.3693134872968692,0.6878028893854113,0.6803303119851408,0.6676970720471131,0.6829044117647058,6.788779342000453
5001.391121226,18,41.43533539099917,2,0.0001,0.0001,2026-08-15T21:58:15+00:00,0.1549776520339712,0.4577402551808665,0.14173421173566772,0.16102838965373173,0.5789125504032258,34.737242879000405,0.8260723860589813,0.7865107908030802,0.21395844133461223,0.6657596787109095,0.8260723860589813,0.7865107908030802,0.6699029126213593,0.6362393330987195,0.2132726024617167,0.5898865030688855,0.5616800277598887,0.2736842105263158,0.2622899593778665,0.2385286258204895,0.6787941305823735,0.670407452748974,0.6538042171431243,0.703125,6.684427461999803
5043.004480998,19,41.46211426300033,2,0.0001,0.0001,2026-08-15T21:58:57+00:00,0.1590583350269064,0.4505653052080062,0.1351781336650733,0.15632883915978094,0.5200352822580645,34.634765161999894,0.8019538949352987,0.7584722274208282,0.24804472923278809,0.8082084077246049,0.8019538949352987,0.7584722274208282,0.657051282051282,0.6215004179932766,0.23819166465717204,0.5655891382496062,0.5354984856410374,0.23776223776223776,0.22652281150900744,0.32197200632928047,0.6586066169536189,0.6504945813537371,0.6423142293931862,0.7875689338235294,6.814668662999793
5084.355245489,20,41.22813770599987,2,0.0001,0.0001,2026-08-15T21:59:38+00:00,0.1413916286321417,0.42150687041782564,0.13094971340990835,0.1491655270914517,0.5300686743951613,34.41444791200047,0.7749643366619116,0.7287122787249406,0.3007344759124167,1.2067440827103222,0.7749643366619116,0.7287122787249406,0.6218487394957983,0.5858213747294057,0.26862722394220967,0.5251281682430462,0.49395245759018547,0.17857142857142858,0.16732371931621015,0.6373823614489725,0.6718550223888854,0.6693521205280956,0.6656370705572691,0.7202435661764706,6.801769138000054
5125.813219635,21,41.32676770099988,2,0.0001,0.0001,2026-08-15T22:00:20+00:00,0.13523586202533014,0.4070598932523881,0.12821698363029188,0.14360704717616882,0.5428742439516129,34.521543587999986,0.8304555171846736,0.7907893375913146,0.20055138955221458,0.6974147961420172,0.8304555171846736,0.7907893375913146,0.6793650793650794,0.645596839967094,0.2014994410907521,0.6009380757076671,0.5729049119749201,0.2929936305732484,0.2823285583663516,0.29536396423902583,0.7037812941079122,0.7076648021061761,0.6990935960611363,0.6239659926470589,6.7910936369999035
5168.011761612,22,41.985047772000144,2,0.0001,0.0001,2026-08-15T22:01:02+00:00,0.153704936946592,0.45973990881635296,0.1382111033965503,0.1678238689238506,0.537077872983871,35.18251282700021,0.861123870770173,0.8252670441104459,0.1535226870328188,0.5445190970511997,0.861123870770173,0.8252670441104459,0.7314112291350531,0.7010734973637589,0.1589320620850605,0.6270649645732197,0.60126630664006,0.28865979381443296,0.2774583784459751,0.23206434037317247,0.7068784331284519,0.7056801337654838,0.6975905154922066,0.6233915441176471,6.7882563620005385
5209.003538049,23,40.87033916599921,2,0.0001,0.0001,2026-08-15T22:01:43+00:00,0.13911120869940327,0.407014635782088,0.12205780760174798,0.14584562278562976,0.4674426663306452,34.100776468999356,0.7685550376479025,0.7214293694348297,0.310850363882149,1.4044515735962813,0.7685550376479025,0.7214293694348297,0.62751677852349,0.591917422670407,0.27717724420568524,0.5278572720571307,0.49679251871091495,0.1875,0.17703076402750795,0.8164239393218475,0.672974709690493,0.6720019934269896,0.6523951013346967,0.6911764705882353,6.754928938000376
5250.901205209,24,41.76677125399965,2,0.0001,0.0001,2026-08-15T22:02:25+00:00,0.14691262884486106,0.4255833051377727,0.12981033108888135,0.14886034697654746,0.5172946068548387,35.07932618199993,0.7910214024708544,0.7462520054143873,0.25602057685746865,1.0628969283664929,0.7910214024708544,0.7462520054143873,0.5947826086956521,0.5586874301340117,0.26034101756180034,0.5266112873042584,0.4957636683830052,0.19402985074626866,0.1823515696006166,0.546535328578423,0.6891643698839603,0.6871087276252738,0.6765002310078623,0.6938189338235294,6.672549960999277
5292.727904141,25,41.7019947889994,2,0.0001,0.0001,2026-08-15T22:03:07+00:00,0.1340565653818269,0.4126512910569868,0.12294639875331233,0.15564832737248752,0.4849735383064516,35.049815004000266,0.8349848497256572,0.7961496606823538,0.19342291245565696,0.8027195588630789,0.8349848497256572,0.7961496606823538,0.703875968992248,0.6714981119959873,0.1991709372138276,0.5836606769463725,0.5561337682868149,0.21212121212121213,0.20075353218210368,0.41012570446850183,0.704393061449625,0.7058896337750844,0.7006478333102926,0.6494715073529411,6.6375728889997845
5333.642364484,26,40.79431145400031,2,0.0001,0.0001,2026-08-15T22:03:48+00:00,0.13139540636010708,0.40364426638810863,0.11940846159573525,0.1528403978013704,0.46134702620967744,33.991731031999734,0.7859351532820921,0.7412406130247213,0.27316010305110144,1.2053353400791393,0.7859351532820921,0.7412406130247213,0.6020761245674741,0.5662517216936962,0.2689233836443985,0.5342957703024726,0.5037781522976855,0.21487603305785125,0.20384212217463904,0.6632518582593869,0.7165145719215895,0.7169329962952775,0.7205721238889349,0.6132238051470589,6.7881868759996
5375.364664078001,27,41.48878129900004,2,0.0001,0.0001,2026-08-15T22:04:29+00:00,0.13207374417012738,0.4178829450280436,0.12175454854244186,0.16405465198500502,0.4105342741935484,34.685805441999946,0.7978868438991138,0.7531063517124863,0.2354834261624252,0.8806838445803699,0.7978868438991138,0.7531063517124863,0.6310517529215359,0.5954592992552588,0.23493077058125944,0.5439457158484292,0.5132735376375629,0.2028985507246377,0.19125496194494374,0.4102696635048179,0.7227631728310462,0.7340869037794219,0.7396308992533062,0.5789866727941176,6.788197621999643
5416.590143465999,28,40.99641427300048,2,0.0001,0.0001,2026-08-15T22:05:11+00:00,0.13452465519789727,0.3975889901480367,0.11799649149179459,0.145067841926169,0.4834929435483871,34.18620815199938,0.7991394148020654,0.7553369189154312,0.2349880403455566,0.8581860749160543,0.7991394148020654,0.7553369189154312,0.5923344947735192,0.5561513902234896,0.25239166814614744,0.5300498020881088,0.4993954691999538,0.1986754966887417,0.18669809846094054,0.3708063444013105,0.7047795500746081,0.7030024132095416,0.6864485412631716,0.6610753676470589,6.795323461999942
5457.869488722999,29,41.15775488299914,2,0.0001,0.0001,2026-08-15T22:05:52+00:00,0.1309283936937009,0.37724303069614595,0.11600122294358668,0.1303134144193703,0.4785313760080645,34.33460530400043,0.8612970228479114,0.8257090946951342,0.1522885640973554,0.5528193550074801,0.8612970228479114,0.8257090946951342,0.7466666666666667,0.7170455360940862,0.15454110897639217,0.6484878965048594,0.6234059442674309,0.3375,0.3274632020130722,0.24598966610124884,0.7123280117009163,0.7005737463887142,0.6749367878582443,0.7093290441176471,6.80820230000063
5499.395458564,30,41.40064540599997,2,0.0001,0.0001,2026-08-15T22:06:33+00:00,0.12077140597806822,0.3530083039114552,0.10753548986488773,0.1247014088946725,0.4732547883064516,34.58299277400147,0.8365650969529086,0.7978125258729243,0.18945340527331128,0.7045139740495121,0.8365650969529086,0.7978125258729243,0.6699186991869919,0.6365376586341902,0.1932369764236843,0.5666773944122249,0.538589827682932,0.1935483870967742,0.18141929854168126,0.3218236023779301,0.7030529136472972,0.7162113353734936,0.715383987588612,0.5926011029411765,6.802572229000361
5541.329202806999,31,41.79683445000046,2,0.0001,0.0001,2026-08-15T22:07:15+00:00,0.12857476008995886,0.3831762469583942,0.11238074591082911,0.1422207433610193,0.42244203629032256,34.990253789001144,0.799483870967742,0.7557261462557805,0.22865490768762195,0.9104574296404334,0.799483870967742,0.7557261462557805,0.6,0.5650117636337038,0.22733913668814829,0.5336409066295351,0.503496397795919,0.2014388489208633,0.18975128349827275,0.45446337748538046,0.7384336569432166,0.7407749656485475,0.7350946984026974,0.5927159926470589,6.791947067000365
5583.573324413999,32,42.0237021690009,2,0.0001,0.0001,2026-08-15T22:07:58+00:00,0.12704756994160912,0.3664805586299589,0.11645542079162213,0.12297756666497837,0.46782069052419356,35.215077537999605,0.8187633262260128,0.7716462439459264,0.183822260621716,0.8842753373524722,0.8187633262260128,0.7716462439459264,0.7250755287009063,0.6938139337172441,0.1745469513184884,0.5957723719321614,0.5661612553135038,0.24347826086956523,0.23302358827734104,0.5259061282319154,0.7105350857465196,0.7143532046373551,0.7020479608609271,0.6462545955882353,6.793217357000685
5625.262493634,33,41.563903980999385,2,0.0001,0.0001,2026-08-15T22:08:39+00:00,0.13115032762289047,0.3978052890348819,0.1136170063287981,0.1530379555338333,0.4542275705645161,34.766141809001056,0.8046360376886517,0.7598751507160324,0.2100797273656901,0.8137196267352385,0.8046360376886517,0.7598751507160324,0.6512396694214876,0.6169768760603844,0.22042616807362614,0.5652919023700465,0.5353539781404456,0.24,0.22920990764492,0.3832137143129812,0.726769385315438,0.7177274422757153,0.7043285025967857,0.6349954044117647,6.782915781999691
5666.683361994001,34,41.290720988999965,2,0.0001,0.0001,2026-08-15T22:09:21+00:00,0.13525833556007955,0.38697395762128217,0.11220781228715374,0.13950781055515812,0.4356728830645161,34.57146068700058,0.792825266048747,0.7474454862221529,0.22236430447767763,1.1451305387651218,0.792825266048747,0.7474454862221529,0.63,0.5941960715828561,0.21580963625627406,0.5542750886829156,0.5238923420831851,0.24,0.23003546844454636,0.7069565904025427,0.7270089230164493,0.7254031283807252,0.7130844074040876,0.6060431985294118,6.7046956720005255
5707.548649275001,35,40.744384288998845,2,0.0001,0.0001,2026-08-15T22:10:02+00:00,0.11641073899884377,0.3199101176954085,0.10199306929303754,0.10150631136897456,0.4171811995967742,33.97248468900034,0.7771042604780048,0.7289845177470353,0.24718849207548535,1.0496983729741152,0.7771042604780048,0.7289845177470353,0.5693950177935944,0.5328570769928876,0.25424517976010547,0.5216622244098609,0.48980161049177945,0.2184873949579832,0.20756323673541532,0.5482646882164237,0.6645228008921323,0.6691274521581926,0.6839744638818918,0.6903722426470589,6.757007214000623
5749.943085237001,36,42.26810993899926,2,0.0001,0.0001,2026-08-15T22:10:44+00:00,0.12681072559808532,0.34653490204964915,0.1126274261623621,0.10709674835144993,0.4109753024193548,35.48610344299959,0.841019227763014,0.8010774539418397,0.16632560432395516,0.7633103829096345,0.841019227763014,0.8010774539418397,0.7432835820895523,0.7135811669349589,0.1615544369115549,0.6009300682701831,0.5740739525374047,0.2184873949579832,0.20756323673541532,0.4354303374831729,0.7164324743466663,0.7219090267158953,0.7237342112547515,0.580078125,6.766249647998848
5792.1133558189995,37,42.04892890799965,2,0.0001,0.0001,2026-08-15T22:11:26+00:00,0.12755632712956397,0.3472556041613702,0.10961267003609289,0.11008660732618263,0.42389112903225806,35.23499526699925,0.8540472638768941,0.8175985694969932,0.16187493809882333,0.5740136784665725,0.8540472638768941,0.8175985694969932,0.728110599078341,0.6979570779360771,0.16066529777120142,0.6481913234459284,0.6228242158923664,0.3624161073825503,0.3529170002440287,0.25147344673271566,0.730084697699378,0.7384177296817012,0.7440894342937578,0.5582490808823529,6.798024045998318
5833.737160477,38,41.490381304998664,2,0.0001,0.0001,2026-08-15T22:12:08+00:00,0.11966809140698563,0.3462897243518983,0.10679015258867894,0.11983147975960522,0.4767672631048387,34.68474155700096,0.8086513994910941,0.765948475964105,0.20670334808528423,0.9982197100625319,0.8086513994910941,0.765948475964105,0.6524590163934426,0.6178106933960019,0.20076560305760188,0.5672837188750924,0.538079943799494,0.24074074074074073,0.23048066203837514,0.590750747202786,0.6940467736110986,0.7019703943819465,0.7251769845076563,0.6206341911764706,6.791375455999514
5876.139015792,39,42.277535477998754,2,0.0001,0.0001,2026-08-15T22:12:50+00:00,0.12992380000650883,0.3474246571140905,0.10980062601306746,0.10770023175545278,0.44425718245967744,35.48384236499987,0.8451816745655608,0.8068366014721304,0.17026918107534156,0.6709412283757153,0.8451816745655608,0.8068366014721304,0.7610619469026548,0.7329502479417622,0.1593706752447521,0.6247002547751195,0.5992062867029252,0.26785714285714285,0.25783201069488293,0.3413013878607136,0.7114679190970371,0.7185573053689476,0.7161723008256702,0.6130514705882353,6.777679155000442
5917.910495714999,40,41.63269070499882,2,0.0001,0.0001,2026-08-15T22:13:32+00:00,0.11436367052937707,0.32291229778239805,0.1016895875575081,0.10685904006447433,0.375,34.89329611500034,0.8426356589147287,0.8026630386868807,0.16579851639621399,0.5491289974135511,0.8426356589147287,0.8026630386868807,0.72,0.6890195311912674,0.1499820460072335,0.6364341085271318,0.6095331895383587,0.3466666666666667,0.33691699873692793,0.23334843810538158,0.7029415543784973,0.723224472201589,0.7310155995111576,0.6067325367647058,6.724984365999262
5959.3741153539995,41,41.33029592999992,2,0.0001,0.0001,2026-08-15T22:14:13+00:00,0.1118756826786745,0.30342580089646,0.09718398221077458,0.09436613426453644,0.37931577620967744,34.658444620999944,0.8188150454806196,0.7762152981130483,0.19932291437597835,0.9901941611486322,0.8188150454806196,0.7762152981130483,0.6953748006379585,0.6635436307893988,0.19374591331271565,0.5913966153728594,0.5633522072872036,0.26,0.2502976929591635,0.5971253200790242,0.7203346120032889,0.7270235785264495,0.7277719092608764,0.6037454044117647,6.657146689000001
6000.734775949,42,41.2262069039989,2,0.0001,0.0001,2026-08-15T22:14:55+00:00,0.11530203252069411,0.30238488280484754,0.09637280637698789,0.09071004585993866,0.3724168346774194,34.50256050399912,0.8062027960790615,0.7593272337058474,0.19884958676993847,0.8201715060893227,0.8062027960790615,0.7593272337058474,0.6501650165016502,0.6156943529771006,0.2032486662706908,0.5695400216109879,0.5390225666658311,0.25225225225225223,0.24204611331454517,0.4180732477569323,0.7269329234580673,0.7350306413245982,0.7236732036176756,0.6359145220588235,6.708253966000484
6042.736057189,43,41.87669328100128,2,0.0001,0.0001,2026-08-15T22:15:37+00:00,0.11513330213605397,0.35359828498574997,0.10392707159682628,0.13453791078075394,0.43069556451612906,35.16228628099998,0.8051449093794371,0.7606135320975924,0.2134288288652897,0.9054309611811358,0.8051449093794371,0.7606135320975924,0.6511627906976745,0.6172001567358611,0.20538613726111019,0.5631058029383252,0.5335486642180299,0.23300970873786409,0.22283230382063612,0.48661600486101475,0.7182944710725232,0.7112288324180519,0.6861916241783985,0.701171875,6.6991070290005155
6084.693188936,44,41.83504392899886,2,0.0001,0.0001,2026-08-15T22:16:19+00:00,0.11896221934547348,0.33128652733660513,0.10407305274519228,0.10825125323308091,0.38092237903225806,35.07261171800019,0.8657235796958923,0.8305201284012311,0.14655420282746062,0.5048990674755153,0.8657235796958923,0.8305201284012311,0.7943262411347518,0.7688313354062474,0.1350176072515109,0.6644610513879924,0.6410219970128298,0.3333333333333333,0.3237145272310108,0.2233272624640342,0.7284900978643721,0.7345439329252982,0.7434403019853906,0.5707720588235294,6.747367116000532
6126.226066371999,45,41.40708724999968,2,0.0001,0.0001,2026-08-15T22:17:00+00:00,0.11405144782075959,0.29749700943789176,0.09657138381754199,0.08687417733299005,0.3582094254032258,34.63894084899948,0.838567222767419,0.80049780740215,0.18133503330104492,0.7538143168477451,0.838567222767419,0.80049780740215,0.7149606299212599,0.684553965873627,0.17716780348735697,0.6011759508962263,0.5750206056060693,0.25,0.24001004354243094,0.3953114823602578,0.7389873890496713,0.7420676418851593,0.7436704755287151,0.5805376838235294,6.752803981999023
6166.969969256999,46,40.511890047000634,2,0.0001,0.0001,2026-08-15T22:17:41+00:00,0.1053900123543797,0.29831310517845616,0.09433021798970238,0.09859287424103147,0.40843939012096775,33.75986416100022,0.8323284992667427,0.7925713749982444,0.18672742048168883,1.020899310708046,0.8323284992667427,0.7925713749982444,0.7084639498432602,0.6771291348170195,0.18228073987890692,0.6167720862112708,0.5902947204461874,0.30952380952380953,0.3011836515232983,0.6518911620780059,0.7137463248201781,0.7297921020139245,0.7363336657178989,0.6062729779411765,6.737240201999157
6208.400613956999,47,41.30791585600127,2,0.0001,0.0001,2026-08-15T22:18:22+00:00,0.11263971340151564,0.2889616523058184,0.09493545641101175,0.08138648271861096,0.3679750504032258,34.521041693998995,0.8587502812992274,0.8213237008802446,0.15255573227563324,0.45182517433867736,0.8587502812992274,0.8213237008802446,0.7603550295857988,0.7322761852924435,0.13608438664061182,0.6758520050367928,0.6511146244124325,0.4084507042253521,0.39974398706460945,0.1631850593120736,0.7285399136918318,0.7374483838277964,0.738851283045247,0.5883501838235294,6.7722377219997725
6250.764702102,48,42.235782065999956,2,0.0001,0.0001,2026-08-15T22:19:05+00:00,0.1257282393053174,0.3165044627122341,0.09814541654721383,0.09263080655927619,0.3517672631048387,35.49616746599895,0.8490807354116706,0.81231247738616,0.174275324186858,0.9204070620677051,0.8490807354116706,0.81231247738616,0.7503782148260212,0.7220566421490517,0.16677570058142438,0.6327698416501119,0.6081982461443599,0.2988505747126437,0.29022561889786813,0.5793560200973469,0.7170321743355894,0.7276774759441997,0.7392586136493501,0.6445886948529411,6.70950366499892
6292.729816273,49,41.81785108499935,2,0.0001,0.0001,2026-08-15T22:19:47+00:00,0.11719382277900173,0.310406192416145,0.10083153200966696,0.0923808362304924,0.3521452872983871,35.155900123998435,0.8717160629345042,0.8366813153359384,0.13945998087087097,0.44793060641078386,0.8717160629345042,0.8366813153359384,0.8222523744911805,0.7989826693067626,0.12032799028298434,0.7313228124752283,0.7095779741703697,0.5,0.49306993786840847,0.1881426325725282,0.7449078164278552,0.7478954461738199,0.7469140084569212,0.5883501838235294,6.646817341999849
6333.876133487,50,40.93029645199931,2,0.0001,0.0001,2026-08-15T22:20:28+00:00,0.11541983725563172,0.29515836183582583,0.0985090958495294,0.08122942859547273,0.3548544606854839,34.19285023699922,0.8485149921841694,0.8056944466506462,0.1627128764110453,0.48003730309360165,0.8485149921841694,0.8056944466506462,0.8086253369272237,0.7833726145980558,0.14219680428504944,0.6952372525609406,0.6698353037174404,0.42857142857142855,0.4204388499036189,0.17512761949397185,0.718236083908177,0.7260874351283182,0.7268443721920206,0.6572840073529411,6.721653930000684
6394.360483171,1,43.34308077800051,3,0.0001,0.0001,2026-08-15T22:21:28+00:00,0.4979709001687857,1.8856366854447586,0.432593964613401,0.9550718284570254,1.4639423076923077,37.120353636999425,0.005056513979773944,0.0033935145501517994,0.5879350794213158,1.689347769532885,0.005056513979773944,0.0033935145501517994,0.0,0.0,0.5049877070954868,0.0572410602154802,0.056298769282080406,0.16666666666666666,0.1655027932960894,0.596424977694239,0.2,0.09433328333583321,1.440689347265156e-06,1.5474330357142858,6.189686309000535
6437.177960493,2,42.58855008200044,3,0.0001,0.0001,2026-08-15T22:22:11+00:00,0.34678934124799876,1.2266931873101454,0.2973360559115043,0.5825678027593173,1.2525841346153845,36.68342731700068,0.7240103588605253,0.6492463243987746,0.4848979668957846,1.23212773672172,0.7240103588605253,0.6492463243987746,0.6162790697674418,0.5588062540206417,0.3489974300776209,0.4827991789120251,0.43634808581152545,0.10810810810810811,0.10099167901516015,0.3982323445379734,0.32241253831976957,0.27765609883742726,0.16867082820770174,1.5479910714285714,5.8834080420001555
6480.194376793999,3,42.79527095099911,3,0.0001,0.0001,2026-08-15T22:22:54+00:00,0.23715772193211776,0.8180045169133406,0.20891452523378226,0.37193226653795974,1.0373798076923078,36.95905743399999,0.722420597632024,0.6496997346909864,0.47398080996104647,1.2248335778713226,0.722420597632024,0.6496997346909864,0.6297376093294461,0.5746317810446067,0.3364479935594967,0.4928246654783848,0.4480187960520907,0.12631578947368421,0.11972487242067897,0.414404751067715,0.4218808697218794,0.3681997202141648,0.3109491589671223,1.3420758928571428,5.820338914998501
6524.5944373170005,4,44.17589740099902,3,0.0001,0.0001,2026-08-15T22:23:39+00:00,0.24366872585736787,0.7907607014362629,0.2080429141338055,0.33904906476919466,0.9537860576923077,38.36370315599925,0.8733675715333823,0.8228741697181083,0.2960729162607874,0.8050860783883503,0.8733675715333823,0.8228741697181083,0.8317460317460318,0.7904029122197402,0.1759490200451442,0.5885732212951583,0.5553993187609098,0.06060606060606061,0.052920874344880575,0.33306414421115604,0.48023040407844036,0.45230323624957575,0.41775100580797886,1.2056361607142858,5.795671881000089
6566.240627310999,5,41.40795267899921,3,0.0001,0.0001,2026-08-15T22:24:20+00:00,0.1908650373037045,0.603934829051678,0.16136753387176073,0.2517022569592182,0.84609375,35.677921291999155,0.8640845625936736,0.8152501116268931,0.3607693096356733,0.9442510668720517,0.8640845625936736,0.8152501116268931,0.8229665071770335,0.785707361992924,0.23353264587266104,0.5823703766102557,0.5511085659966387,0.06006006006006006,0.05236822437009914,0.34994911189590183,0.4834499540461715,0.45945450117630954,0.43332915757732404,1.2642299107142858,5.712969903001067
6609.882982220999,6,43.41758795199894,3,0.0001,0.0001,2026-08-15T22:25:04+00:00,0.19105417946210274,0.6229385169652792,0.16301086086493272,0.26887347830029634,0.8497596153846154,37.58319513100105,0.8766053323319565,0.8289646508506281,0.30803804259215084,0.8941253423690796,0.8766053323319565,0.8289646508506281,0.8338907469342252,0.7955188828214271,0.20072991879923002,0.5882322070905338,0.5569735733346125,0.05420054200542006,0.0464371863317824,0.38535737725240843,0.5213070997435609,0.5143184580650976,0.5159654832900507,1.0396205357142858,5.816452528999434
6652.239705444999,7,42.13856410900007,3,0.0001,0.0001,2026-08-15T22:25:46+00:00,0.1708935205753033,0.5583210802995242,0.15416322740224692,0.233264336677698,0.7830829326923077,36.313977247000366,0.7853011833793042,0.7224792718545041,0.5030032768845558,1.159043448311942,0.7853011833793042,0.7224792718545041,0.723055934515689,0.6759419438006372,0.34590320714882444,0.5325808642517761,0.49351830027763643,0.0893854748603352,0.08213368517776787,0.31013697545443264,0.5083889185058318,0.48784692647867367,0.47213538906136643,1.2064732142857142,5.80741604800096
6695.610079266,8,43.24555217799934,3,0.0001,0.0001,2026-08-15T22:26:30+00:00,0.1888391266648586,0.6104830510341204,0.16250606964413936,0.2591378557567413,0.7045673076923077,37.42605259099946,0.8704500978473582,0.8233563203903036,0.3094042310757296,0.7951335076774869,0.8704500978473582,0.8233563203903036,0.836405529953917,0.8001672240802675,0.20915105726037705,0.5993932762381724,0.5691775192724192,0.091324200913242,0.08400901334668665,0.2765782020453896,0.5334228882170813,0.5083759294987555,0.5000237533387104,1.1519252232142858,5.805799589999879
6739.986555983,9,44.23503838999932,3,0.0001,0.0001,2026-08-15T22:27:14+00:00,0.17908302889420435,0.5752888016975843,0.1553891596885828,0.24081661076499866,0.7955829326923077,38.4040339309995,0.8105635626132734,0.75191058711999,0.39601812618119375,1.001362383365631,0.8105635626132734,0.75191058711999,0.7576158940397351,0.7141279126768849,0.3278413414955139,0.5587625215870389,0.522343392937345,0.10810810810810811,0.10099167901516015,0.27750290078776224,0.5705298588347931,0.5438622214461797,0.5634113274025283,1.0193917410714286,5.814630861001206
6782.8790051,10,42.670175887998994,3,0.0001,0.0001,2026-08-15T22:27:57+00:00,0.16543545940747628,0.5446444804851825,0.14733385902184706,0.2318751627436051,0.6791466346153846,36.87721372300075,0.8738241467775791,0.8274831232358912,0.3102827849132674,0.8783831085477557,0.8738241467775791,0.8274831232358912,0.834326579261025,0.7992822229338231,0.23581630257623537,0.5902169086795347,0.5605344017946856,0.0625,0.054837859214342366,0.3322840120111193,0.564178479041746,0.566879276713428,0.5383251051292612,1.0054408482142858,5.777158880999195
6824.43160188,11,41.33021612399898,3,0.0001,0.0001,2026-08-15T22:28:39+00:00,0.17751230689195485,0.5459360076830937,0.16223521966200607,0.20618848135838141,0.6773137019230769,35.51772845400046,0.8828290193219103,0.8357153023992829,0.2276583212826933,0.663130617567471,0.8828290193219103,0.8357153023992829,0.8464818763326226,0.8090778977266424,0.17972255977136747,0.6055490467320058,0.574922225789923,0.08733624454148471,0.07997347724384374,0.25574973731168676,0.5704728586235146,0.5543421531928614,0.5334803867887004,1.0553850446428572,5.797038900000189
6868.667415286,12,44.102911099000266,3,0.0001,0.0001,2026-08-15T22:29:23+00:00,0.17161688552452967,0.5659061239315913,0.15973400313120623,0.23455523390036362,0.6573617788461539,38.21606535899991,0.8499092858320964,0.7996529221085124,0.3424796760082245,0.9158718351806913,0.8499092858320964,0.7996529221085124,0.7984886649874056,0.7592030527813811,0.2630058026739529,0.589870024010541,0.557701725389283,0.12121212121212122,0.11424920127795535,0.3103863591594355,0.608154180244761,0.5996774465986208,0.6026556591664938,0.9305245535714286,5.8688117019992205
6911.739877067999,13,42.849529319000794,3,0.0001,0.0001,2026-08-15T22:30:06+00:00,0.15842691831863842,0.5073231584750689,0.145802135937489,0.20309410897585062,0.5801682692307693,36.99665296300009,0.8791377983063895,0.8340999202434582,0.24051540158689022,0.7348258942365646,0.8791377983063895,0.8340999202434582,0.8325242718446602,0.797998481099488,0.2083790201161589,0.6009954236880972,0.5720358048965443,0.091324200913242,0.08400901334668665,0.28593146295419763,0.6122480133210523,0.596785882762612,0.6093976765658025,0.9553571428571429,5.837728789998437
6955.024728918999,14,43.149926828999014,3,0.0001,0.0001,2026-08-15T22:30:49+00:00,0.1472897599522884,0.4906097295192572,0.14272661564441827,0.2005933566735341,0.6301081730769231,37.29754255199987,0.8453931102686666,0.793568203193817,0.3100072331726551,0.8675568784986224,0.8453931102686666,0.793568203193817,0.7782101167315175,0.7369721777074122,0.26018456209983143,0.5740417981626229,0.5406109650270933,0.09852216748768473,0.09129251418005035,0.2973650840244123,0.6027031058394495,0.5910401397596977,0.6197821325261386,0.9425223214285714,5.8369091379991005
6998.496373100001,15,43.33336738899925,3,0.0001,0.0001,2026-08-15T22:31:33+00:00,0.16383466640344033,0.512643726513936,0.1565214513012996,0.1922876063734293,0.5383713942307692,37.48196846300016,0.8643053533883228,0.8174021677711297,0.2723239327647856,0.8061336023466927,0.8643053533883228,0.8174021677711297,0.8162762022194822,0.7792784137747228,0.22405722471220152,0.6016017193640923,0.5713254451779519,0.12422360248447205,0.11729575398800318,0.30975243635475636,0.6098665067008688,0.6038574488069521,0.6024688531575346,0.9211774553571429,5.835392282000612
7041.16058213,16,42.39586274700014,3,0.0001,0.0001,2026-08-15T22:32:15+00:00,0.12815996133364163,0.4124979794025421,0.12546919526962133,0.15886882110857048,0.4670222355769231,36.54245057799926,0.8225491029674348,0.7661363100116576,0.3915386859859739,1.060720933335168,0.8225491029674348,0.7661363100116576,0.7116736990154712,0.6654238283517369,0.33919900229998995,0.548240013183989,0.5116563479750976,0.11049723756906077,0.10340890556189852,0.3299832360020706,0.6288937041259219,0.6284426560439282,0.6619262785910733,0.8450055803571429,5.837579398999878
7084.278148216999,17,42.886146792001455,3,0.0001,0.0001,2026-08-15T22:32:58+00:00,0.14140494408515783,0.4466978859442931,0.1301741987466812,0.1751187454909086,0.48861177884615387,37.06173602799936,0.8802090690775534,0.8299966638841656,0.18802913863744056,0.6657760334866387,0.8802090690775534,0.8299966638841656,0.8642241379310345,0.8315508021390374,0.1626420659678323,0.612058775424881,0.5819934626325328,0.09174311926605505,0.08443292187439533,0.3151048331388405,0.6404974967918975,0.6303379984428172,0.6250301887294095,0.8918805803571429,5.808637575999455
7127.249579653,18,42.74237908400028,3,0.0001,0.0001,2026-08-15T22:33:41+00:00,0.16273987350555566,0.49153241973656875,0.14803828241733405,0.1807542626101237,0.48963341346153844,36.91635718300131,0.8759269169023775,0.8292203878145731,0.2237999223704849,0.7542849715266909,0.8759269169023775,0.8292203878145731,0.823238566131026,0.7877745418868487,0.1931765042245388,0.6007527555128527,0.5709707144977753,0.10309278350515463,0.09591721379190388,0.337308551051787,0.6520921678135899,0.6469534406851054,0.6568393438823589,0.8522600446428571,5.810381694000171
7169.958233957001,19,42.437879080998755,3,0.0001,0.0001,2026-08-15T22:34:24+00:00,0.13822193317688428,0.42859660937235905,0.13264615730597423,0.1577285181444425,0.4717848557692308,36.61236638599985,0.8064711480231854,0.7468117947611022,0.38205207591610296,1.0897889009543829,0.8064711480231854,0.7468117947611022,0.7142857142857143,0.6680691148237409,0.3167079325233187,0.5555807545895846,0.5180631995598711,0.145985401459854,0.13930868909477057,0.3910288808069059,0.6261977722200512,0.6246103869313202,0.6491794147596179,0.85546875,5.809712738999224
7211.712442059999,20,41.61961337000139,3,0.0001,0.0001,2026-08-15T22:35:06+00:00,0.11821830639472375,0.37915458243626815,0.12165529739398223,0.13928097744400686,0.4433143028846154,35.78927511100119,0.8553299492385786,0.8037830139436057,0.25436043712709633,0.8578401356935501,0.8553299492385786,0.8037830139436057,0.7596281540504648,0.7167003935899199,0.22644984030297824,0.5745512518209855,0.5406898482921721,0.10869565217391304,0.10158613734299071,0.37702986278704237,0.6149048609472951,0.6253345220323178,0.6358629379161514,0.8875558035714286,5.814383564998934
7254.6104460589995,21,42.74733414000002,3,0.0001,0.0001,2026-08-15T22:35:49+00:00,0.14702945179664173,0.46661838843272285,0.13669272237099134,0.1828962136633121,0.42007211538461536,36.98838125700058,0.7525782604727571,0.6837026675320104,0.516718151313918,1.3240464883191245,0.7525782604727571,0.6837026675320104,0.5786163522012578,0.5264667612964278,0.39727271773985456,0.48619438256862074,0.44355563016155797,0.12738853503184713,0.12049746165623565,0.41005561713661465,0.6001906028911723,0.605137919640959,0.6164635237397142,0.9481026785714286,5.742675352999868
7297.436734125,22,42.69335249600044,3,0.0001,0.0001,2026-08-15T22:36:32+00:00,0.12973433910654142,0.41345463463893306,0.12325882229667444,0.1604614734649658,0.40569411057692306,36.87007490900032,0.8676505406045301,0.8201316938489862,0.23647115007042885,0.7808890662022999,0.8676505406045301,0.8201316938489862,0.7744458930899609,0.7328711809436437,0.19227258222443716,0.5826388465048656,0.5505598660216315,0.10582010582010581,0.09867672327226473,0.35214532539248466,0.6262213319026144,0.6308785104266026,0.6269255332167962,0.9136439732142857,5.80694633100029
7341.071297205999,23,43.50064907699925,3,0.0001,0.0001,2026-08-15T22:37:15+00:00,0.14011028059400044,0.4405675787192125,0.134186753229453,0.16627054288983345,0.40618990384615383,37.70911463500124,0.8500282053348376,0.7979034767241333,0.2707018056618316,0.903376464332853,0.8500282053348376,0.7979034767241333,0.7744458930899609,0.7328711809436437,0.21427969953843526,0.5845021188297715,0.5509783026579526,0.12903225806451613,0.12216025030608069,0.4183949601969549,0.629674362596114,0.6235418683293321,0.6213409161832166,0.9538225446428571,5.773893202000181
7384.4751063740005,24,43.2449816999997,3,0.0001,0.0001,2026-08-15T22:37:59+00:00,0.13395325547227493,0.41088441014289856,0.13038994377622237,0.1465412109517134,0.4232872596153846,37.47051835000093,0.8488213050124709,0.7961431243851919,0.2682773021182844,0.8964257666042873,0.8488213050124709,0.7961431243851919,0.7724867724867724,0.7315728987097112,0.22553321240203722,0.5848804702775255,0.5514090426528507,0.13333333333333333,0.12651110486364914,0.4026152520839657,0.6383851366680972,0.6281922907854299,0.6276206564522209,0.953125,5.757264043999385
7427.692447920999,25,43.051318819998414,3,0.0001,0.0001,2026-08-15T22:38:42+00:00,0.12175510004162789,0.40760754828269663,0.11913899372403439,0.16671345245379668,0.40154747596153845,37.24099009400015,0.8822980251346499,0.8340083186824677,0.19532434163349016,0.662521841270583,0.8822980251346499,0.8340083186824677,0.8555176336746303,0.8229846446337865,0.15322807910186903,0.6173671243649982,0.5880782665606938,0.11428571428571428,0.10724183636582729,0.3139694266553436,0.6627238585384055,0.6531143081764796,0.6552181536835701,0.9006696428571429,5.794430867999836
7471.283919805001,26,43.365124056999775,3,0.0001,0.0001,2026-08-15T22:39:25+00:00,0.13764331862330437,0.40695468875078056,0.12476168773495235,0.1445496803865983,0.4008563701923077,37.58556772600059,0.8685353335965259,0.8213683006368067,0.24607799308640615,0.8038800422634397,0.8685353335965259,0.8213683006368067,0.7616511318242344,0.7192829349273946,0.20121232366987638,0.5777597496419716,0.545522816452035,0.10309278350515463,0.09591721379190388,0.35658973987613407,0.6472307325379968,0.6412902088749033,0.6338898216051458,0.9115513392857143,5.762737588000164
7515.020334053001,27,43.60693062300015,3,0.0001,0.0001,2026-08-15T22:40:09+00:00,0.1453593936104041,0.43511692468936625,0.13394032481771248,0.15581720465650925,0.3705078125,37.74496868799906,0.8412595357896445,0.7867022248736841,0.2630762311496905,0.8568947698388781,0.8412595357896445,0.7867022248736841,0.7381275440976933,0.6931270083093279,0.209966600473438,0.5666230025327271,0.5311132418453477,0.12048192771084337,0.1135104923530309,0.38385193661919664,0.6168430081879047,0.6268860166969913,0.6334822750673529,0.953125,5.845257824999862
7557.886629352,28,42.706204407999394,3,0.0001,0.0001,2026-08-15T22:40:52+00:00,0.12577936930152087,0.3870012776209758,0.12604097953209512,0.13518092973301044,0.40108173076923076,36.924150546999954,0.8881651987269632,0.8441021584768436,0.1897540052554437,0.7339056549327714,0.8881651987269632,0.8441021584768436,0.83451536643026,0.7991041944354383,0.15307946130633354,0.6112638920894448,0.5824121145134035,0.1111111111111111,0.10402999062792873,0.3910721944911139,0.6592551336612636,0.6544932549787856,0.6514830305611998,0.8916015625,5.766245987999355
7600.328774477999,29,42.203237795998575,3,0.0001,0.0001,2026-08-15T22:41:34+00:00,0.11648607454620875,0.34303347560075614,0.10813445145120988,0.11841294781233255,0.39986478365384615,36.316996673000176,0.8785613853326426,0.830704708598377,0.19471141243619577,0.7799022985356194,0.8785613853326426,0.830704708598377,0.8088235294117647,0.7699711260827719,0.17137193413717405,0.6021441779306754,0.5709117594667993,0.11904761904761904,0.11205944371924903,0.41381894956742016,0.6622749066629734,0.6701983063511225,0.6813847587423671,0.8560267857142857,5.870865427999888
7643.299811909999,30,42.73872377999942,3,0.0001,0.0001,2026-08-15T22:42:17+00:00,0.1319213068542572,0.3665848372074274,0.11575536785217432,0.11890816108251993,0.3908954326923077,36.86914290200002,0.8625540275049116,0.8128850181119851,0.24807537719607353,0.8926212979214532,0.8625540275049116,0.8128850181119851,0.7670157068062827,0.724354654779183,0.20583464152046613,0.5873400218123407,0.5542858562777675,0.13245033112582782,0.12561789594213424,0.43871128239801954,0.6676462841552807,0.658402005398337,0.6561243846967935,0.8976004464285714,5.854458039000747
7686.235900546,31,42.80749983399983,3,0.0001,0.0001,2026-08-15T22:43:00+00:00,0.1238990499996222,0.386619192476456,0.11802811932105284,0.1446920229265323,0.3930138221153846,36.9759434789994,0.8850048758532744,0.8405321880399041,0.19647549199206488,0.7285984733275005,0.8850048758532744,0.8405321880399041,0.7406451612903225,0.6920083346690176,0.1824033558368683,0.5775339696004503,0.5441207833313854,0.10695187165775401,0.09982182728523414,0.3497196199106319,0.6575749557610329,0.6615197381454456,0.6716750688410736,0.8470982142857143,5.815312310000081
7729.422410055,32,43.04458556800091,3,0.0001,0.0001,2026-08-15T22:43:43+00:00,0.1294121171419437,0.3780868051143793,0.12232841121462676,0.1263462809129403,0.38342848557692305,37.2476799899996,0.8827480061564292,0.8330008336533813,0.1716847579394068,0.7210012706262725,0.8827480061564292,0.8330008336533813,0.7905325443786982,0.7457828791202188,0.1596910703395094,0.5910935168450425,0.5571905220000289,0.1,0.09278785322648675,0.3896254545875958,0.6729897942927772,0.667537691032486,0.6658521168273561,0.8321707589285714,5.781266048001271
7773.173331419999,33,43.61102846799986,3,0.0001,0.0001,2026-08-15T22:44:27+00:00,0.12480953238331355,0.3664222980921085,0.1207258997628322,0.12088686557343373,0.38595252403846153,37.75791544999993,0.8663175727706761,0.8165248483896954,0.2293553804712636,0.8996734278542655,0.8663175727706761,0.8165248483896954,0.7759282970550576,0.7333762566217672,0.20605588651129178,0.5937115862382075,0.5606772766968434,0.1388888888888889,0.13213072507906765,0.4642621614038944,0.660569317016744,0.6561992079397375,0.6429505472746047,0.9035993303571429,5.834944169999289
7815.8856398299995,34,42.581160585999896,3,0.0001,0.0001,2026-08-15T22:45:10+00:00,0.12109247148036957,0.34786278559611394,0.11156785190105438,0.1152024623293143,0.3649939903846154,36.72588207000081,0.8847758476826215,0.840913321188722,0.2000313475728035,0.7749717533588409,0.8847758476826215,0.840913321188722,0.8193069306930693,0.7831215970961888,0.17048811273915426,0.6133790667147995,0.5844328410309504,0.1360544217687075,0.12926360480794052,0.40445228666067123,0.6443228840995231,0.6429451663195358,0.6433889463628832,1.0030691964285714,5.840180286000759
7858.872197895,35,42.85426530299992,3,0.0001,0.0001,2026-08-15T22:45:53+00:00,0.12404489603180152,0.35825398380939777,0.111954076645466,0.1222550098855908,0.37905649038461536,37.0448987009986,0.8627667112825762,0.8133164974893312,0.252672587122236,0.933164836040565,0.8627667112825762,0.8133164974893312,0.7747747747747747,0.7323593966968063,0.1947413475385734,0.5975267485824244,0.5647137431311792,0.15503875968992248,0.14846533520740024,0.48575088461594923,0.6399063438387428,0.6500227355968415,0.6647253154364434,0.8853236607142857,5.792479678999371
7901.016241777999,36,42.004314910000176,3,0.0001,0.0001,2026-08-15T22:46:35+00:00,0.13343282387806818,0.3894514434612714,0.12601646041640868,0.13000216336491016,0.3731219951923077,36.237440205000894,0.8907363420427553,0.8442968984176763,0.17240432037838868,0.7292089611291885,0.8907363420427553,0.8442968984176763,0.785377358490566,0.739301896291324,0.16635677590966225,0.591067026391366,0.5578131685242004,0.0970873786407767,0.08984071086360101,0.3904478472790548,0.6843774146492436,0.6763239112147886,0.6785400912708719,0.8683035714285714,5.751530346000436
7943.509803061001,37,42.26799520299937,3,0.0001,0.0001,2026-08-15T22:47:18+00:00,0.11424476309464528,0.3369037200625126,0.10736555869762714,0.11529339740608031,0.41983173076923075,36.48084616500091,0.8776499091459722,0.8309487055835039,0.21937353084129946,0.8847735226154327,0.8776499091459722,0.8309487055835039,0.7512820512820513,0.7041475242470647,0.1930885570389884,0.590258644019743,0.5567386691075228,0.14184397163120568,0.13511977749199988,0.47231143633169786,0.6787675899069359,0.6691350890910058,0.6612960835200077,0.8763950892857143,5.771212796000327
7987.779041009,38,44.13680724199912,3,0.0001,0.0001,2026-08-15T22:48:02+00:00,0.13104301736905025,0.3651804758952214,0.11764783412218094,0.11648962425444132,0.3808293269230769,38.25125105299958,0.870049599389546,0.8210008605145147,0.2109558510461024,0.8186668349163873,0.870049599389546,0.8210008605145147,0.8034825870646766,0.7644233168638019,0.17633338379008429,0.6038210736456603,0.5721953404018557,0.13793103448275862,0.13116184382725027,0.43137760513595175,0.6735508491429913,0.6607008110617925,0.6484654870656008,0.9253627232142857,5.867576207001548
8031.098801549,39,43.174022584998966,3,0.0001,0.0001,2026-08-15T22:48:45+00:00,0.12584495521508732,0.36434957224589126,0.11511282278941228,0.12339179441332818,0.3708233173076923,37.33763144900149,0.894919168591224,0.8520881086701164,0.17645557490842684,0.7275129194770541,0.894919168591224,0.8520881086701164,0.8564971751412429,0.8239027644823484,0.15091939749462263,0.6294675483674433,0.6020657001356039,0.136986301369863,0.13020622725434694,0.4001379602455667,0.6648147298691565,0.6695483082492213,0.6780699443975415,0.8868582589285714,5.8189883649993135
8076.138266652999,40,44.90947317800055,3,0.0001,0.0001,2026-08-15T22:49:30+00:00,0.11925882513706501,0.3419229556734745,0.10971255600452423,0.11295157635154632,0.32312199519230766,39.07293874199968,0.8654369989882481,0.8160957056584246,0.22666509875229426,0.8589585263814244,0.8654369989882481,0.8160957056584246,0.8090452261306532,0.7716713596138375,0.18044247318591392,0.617157791853793,0.58614411298536,0.17699115044247787,0.1706652736838178,0.45185094819005045,0.6588435507186703,0.6689057014533114,0.6782888349336504,0.8724888392857143,5.819856082000115
8118.395299841,41,42.12002243899951,3,0.0001,0.0001,2026-08-15T22:50:12+00:00,0.10782438238652853,0.2994774225812692,0.10038468780425878,0.09126835104364615,0.3460186298076923,36.28325417400083,0.8512607296137339,0.7848122390964801,0.17482916026243142,0.7655098619205611,0.8512607296137339,0.7848122390964801,0.8503401360544217,0.8164939098872719,0.15075215165104186,0.6015645497244367,0.5657411209252187,0.10309278350515463,0.09591721379190388,0.43992853590420317,0.6327849631896577,0.6331191076540839,0.6182721322228022,0.9913504464285714,5.819619096000679
8161.053622006,42,42.52824686799977,3,0.0001,0.0001,2026-08-15T22:50:55+00:00,0.1214962610258506,0.34161856380792766,0.10943595182437163,0.11068635121561014,0.35135216346153847,36.674594708998484,0.8931238000426651,0.8487101134372805,0.16679680986063822,0.6895571840660912,0.8931238000426651,0.8487101134372805,0.8323699421965318,0.7954069132449745,0.15139628680688993,0.61532522331668,0.5858758396784286,0.12048192771084337,0.1135104923530309,0.37136408872902393,0.6782632570174663,0.6731071308106517,0.6772045765837558,0.9128069196428571,5.838255291000678
8204.640756602,43,43.432113025000945,3,0.0001,0.0001,2026-08-15T22:51:39+00:00,0.11590172184201387,0.3289268102783423,0.1091321677256089,0.10389292317514236,0.3677283653846154,37.559839429999556,0.8834137291280149,0.8376469144321939,0.182845214381814,0.7907500724707331,0.8834137291280149,0.8376469144321939,0.8104089219330854,0.7725126444075325,0.15948699255074775,0.6122265979727477,0.5821013790509931,0.14285714285714285,0.1361445783132531,0.4484178910830191,0.6597203624244312,0.661038879463721,0.6680149405325955,0.9268973214285714,5.853856634001204
8247.375177128999,44,42.59630549800022,3,0.0001,0.0001,2026-08-15T22:52:21+00:00,0.11976026491476939,0.31844934832591276,0.1058949999511242,0.09279408421940528,0.3293719951923077,36.77733646800152,0.8941259731068648,0.8498592369457607,0.16341944837144443,0.7606899291276932,0.8941259731068648,0.8498592369457607,0.7785888077858881,0.7331050816674642,0.17172271492225782,0.5963312835533983,0.5640742837903897,0.11627906976744186,0.1092585327579444,0.4255477629069771,0.6870136931429422,0.6835122813236307,0.6843128844835826,0.8932756696428571,5.801809415999742
8290.369752573999,45,42.761791781000284,3,0.0001,0.0001,2026-08-15T22:53:04+00:00,0.10951108491191497,0.31566689919966917,0.10342911436007574,0.1027266991396363,0.3224308894230769,36.9545620029985,0.8673552797800401,0.8153805815831702,0.2002202487949814,0.9398582790579114,0.8673552797800401,0.8153805815831702,0.779874213836478,0.7368752162561731,0.17718242055603436,0.6008006358032072,0.5669727332334498,0.15517241379310345,0.1486624018610061,0.5624555971340409,0.683055058662315,0.678629212102526,0.6840182081628283,0.9123883928571429,5.791138464999676
8332.377503727,46,41.87299932499991,3,0.0001,0.0001,2026-08-15T22:53:46+00:00,0.10691157006300413,0.28287727145048286,0.09512321312840168,0.08084248979217731,0.3320763221153846,36.02417673200034,0.8631741140215716,0.8122450429725936,0.21320060826838017,0.9215195306709835,0.8631741140215716,0.8122450429725936,0.7389033942558747,0.6908829882173391,0.18720503098198346,0.5895813916480376,0.5544728248875873,0.16666666666666666,0.1602904434728295,0.5211139025299677,0.6715605861435199,0.6761335554377507,0.6860281719466226,0.9215959821428571,5.832958684999539
8375.207605491,47,42.696446238000135,3,0.0001,0.0001,2026-08-15T22:54:29+00:00,0.11178418243160615,0.2968560522565475,0.09873681956758866,0.08633505136061173,0.33267728365384613,36.847424055999,0.8835611536534745,0.835574528736175,0.1650431345083884,0.7562792684350695,0.8835611536534745,0.835574528736175,0.7995169082125604,0.7578964069517673,0.15739514359406062,0.6032201134490158,0.5710509268535423,0.12658227848101267,0.11968184487268452,0.43384099286049604,0.660409488380874,0.6542960071856232,0.6418204739171307,1.0179966517857142,5.833196052000858
8418.04620952,48,42.70664712500002,3,0.0001,0.0001,2026-08-15T22:55:12+00:00,0.1183538458095147,0.3584933686714906,0.11324292111855287,0.12689660074046025,0.32672776442307694,36.87065078100022,0.8633683302171724,0.8074125464656992,0.17871384482298577,0.834021270275116,0.8633683302171724,0.8074125464656992,0.7810945273631841,0.7375854668862605,0.16686945674674852,0.5906171308707345,0.5551651583360652,0.12738853503184713,0.12049746165623565,0.4884379506111145,0.67515291632596,0.6752233156861361,0.6774255992135485,0.9305245535714286,5.820200434998696
8460.979419997,49,42.79623409099986,3,0.0001,0.0001,2026-08-15T22:55:55+00:00,0.10542808094849954,0.2588543013884471,0.08665570249924293,0.06677051755384757,0.3212890625,36.982846838000114,0.8707597851112816,0.8223832451260203,0.21126772782632283,1.0162676594087057,0.8707597851112816,0.8223832451260203,0.7457180500658761,0.6996764133315103,0.1957538958106722,0.5970783722435186,0.5635113792009596,0.17475728155339806,0.16847447914534808,0.6092460383328476,0.6824760841294697,0.6653763997152644,0.6530990740803162,0.9702845982142857,5.797547545998896
8503.449120185,50,42.308932283000104,3,0.0001,0.0001,2026-08-15T22:56:38+00:00,0.11731171441765932,0.31362546040461614,0.1021385425558457,0.09417520361737564,0.34064002403846155,36.528848223999375,0.8804272115161366,0.836217408504011,0.19571266270109586,0.8394322640129498,0.8804272115161366,0.836217408504011,0.7688311688311689,0.7259421503575341,0.1800837745623929,0.6019267064925801,0.5707290188566898,0.1565217391304348,0.1500274977085243,0.4636358185006039,0.6834831368804858,0.6724237694546608,0.6743808375950553,0.9137834821428571,5.765144808001423
8563.492579608,1,44.42273946500063,4,0.0001,0.0001,2026-08-15T22:57:38+00:00,0.5687450591533904,1.9888608701645383,0.49973857166275143,0.9203772516477675,1.484499007936508,38.60627120599929,0.0,0.0,0.4653337299823761,1.562656357884407,0.0,0.0,0.0,0.0,0.40585440024733543,0.0,0.0,0.0,0.0,0.6914682313799858,0.2,0.10676121372031662,0.0,1.5009765625,5.78787600600117
8605.0571845,2,41.32699736300128,4,0.0001,0.0001,2026-08-15T22:58:19+00:00,0.4412412598492607,1.5579403969976637,0.3721481847857672,0.7445509634793751,1.3865327380952381,35.814354383001046,0.8340971585701191,0.7920980747850288,0.20773678878322244,0.6885130256414413,0.8340971585701191,0.7920980747850288,0.7336122733612274,0.6989402100784697,0.1789032188244164,0.5572730069908142,0.5280268938029792,0.10410958904109589,0.09304239654543878,0.30187302618287504,0.42789844235335617,0.3946436771028127,0.3107306840258154,1.24267578125,5.49456465700132
8648.302432895,3,43.01935420799964,4,0.0001,0.0001,2026-08-15T22:59:02+00:00,0.2685423656588509,0.901295565896564,0.2318949889805582,0.40085821350415546,1.2620287698412698,37.526226381000015,0.8037578288100209,0.766822334404997,0.23581349710002542,0.6424350440502167,0.8037578288100209,0.766822334404997,0.6747967479674797,0.645744235618485,0.19907960342243314,0.5784371111780858,0.5536298211323337,0.25675675675675674,0.2483228933735191,0.2075419530738145,0.5230367237634872,0.48622807439212945,0.45732336987102296,1.04931640625,5.477355730999989
8690.170312764,4,41.63095991699993,4,0.0001,0.0001,2026-08-15T22:59:44+00:00,0.26779761106248884,0.872628085670017,0.23028053260511822,0.374549940701515,1.0335441468253967,36.212432987000284,0.7151335311572701,0.6694450948747264,0.30094125494360924,0.8370433524250984,0.7151335311572701,0.6694450948747264,0.5668934240362812,0.5343986998916577,0.258586916141212,0.5370469597480614,0.5087779738530501,0.3291139240506329,0.32249012679276656,0.27751518654986285,0.537725103054769,0.5053588289351783,0.4826717882416076,0.97607421875,5.402300074998493
8731.287308945,5,40.886073644000135,4,0.0001,0.0001,2026-08-15T23:00:25+00:00,0.22349870323188722,0.6781393213877602,0.18483288444223858,0.2698077309935812,0.8883308531746031,35.43044191900117,0.6812155344362314,0.6329106144579445,0.3244270505383611,0.8928981646895409,0.6812155344362314,0.6329106144579445,0.5190476190476191,0.4862185490833332,0.30688737565651536,0.5111988289390613,0.48187433067207674,0.3333333333333333,0.3264938284749527,0.26158373967336956,0.5340133308444619,0.4872448169374409,0.4602555220646748,1.07177734375,5.439623776999724
8772.592621181,6,41.175221198000145,4,0.0001,0.0001,2026-08-15T23:01:07+00:00,0.205979052398886,0.6542644623726134,0.1718350923250592,0.2764503188313,0.8826884920634921,35.75592557300115,0.8210938304665774,0.7866931705692864,0.23703861562535167,0.6814996181055903,0.8210938304665774,0.7866931705692864,0.7212475633528265,0.6949073163962671,0.20141426054760814,0.633771917597921,0.6114239380549202,0.358974358974359,0.35267132719920713,0.24304674359154887,0.5740912949693027,0.5480971261249442,0.5484724494469833,0.9012451171875,5.4040715340015595
8814.77435984,7,41.948878283999875,4,0.0001,0.0001,2026-08-15T23:01:49+00:00,0.2068013237818839,0.625598557884731,0.1696715767657946,0.24912565692313135,0.8187624007936508,36.488255709999066,0.6359975594874924,0.5854833714163734,0.35029084142297506,1.2857811218127608,0.6359975594874924,0.5854833714163734,0.45524296675191817,0.4237101723436314,0.33298536762595177,0.4712737238002336,0.4427939118806412,0.3225806451612903,0.3191881918819188,0.602504924267123,0.5808911016568288,0.5680931557898167,0.5698601504508911,0.8634033203125,5.440843072999996
8855.23207785,8,40.22977625800013,4,0.0001,0.0001,2026-08-15T23:02:29+00:00,0.20691963533560434,0.5688415004147424,0.16273331996940432,0.19918854762282637,0.7787698412698413,34.82880184100031,0.7215463331438318,0.6765535380201557,0.28533656243234873,0.8927099779248238,0.7215463331438318,0.6765535380201557,0.5333333333333333,0.5014793842590757,0.29241576325148344,0.5494407631426615,0.5220171597987182,0.39344262295081966,0.38801855711692335,0.3149576539726695,0.5723816298903986,0.5361075778236517,0.5097819213269412,0.9996337890625,5.385828189999302
8897.189690682,9,41.82337814799939,4,0.0001,0.0001,2026-08-15T23:03:11+00:00,0.20353520046623927,0.6331434831732795,0.1711197556957366,0.2584885263017246,0.7912636408730159,36.3662189709994,0.6893498019109765,0.641587953644313,0.35904481494799256,0.8992241714149714,0.6893498019109765,0.641587953644313,0.5311004784688995,0.49941080893078693,0.3170271860435605,0.5341575840966628,0.5055668340400473,0.38202247191011235,0.37570173954504216,0.2231521820067428,0.6208109479360182,0.5945003395562674,0.5870969970477561,0.8126220703125,5.441237336000995
8939.481446033,10,42.04982938899957,4,0.0001,0.0001,2026-08-15T23:03:54+00:00,0.17421748772973106,0.5514619005104852,0.15513931013762006,0.2221050999600381,0.7418464781746031,36.6164112180013,0.7055440533701404,0.6590490583934522,0.34706008713692427,0.905932892113924,0.7055440533701404,0.6590490583934522,0.5368171021377672,0.5050455023834581,0.29506426211446524,0.539724249903602,0.5116794411792759,0.37681159420289856,0.37094376276091734,0.2638085531652905,0.6479413519320456,0.6201293531360318,0.6220975817467008,0.7545166015625,5.417518186999587
8981.027054556,11,41.320671849000064,4,0.0001,0.0001,2026-08-15T23:04:35+00:00,0.1819130013741198,0.6142858997696922,0.16846191634734473,0.26391098908488714,0.7247643849206349,35.87096130200007,0.8553955415269284,0.8257147657413307,0.173014753498137,0.505855018272996,0.8553955415269284,0.8257147657413307,0.7857142857142857,0.7645330165114044,0.15063698263838887,0.6676715297153253,0.6484510766878561,0.3619047619047619,0.355105447810833,0.18220328241295647,0.6603765507279385,0.6418167069636795,0.6281391014982317,0.7313232421875,5.434740305001469
9023.486634044999,12,42.23164268000073,4,0.0001,0.0001,2026-08-15T23:05:18+00:00,0.2103610039939956,0.6234207432421427,0.18226663383936126,0.23079309804690262,0.6749131944444444,36.80514607400073,0.7202455382516767,0.6750223493729561,0.30482418090105057,0.8667126949876547,0.7202455382516767,0.6750223493729561,0.5594405594405595,0.5280595499915413,0.26418419601395726,0.5598953658974121,0.5325857615661511,0.4,0.3946753853339561,0.2977043221180793,0.6799141246942753,0.6682259949270893,0.653400086149267,0.6888427734375,5.410427891998552
9065.664776565,13,41.93614011700083,4,0.0001,0.0001,2026-08-15T23:06:00+00:00,0.18502674346405362,0.533714135251348,0.16297881447133564,0.1857085774342219,0.7317708333333334,36.475954641999124,0.8517827325410078,0.8211744407407839,0.1752845635637641,0.4571748338639736,0.8517827325410078,0.8211744407407839,0.7657142857142857,0.7429241408997966,0.16254455922171474,0.6296418632279549,0.6091100468840775,0.2714285714285714,0.26323155901165207,0.11934571585152298,0.6353507116605013,0.5976566814762012,0.6197826329874725,0.8253173828125,5.4435380439990695
9108.579093745,14,42.77957822999997,4,0.0001,0.0001,2026-08-15T23:06:43+00:00,0.17921308569964908,0.5937473896950011,0.1631171533630954,0.25141715190358577,0.6580481150793651,37.31128106599863,0.7977752125091825,0.7600436135242421,0.2463039723224938,0.624503618106246,0.7977752125091825,0.7600436135242421,0.6749482401656315,0.6466670529362076,0.2120647099800408,0.6104046729041833,0.5861170461814413,0.3584905660377358,0.3516404720838743,0.16613493880140595,0.6987618537260797,0.6997515075083356,0.7047067338969188,0.61212158203125,5.452732392999678
9150.264982511,15,41.466589907000525,4,0.0001,0.0001,2026-08-15T23:07:24+00:00,0.16990478999084896,0.5576067909834876,0.16013783855097635,0.22756416418604433,0.5589657738095238,36.029407699999865,0.8545521835677277,0.8219810573375606,0.16047997120767832,0.43325158953666687,0.8545521835677277,0.8219810573375606,0.8070796460176991,0.7866723948637167,0.13606351474300027,0.652835609861809,0.6325784924977818,0.296875,0.28908202529206817,0.13670810172334313,0.7085140190212917,0.6929538205125938,0.7038641264125614,0.6072998046875,5.421214575999329
9191.918010075,16,41.505444235999676,4,0.0001,0.0001,2026-08-15T23:08:06+00:00,0.16996858629678924,0.5913926086255482,0.1658139212855271,0.2556100995058105,0.5856584821428571,36.09682303599948,0.7933019361590791,0.7545634601596406,0.26203864021226764,0.7606564899906516,0.7933019361590791,0.7545634601596406,0.6721311475409836,0.6431771377113233,0.22373853344470263,0.5981823359168986,0.5734102415545769,0.3291139240506329,0.32249012679276656,0.2748793123755604,0.7002561728958965,0.6999578297842303,0.7188335742524193,0.56884765625,5.3929126689999975
9233.984647169,17,41.78909974399903,4,0.0001,0.0001,2026-08-15T23:08:48+00:00,0.1614921670111399,0.5083648110665973,0.15646639312543567,0.19040625187612714,0.5535714285714286,36.3814690119998,0.7632631010264722,0.7212207373090979,0.29204420698806643,0.8683867193758488,0.7632631010264722,0.7212207373090979,0.6255506607929515,0.5959908223644488,0.23981227725744247,0.5682010785012114,0.5421103153778466,0.3157894736842105,0.30911938645999304,0.3365302399324719,0.7156214433779899,0.7112640539042715,0.7199916375049689,0.5975341796875,5.391806592999274
9275.919858525,18,41.708135896000385,4,0.0001,0.0001,2026-08-15T23:09:30+00:00,0.16879701360114038,0.5053407490726501,0.1517074646221267,0.1848362713224358,0.5475260416666666,36.25251329599996,0.7523799102746471,0.7093768965026697,0.31761955842375755,0.9196654129773378,0.7523799102746471,0.7093768965026697,0.6013667425968109,0.5717057155648411,0.28354317136108875,0.5565120421852229,0.5300673328425013,0.3157894736842105,0.30911938645999304,0.3185026682331227,0.7240284253039594,0.7157968154763472,0.7165303222084676,0.5975341796875,5.439695553999627
9317.868811752,19,41.706719170000724,4,0.0001,0.0001,2026-08-15T23:10:12+00:00,0.17256211962491746,0.4797395098777044,0.15472677758052236,0.15245061494883091,0.5366443452380952,36.30881645000045,0.8559869157269518,0.8208103126264819,0.14142175018787384,0.4019419876858592,0.8559869157269518,0.8208103126264819,0.8170940170940171,0.7970401365299996,0.11860606772825122,0.632203448195225,0.6107996900687284,0.2235294117647059,0.2145486210497034,0.1419141714577563,0.7395754848527377,0.7448421166840551,0.7560779031656157,0.48126220703125,5.385043820999272
9360.410708809999,20,42.30746704400008,4,0.0001,0.0001,2026-08-15T23:10:54+00:00,0.1670710001554754,0.4834541143879058,0.14925752781213275,0.16712558532636318,0.5166480654761905,36.85222590199919,0.8509017018034036,0.8138045508683692,0.14828106993809342,0.40895793214440346,0.8509017018034036,0.8138045508683692,0.8186356073211315,0.7982210583348384,0.12296702805906534,0.6463469517412753,0.6244337429952376,0.2695035460992908,0.26127561978250513,0.1377098353987094,0.6963334295337658,0.6912357348368157,0.6592530795551784,0.67041015625,5.439969760000167
9402.022327173,21,41.47652664399902,4,0.0001,0.0001,2026-08-15T23:11:36+00:00,0.15751935074490214,0.5000418180984164,0.1485831065783425,0.19393936544656754,0.5276227678571429,36.015100337999684,0.8376365922057828,0.8033602350570603,0.1918106055818498,0.49699333030730486,0.8376365922057828,0.8033602350570603,0.7594433399602386,0.7372916010861603,0.16234860057011247,0.6425049049249058,0.6212711389778719,0.33043478260869563,0.32316158079039525,0.1428341277060099,0.7129841906607534,0.713342453959571,0.732988480754347,0.5369873046875,5.446152512000481
9444.247152577,22,42.0915851030004,4,0.0001,0.0001,2026-08-15T23:12:18+00:00,0.1517924667587356,0.4694308444621071,0.14440436069927517,0.17323402197115004,0.48387896825396826,36.69623373700051,0.8348560762353866,0.8007618753030843,0.19912789342924953,0.5952078867703676,0.8348560762353866,0.8007618753030843,0.7529880478087649,0.7303025078577775,0.16185974888503551,0.629639797620452,0.6083022214330253,0.3010752688172043,0.29384228113821376,0.234220240265131,0.7377485077392745,0.7358610264134764,0.7264742407975919,0.54541015625,5.378859761000058
9487.658264403,23,43.27049913500014,4,0.0001,0.0001,2026-08-15T23:13:02+00:00,0.1728279503683249,0.5232167409525977,0.15519947913430987,0.19518931227780523,0.5569196428571429,37.82923620400106,0.8535756908106124,0.8204572978294813,0.159716684371233,0.43636686727404594,0.8535756908106124,0.8204572978294813,0.8126159554730983,0.7938062767119878,0.13665810646489263,0.6627418481962651,0.6429651849666081,0.3220338983050847,0.3146319803583555,0.13999206910375506,0.741490275529379,0.7538489558794109,0.7440505325655888,0.5396728515625,5.4249960530014505
9529.685536265,24,41.79769138499978,4,0.0001,0.0001,2026-08-15T23:13:44+00:00,0.1535509998599688,0.4407221090698999,0.13845396077349073,0.14871714955994061,0.47185019841269843,36.37589682599901,0.7903808442563732,0.7502057345699072,0.23455676063895226,0.6559034027159214,0.7903808442563732,0.7502057345699072,0.6754966887417219,0.649975156321587,0.19279833836480975,0.6123371845388839,0.5882457722973059,0.3711340206185567,0.3645564260004235,0.22854831125005148,0.713593945778561,0.7070799569356571,0.7355314165238047,0.560546875,5.405188981001629
9572.243069783,25,42.42254559400135,4,0.0001,0.0001,2026-08-15T23:14:26+00:00,0.13716324956880677,0.42605193408708725,0.13185932398551986,0.15702935878837865,0.459015376984127,37.000500891999764,0.8144980655670943,0.7781800816242781,0.21921161655336618,0.6037648608908057,0.8144980655670943,0.7781800816242781,0.6973684210526315,0.6733010090252505,0.1905263513326645,0.6039554955399086,0.5813684683827551,0.3,0.2926243144987368,0.19402688887203112,0.7035915171039704,0.6969169952173438,0.7149840737667312,0.6414794921875,5.404530312998759
9614.380419137,26,41.975378389999605,4,0.0001,0.0001,2026-08-15T23:15:08+00:00,0.1408658522580351,0.4311907222819707,0.13726974680783258,0.15305512129432625,0.4408792162698413,36.56202807399859,0.7796788075994542,0.7385848902477656,0.27998832892626524,0.7408486194908619,0.7796788075994542,0.7385848902477656,0.6305882352941177,0.6047579412727868,0.24318721843883395,0.5869275022703658,0.5623550139933354,0.35051546391752575,0.3437222104594537,0.2176730734645389,0.7382836815378777,0.7473726901979209,0.768595637412797,0.47119140625,5.400499788998786
9655.653940271,27,41.129217367999445,4,0.0001,0.0001,2026-08-15T23:15:50+00:00,0.14434838649772463,0.40558996394513147,0.13402560879550282,0.1272159687701672,0.4631076388888889,35.723814554001365,0.8230746932070732,0.7856840039758461,0.19179380079731345,0.5830673864111304,0.8230746932070732,0.7856840039758461,0.7394957983193278,0.7173169326576601,0.16317836102098227,0.6223061058711191,0.600056646920939,0.30434782608695654,0.2971690041293107,0.22809523140313104,0.7368100917319503,0.7387954571518595,0.7479384394958769,0.4947509765625,5.391217943000811
9697.305804429,28,41.49174563000088,4,0.0001,0.0001,2026-08-15T23:16:31+00:00,0.13879772547691588,0.40297434845614055,0.13212425782093926,0.1320523660304764,0.48335193452380953,36.08826141499958,0.8259610584123814,0.79087112449752,0.21733647445216775,0.6516049662604928,0.8259610584123814,0.79087112449752,0.7086956521739131,0.6851921708694843,0.18609019927680492,0.6057551354128229,0.5837562769584519,0.2826086956521739,0.2752055355083516,0.24817829835228622,0.7432709429569829,0.7541305856909759,0.7735268018824217,0.47430419921875,5.388482693999322
9738.818624681,29,41.276758440000776,4,0.0001,0.0001,2026-08-15T23:17:13+00:00,0.14260587143519568,0.4061483520837057,0.13286473820843395,0.1306777417896286,0.45414806547619047,35.82474396100042,0.8309845466031685,0.7955545147816445,0.1962741524912417,0.5956247840076685,0.8309845466031685,0.7955545147816445,0.7339055793991416,0.7119832311243928,0.16712070629000664,0.6074386228588559,0.5857069492097389,0.25742574257425743,0.24958310172317943,0.2322299193474464,0.7583961959913769,0.7645841128025974,0.7712327016831717,0.449462890625,5.4360609959985595
9780.916266024,30,41.854012411999065,4,0.0001,0.0001,2026-08-15T23:17:55+00:00,0.14455178084354553,0.4051905047325861,0.13286823536905032,0.12777048760345058,0.45417906746031744,36.369086062999486,0.833981841763943,0.7968660522633356,0.1741176494397223,0.4643856743350625,0.833981841763943,0.7968660522633356,0.7268817204301076,0.7044574498946812,0.1532328794710338,0.6224383916990921,0.6000439934525473,0.3064516129032258,0.2988084781996255,0.13703514536609873,0.746157175983058,0.7521398523999223,0.7559211670757711,0.4951171875,5.469591266000862
9823.853272897,31,42.80083136900066,4,0.0001,0.0001,2026-08-15T23:18:38+00:00,0.14712025464645453,0.4066300437090889,0.13169363741245535,0.12781614973255995,0.39287264384920634,37.38382767500116,0.7719522591645354,0.7304766230938744,0.2757475897669792,0.8382632527500391,0.7719522591645354,0.7304766230938744,0.6047619047619047,0.5777835601377885,0.2441525338217616,0.559679915107263,0.5345060450183969,0.3023255813953488,0.295257951823528,0.31836312415543944,0.7264340687736373,0.7332858045470653,0.7486457798801746,0.53125,5.400105524000537
9866.151551918,32,42.15432138600045,4,0.0001,0.0001,2026-08-15T23:19:20+00:00,0.13426208448788476,0.38322514295578003,0.12516812761388127,0.12379492873590188,0.43908110119047616,36.77308866000021,0.8379181443496597,0.8032804467802735,0.17380208615213633,0.5309728216379881,0.8379181443496597,0.8032804467802735,0.7468354430379747,0.7254187627411617,0.14134425716474652,0.6262904114821527,0.6051148732750592,0.29411764705882354,0.28664541030374235,0.215826470637694,0.7497770362511014,0.7452097637598504,0.7630663229994968,0.5037841796875,5.365217909999046
9908.113874167,33,41.81693820500004,4,0.0001,0.0001,2026-08-15T23:20:02+00:00,0.13274159749585485,0.39154832916600363,0.12392181365026368,0.13488491989315546,0.4253627232142857,36.3800636520009,0.8400763358778626,0.8056898915842288,0.1616778615862131,0.46694996766746044,0.8400763358778626,0.8056898915842288,0.7366167023554604,0.7148439831496147,0.1397562746424228,0.6305026176827125,0.6093341050138278,0.3148148148148148,0.30746844030763976,0.16551583161344752,0.769320163926237,0.7777081519907687,0.7909187615082092,0.4251708984375,5.421812849001071
9949.104456931,34,40.75588976400104,4,0.0001,0.0001,2026-08-15T23:20:43+00:00,0.13038937924873262,0.33063421126395937,0.11379144027356118,0.0864533946391136,0.40510292658730157,35.32688764500017,0.8601818181818182,0.8281679245384563,0.14055277360603213,0.4073469676077366,0.8601818181818182,0.8281679245384563,0.760914760914761,0.7402394681749733,0.1196798977907747,0.6378014238014238,0.6176167403917006,0.2923076923076923,0.2844428284616721,0.14711429842282087,0.7330281997525503,0.7456994841003417,0.7585368525709779,0.47259521484375,5.413728351999453
9990.511587631,35,41.26295401599964,4,0.0001,0.0001,2026-08-15T23:21:25+00:00,0.13681985390564752,0.38954176990285755,0.1253725601330636,0.12734935630763333,0.41572110615079366,35.84626462199958,0.8252427184466019,0.7895987520723137,0.20290066534653306,0.6116112573072314,0.8252427184466019,0.7895987520723137,0.6919642857142857,0.6681962790834055,0.1743141277693212,0.6037748837399036,0.5814801471531538,0.29411764705882354,0.28664541030374235,0.23439646838232875,0.7519060006601478,0.757441550616469,0.7705389011574977,0.46307373046875,5.403955555999346
10032.317207459,36,41.667758060999404,4,0.0001,0.0001,2026-08-15T23:22:06+00:00,0.1346549510009705,0.3845157814877374,0.11673677984684233,0.13312404889554258,0.4105437748015873,36.23307253100029,0.8534964105291146,0.8189006981380358,0.13853525649756193,0.3981525246053934,0.8534964105291146,0.8189006981380358,0.7695473251028807,0.7493157103798206,0.11918281088583171,0.6392057930142827,0.6183202961607238,0.29457364341085274,0.28674447996431485,0.14043446123832837,0.7531258955341148,0.7618888772737329,0.7663819766632978,0.4791259765625,5.418981556998915
10074.646233133,37,42.180899228998896,4,0.0001,0.0001,2026-08-15T23:22:49+00:00,0.13557922869684205,0.3717151132840959,0.12117808288525021,0.11495779839063448,0.40541294642857145,36.7718984990006,0.8531431119037004,0.8187133877551422,0.14063881384208798,0.3927078414708376,0.8531431119037004,0.8187133877551422,0.7795918367346939,0.7600140913135182,0.11380597995594144,0.6480701194914866,0.6275459580127342,0.3114754098360656,0.3039103949695422,0.1382630502921529,0.7552251413474873,0.7700077410367581,0.7752644220225777,0.45281982421875,5.392688031999569
10115.837356943,38,41.050208292001116,4,0.0001,0.0001,2026-08-15T23:23:30+00:00,0.12964807468510808,0.35852139313069603,0.11579314223121083,0.1130801775448379,0.40420386904761907,35.62152571700062,0.8482519448870559,0.8148357705041045,0.15563116036355495,0.45868576131761074,0.8482519448870559,0.8148357705041045,0.7350427350427351,0.7130660128147042,0.12659681169316173,0.6213321447719187,0.6002679397518619,0.2807017543859649,0.2729020359367772,0.17645778495352715,0.7739032060225901,0.7841388076781166,0.7803933575708766,0.44952392578125,5.413197478999791
10158.131681739,39,42.06651431099999,4,0.0001,0.0001,2026-08-15T23:24:12+00:00,0.1367219840250318,0.38976307875580257,0.12696720848953913,0.12607388331421784,0.3862692212301587,36.640996899999664,0.8126597208570867,0.7740103136869931,0.19100025622174144,0.5743979690596461,0.8126597208570867,0.7740103136869931,0.6966292134831461,0.6734962738659378,0.16103755170479417,0.6030963114467442,0.5800436340172226,0.3,0.2926243144987368,0.2223601620644331,0.7665213846894213,0.771852553500474,0.7854012114469261,0.44647216796875,5.409872087999247
10200.267776415,40,41.97232722499939,4,0.0001,0.0001,2026-08-15T23:24:54+00:00,0.14362595236254116,0.45136902008264784,0.13653191687568786,0.17121114918873423,0.40085565476190477,36.40895492800155,0.8240607283559143,0.7865900936992609,0.17587943701073527,0.47914388217031956,0.8240607283559143,0.7865900936992609,0.6635730858468677,0.6393922136216129,0.1638629543595016,0.6014334936231496,0.5783881108458749,0.31666666666666665,0.309182025216751,0.13940149184782058,0.7807108979831117,0.7871503304068146,0.7904537481587285,0.42950439453125,5.5483588140014035
10241.493086681,41,40.99230564499885,4,0.0001,0.0001,2026-08-15T23:25:36+00:00,0.12458815821816051,0.36474784641038804,0.12161203042145759,0.1185476595595006,0.3890749007936508,35.55306485099936,0.7954083705810646,0.7552150219608801,0.22893547173589468,0.6888796156272292,0.7954083705810646,0.7552150219608801,0.6431924882629108,0.6181262053129941,0.2035151058807969,0.5798920425537265,0.5557278361373627,0.3010752688172043,0.29384228113821376,0.25642904092092067,0.7637707373183226,0.7671988869922931,0.7833682228995306,0.45135498046875,5.423100367999723
10283.34476863,42,41.710643558999436,4,0.0001,0.0001,2026-08-15T23:26:17+00:00,0.13347844353743962,0.3483553034445596,0.11719771196681356,0.09767914860553685,0.3928881448412698,36.24645668100129,0.8431632846576901,0.8091537969205386,0.16258892975747585,0.5014079147949815,0.8431632846576901,0.8091537969205386,0.7494646680942184,0.7287540327520725,0.14421147806569934,0.6388124921871441,0.6181707033961895,0.3238095238095238,0.31660428051595735,0.1946075069718063,0.7416179721856834,0.7490399737363198,0.7649062843332362,0.4833984375,5.448465009998472
10324.866580715,43,41.38147636100075,4,0.0001,0.0001,2026-08-15T23:26:59+00:00,0.12655999470088217,0.39081214604869724,0.11787859675666643,0.14637355491637238,0.4343532986111111,35.898450489001334,0.8446794448116325,0.8108066270931624,0.1605478529818356,0.46664545219391584,0.8446794448116325,0.8108066270931624,0.750524109014675,0.7292168990460216,0.15197846293449402,0.6512313732880144,0.6305546660743527,0.3584905660377358,0.3516404720838743,0.15411914221476763,0.714103955029254,0.698452261857961,0.7098280699729834,0.70361328125,5.467128238000441
10366.407203326,44,41.39237241900082,4,0.0001,0.0001,2026-08-15T23:27:40+00:00,0.13001200645452454,0.36137793910881827,0.11848350850835679,0.11288242139631793,0.37039620535714285,35.96284016699974,0.8300203626490836,0.7942716378828181,0.1718624192290008,0.5135043868795037,0.8300203626490836,0.7942716378828181,0.7105263157894737,0.6875053129806744,0.14278272399678826,0.6160796620436216,0.5940360379173937,0.3076923076923077,0.30033116288868844,0.19885924737900496,0.7104949879735333,0.7066414354891497,0.7236596851483988,0.710205078125,5.412987756000803
10408.79444272,45,42.24936009799967,4,0.0001,0.0001,2026-08-15T23:28:23+00:00,0.13292929166484446,0.35583230048891096,0.11926652609355866,0.10363648392792259,0.3692491319444444,36.2695717860006,0.8065314200890649,0.7670083922130526,0.21350369462743402,0.6455099582672119,0.8065314200890649,0.7670083922130526,0.6802721088435374,0.6562838569880824,0.1772854458540678,0.6092375399472311,0.5858270336725188,0.3409090909090909,0.3341888518164212,0.2547208204632625,0.736377534318515,0.7392007217064025,0.7518927449868323,0.55126953125,5.963982585000849
10449.962123608,46,41.02491095500045,4,0.0001,0.0001,2026-08-15T23:29:04+00:00,0.11256819647101182,0.33357446025761345,0.10514671503314896,0.11585955094132158,0.394562251984127,35.593321742000626,0.7812725585232546,0.7392969893585468,0.24928474705666304,0.774897200986743,0.7812725585232546,0.7392969893585468,0.6120481927710844,0.5862263500454455,0.22593527426943183,0.5755513615425575,0.5507164060766297,0.3333333333333333,0.3266258788258968,0.29967717838007957,0.7434551374313945,0.7604699793516321,0.7827311119454344,0.45086669921875,5.410884401999283
10491.536675324,47,41.424067795000155,4,0.0001,0.0001,2026-08-15T23:29:46+00:00,0.13249217931713378,0.4254476707133036,0.12571441905484312,0.16724106802472047,0.41040426587301587,35.937341282999114,0.8603268945022289,0.8291977512311393,0.13989046425558627,0.3995543122291565,0.8603268945022289,0.8291977512311393,0.7354838709677419,0.7137658766696517,0.12277504475787282,0.6308952551566569,0.6106818843976197,0.296875,0.28908202529206817,0.1368887999560684,0.7642947697259304,0.7695517335038826,0.7933490517841322,0.41705322265625,5.47086540500095
10533.848665459,48,42.16264166200017,4,0.0001,0.0001,2026-08-15T23:30:28+00:00,0.12524062767624855,0.3320301016644826,0.11162398087363394,0.09516549330677777,0.36439732142857145,36.689058116000524,0.7935174069627852,0.752003283998865,0.21927212364971638,0.6060909228399396,0.7935174069627852,0.752003283998865,0.6267942583732058,0.6015718683326672,0.19775630487129092,0.5764675248089667,0.5517430846560675,0.3090909090909091,0.3016541016366704,0.18906249233987182,0.7566093200387755,0.754674184190413,0.7543112468802693,0.5277099609375,5.457188692000273
10576.523864637,49,42.5058142630005,4,0.0001,0.0001,2026-08-15T23:31:11+00:00,0.13079956351291566,0.3593713030928657,0.11793084620010286,0.11064089403029471,0.37114025297619047,37.059957999999824,0.8456695917588707,0.8124686169108192,0.16250590630806983,0.4621202917769551,0.8456695917588707,0.8124686169108192,0.7123893805309734,0.689854318166022,0.1329641966149211,0.6223832937935844,0.6013256789045038,0.3090909090909091,0.3016541016366704,0.16665018419735134,0.7673156714938155,0.7737861677865105,0.7760785139729555,0.47979736328125,5.4303546309984085
10619.037223451,50,42.37090044899924,4,0.0001,0.0001,2026-08-15T23:31:53+00:00,0.11543775867256853,0.33077294497735915,0.10755158366546744,0.10778360430979067,0.3561197916666667,36.876493323999966,0.8370840546258896,0.8024283415511441,0.18165487982332706,0.5490476712584496,0.8370840546258896,0.8024283415511441,0.728448275862069,0.7062292181687504,0.15396180003881454,0.6363222246407673,0.6150634785707533,0.3434343434343434,0.33653287599236537,0.21343098336365074,0.7466515502409106,0.7544145361095517,0.7700039790286929,0.5111083984375,5.4789796080003725
