2026-08-15 20:34:54,593 | INFO | Run criada em: /content/drive/MyDrive/Cursos/RWSA/src/RWSA/run/20260815-203452_joint_cnn_bimamba_stratified_kfold
2026-08-15 20:34:54,594 | INFO | Dispositivo: cuda
2026-08-15 20:34:54,594 | INFO | Modelo (staging + movimento): cnn_bimamba
2026-08-15 20:34:54,594 | INFO | Topologia conjunta: encoder EEG/EOG + encoder EMG + fusao + BiMamba compartilhado
2026-08-15 20:34:54,594 | INFO | Backend temporal BiMamba: mamba_ssm | mamba_ssm importado com sucesso.
2026-08-15 20:34:54,595 | INFO | RSWA experimental: target_mode=aasm_proto postprocess_mode=aasm_simple use_baseline_relative_channel=True
2026-08-15 20:34:54,595 | INFO | Sujeitos: total=99 | CV=79 | teste=20 | n_splits=5 | estratificação CV=staging | teste=rswa
2026-08-15 20:34:54,611 | INFO | TESTE (held-out): exames=20 | estágios[W=26,760(13.9%) | N1=6,130(3.2%) | N2=69,760(36.3%) | N3=53,380(27.8%) | REM=36,010(18.8%)] | movimento=6,891/36,010 (19.14% das avaliáveis; avaliáveis=18.8% do total de 192,040 mini-épocas)
2026-08-15 20:34:54,669 | INFO | Fold 0 TREINO: exames=63 | estágios[W=139,290(21.2%) | N1=29,110(4.4%) | N2=229,410(35.0%) | N3=147,610(22.5%) | REM=110,190(16.8%)] | movimento=23,725/110,190 (21.53% das avaliáveis; avaliáveis=16.8% do total de 655,610 mini-épocas)
2026-08-15 20:34:54,669 | INFO | Fold 0 VALIDAÇÃO: exames=16 | estágios[W=19,620(12.6%) | N1=9,460(6.1%) | N2=60,930(39.0%) | N3=39,200(25.1%) | REM=26,870(17.2%)] | movimento=4,301/26,870 (16.01% das avaliáveis; avaliáveis=17.2% do total de 156,080 mini-épocas)
2026-08-15 20:34:54,672 | INFO | Fold 0: sujeitos com tonic -> treino=31/63 validação=7/16 | oversample_tonic_subjects=True tonic_subject_weight=20.00
2026-08-15 20:34:54,985 | INFO | [MODEL] shared_joint_system | trainable_params=1,443,952
2026-08-15 20:34:54,986 | INFO | SharedBiMambaJointSystem(
  (staging_encoder): StagingCNNEncoder(
    (branches): ModuleList(
      (0): MultiKernelCNNBranch(
        (paths): ModuleList(
          (0): Sequential(
            (0): Conv1d(3, 22, kernel_size=(30,), stride=(1,), padding=(15,), bias=False)
            (1): GroupNorm(2, 22, eps=1e-05, affine=True)
            (2): ReLU(inplace=True)
            (3): MaxPool1d(kernel_size=2, stride=2, padding=0, dilation=1, ceil_mode=False)
          )
          (1): Sequential(
            (0): Conv1d(3, 21, kernel_size=(70,), stride=(1,), padding=(35,), bias=False)
            (1): GroupNorm(7, 21, eps=1e-05, affine=True)
            (2): ReLU(inplace=True)
            (3): MaxPool1d(kernel_size=2, stride=2, padding=0, dilation=1, ceil_mode=False)
          )
          (2): Sequential(
            (0): Conv1d(3, 21, kernel_size=(150,), stride=(1,), padding=(75,), bias=False)
            (1): GroupNorm(7, 21, eps=1e-05, affine=True)
            (2): ReLU(inplace=True)
            (3): MaxPool1d(kernel_size=2, stride=2, padding=0, dilation=1, ceil_mode=False)
          )
        )
        (drop): Dropout(p=0.35, inplace=False)
      )
      (1): MultiKernelCNNBranch(
        (paths): ModuleList(
          (0): Sequential(
            (0): Conv1d(1, 22, kernel_size=(50,), stride=(1,), padding=(25,), bias=False)
            (1): GroupNorm(2, 22, eps=1e-05, affine=True)
            (2): ReLU(inplace=True)
            (3): MaxPool1d(kernel_size=2, stride=2, padding=0, dilation=1, ceil_mode=False)
          )
          (1): Sequential(
            (0): Conv1d(1, 21, kernel_size=(150,), stride=(1,), padding=(75,), bias=False)
            (1): GroupNorm(7, 21, eps=1e-05, affine=True)
            (2): ReLU(inplace=True)
            (3): MaxPool1d(kernel_size=2, stride=2, padding=0, dilation=1, ceil_mode=False)
          )
          (2): Sequential(
            (0): Conv1d(1, 21, kernel_size=(250,), stride=(1,), padding=(125,), bias=False)
            (1): GroupNorm(7, 21, eps=1e-05, affine=True)
            (2): ReLU(inplace=True)
            (3): MaxPool1d(kernel_size=2, stride=2, padding=0, dilation=1, ceil_mode=False)
          )
        )
        (drop): Dropout(p=0.35, inplace=False)
      )
    )
    (se_global): SEBlock(
      (fc): Sequential(
        (0): AdaptiveAvgPool1d(output_size=1)
        (1): Flatten(start_dim=1, end_dim=-1)
        (2): Linear(in_features=128, out_features=16, bias=False)
        (3): ReLU(inplace=True)
        (4): Linear(in_features=16, out_features=128, bias=False)
        (5): Sigmoid()
      )
    )
    (refine): Sequential(
      (0): Conv1d(128, 128, kernel_size=(5,), stride=(1,), padding=(2,), bias=False)
      (1): GroupNorm(8, 128, eps=1e-05, affine=True)
      (2): ReLU(inplace=True)
      (3): MaxPool1d(kernel_size=2, stride=2, padding=0, dilation=1, ceil_mode=False)
      (4): Conv1d(128, 256, kernel_size=(3,), stride=(1,), padding=(1,), bias=False)
      (5): GroupNorm(8, 256, eps=1e-05, affine=True)
      (6): ReLU(inplace=True)
    )
    (pool): AdaptiveAvgPool1d(output_size=1)
  )
  (rswa_encoder): RSWAFeatureEncoder(
    (paths): ModuleList(
      (0): Sequential(
        (0): Conv1d(2, 22, kernel_size=(50,), stride=(1,), padding=(25,), bias=False)
        (1): GroupNorm(2, 22, eps=1e-05, affine=True)
        (2): ReLU(inplace=True)
        (3): MaxPool1d(kernel_size=2, stride=2, padding=0, dilation=1, ceil_mode=False)
      )
      (1): Sequential(
        (0): Conv1d(2, 21, kernel_size=(150,), stride=(1,), padding=(75,), bias=False)
        (1): GroupNorm(7, 21, eps=1e-05, affine=True)
        (2): ReLU(inplace=True)
        (3): MaxPool1d(kernel_size=2, stride=2, padding=0, dilation=1, ceil_mode=False)
      )
      (2): Sequential(
        (0): Conv1d(2, 21, kernel_size=(300,), stride=(1,), padding=(150,), bias=False)
        (1): GroupNorm(7, 21, eps=1e-05, affine=True)
        (2): ReLU(inplace=True)
        (3): MaxPool1d(kernel_size=2, stride=2, padding=0, dilation=1, ceil_mode=False)
      )
    )
    (drop): Dropout(p=0.35, inplace=False)
    (se): SEBlock(
      (fc): Sequential(
        (0): AdaptiveAvgPool1d(output_size=1)
        (1): Flatten(start_dim=1, end_dim=-1)
        (2): Linear(in_features=64, out_features=8, bias=False)
        (3): ReLU(inplace=True)
        (4): Linear(in_features=8, out_features=64, bias=False)
        (5): Sigmoid()
      )
    )
    (refine): Sequential(
      (0): Conv1d(64, 64, kernel_size=(5,), stride=(1,), padding=(2,), bias=False)
      (1): GroupNorm(8, 64, eps=1e-05, affine=True)
      (2): ReLU(inplace=True)
      (3): MaxPool1d(kernel_size=2, stride=2, padding=0, dilation=1, ceil_mode=False)
      (4): Conv1d(64, 256, kernel_size=(3,), stride=(1,), padding=(1,), bias=False)
      (5): GroupNorm(8, 256, eps=1e-05, affine=True)
      (6): ReLU(inplace=True)
    )
    (pool): AdaptiveAvgPool1d(output_size=1)
  )
  (fusion): Sequential(
    (0): Linear(in_features=512, out_features=256, bias=False)
    (1): LayerNorm((256,), eps=1e-05, elementwise_affine=True)
    (2): ReLU(inplace=True)
    (3): Dropout(p=0.35, inplace=False)
  )
  (temporal): MambaStack(
    (blocks): ModuleList(
      (0): BidirMambaBlock(
        sequence_impl=mamba
        (norm): LayerNorm((256,), eps=1e-05, elementwise_affine=True)
        (drop): Dropout(p=0.35, inplace=False)
        (fwd): Mamba(
          (in_proj): Linear(in_features=256, out_features=1024, bias=False)
          (conv1d): Conv1d(512, 512, kernel_size=(4,), stride=(1,), padding=(3,), groups=512)
          (act): SiLU()
          (x_proj): Linear(in_features=512, out_features=48, bias=False)
          (dt_proj): Linear(in_features=16, out_features=512, bias=True)
          (out_proj): Linear(in_features=512, out_features=256, bias=False)
        )
        (bwd): Mamba(
          (in_proj): Linear(in_features=256, out_features=1024, bias=False)
          (conv1d): Conv1d(512, 512, kernel_size=(4,), stride=(1,), padding=(3,), groups=512)
          (act): SiLU()
          (x_proj): Linear(in_features=512, out_features=48, bias=False)
          (dt_proj): Linear(in_features=16, out_features=512, bias=True)
          (out_proj): Linear(in_features=512, out_features=256, bias=False)
        )
      )
    )
    (norm_out): LayerNorm((256,), eps=1e-05, elementwise_affine=True)
  )
  (staging_classifier): Sequential(
    (0): Linear(in_features=256, out_features=128, bias=True)
    (1): ReLU(inplace=True)
    (2): Dropout(p=0.35, inplace=False)
    (3): Linear(in_features=128, out_features=5, bias=True)
  )
  (tonic_head): Sequential(
    (0): Linear(in_features=256, out_features=128, bias=True)
    (1): ReLU(inplace=True)
    (2): Dropout(p=0.35, inplace=False)
    (3): Linear(in_features=128, out_features=1, bias=True)
  )
  (phasic_head): Sequential(
    (0): Linear(in_features=256, out_features=128, bias=True)
    (1): ReLU(inplace=True)
    (2): Dropout(p=0.35, inplace=False)
    (3): Linear(in_features=128, out_features=1, bias=True)
  )
  (any_head): Sequential(
    (0): Linear(in_features=256, out_features=128, bias=True)
    (1): ReLU(inplace=True)
    (2): Dropout(p=0.35, inplace=False)
    (3): Linear(in_features=128, out_features=1, bias=True)
  )
)
2026-08-15 20:34:55,008 | INFO | [MODEL] shared_joint_staging_encoder | trainable_params=210,684
2026-08-15 20:34:55,009 | INFO | StagingCNNEncoder(
  (branches): ModuleList(
    (0): MultiKernelCNNBranch(
      (paths): ModuleList(
        (0): Sequential(
          (0): Conv1d(3, 22, kernel_size=(30,), stride=(1,), padding=(15,), bias=False)
          (1): GroupNorm(2, 22, eps=1e-05, affine=True)
          (2): ReLU(inplace=True)
          (3): MaxPool1d(kernel_size=2, stride=2, padding=0, dilation=1, ceil_mode=False)
        )
        (1): Sequential(
          (0): Conv1d(3, 21, kernel_size=(70,), stride=(1,), padding=(35,), bias=False)
          (1): GroupNorm(7, 21, eps=1e-05, affine=True)
          (2): ReLU(inplace=True)
          (3): MaxPool1d(kernel_size=2, stride=2, padding=0, dilation=1, ceil_mode=False)
        )
        (2): Sequential(
          (0): Conv1d(3, 21, kernel_size=(150,), stride=(1,), padding=(75,), bias=False)
          (1): GroupNorm(7, 21, eps=1e-05, affine=True)
          (2): ReLU(inplace=True)
          (3): MaxPool1d(kernel_size=2, stride=2, padding=0, dilation=1, ceil_mode=False)
        )
      )
      (drop): Dropout(p=0.35, inplace=False)
    )
    (1): MultiKernelCNNBranch(
      (paths): ModuleList(
        (0): Sequential(
          (0): Conv1d(1, 22, kernel_size=(50,), stride=(1,), padding=(25,), bias=False)
          (1): GroupNorm(2, 22, eps=1e-05, affine=True)
          (2): ReLU(inplace=True)
          (3): MaxPool1d(kernel_size=2, stride=2, padding=0, dilation=1, ceil_mode=False)
        )
        (1): Sequential(
          (0): Conv1d(1, 21, kernel_size=(150,), stride=(1,), padding=(75,), bias=False)
          (1): GroupNorm(7, 21, eps=1e-05, affine=True)
          (2): ReLU(inplace=True)
          (3): MaxPool1d(kernel_size=2, stride=2, padding=0, dilation=1, ceil_mode=False)
        )
        (2): Sequential(
          (0): Conv1d(1, 21, kernel_size=(250,), stride=(1,), padding=(125,), bias=False)
          (1): GroupNorm(7, 21, eps=1e-05, affine=True)
          (2): ReLU(inplace=True)
          (3): MaxPool1d(kernel_size=2, stride=2, padding=0, dilation=1, ceil_mode=False)
        )
      )
      (drop): Dropout(p=0.35, inplace=False)
    )
  )
  (se_global): SEBlock(
    (fc): Sequential(
      (0): AdaptiveAvgPool1d(output_size=1)
      (1): Flatten(start_dim=1, end_dim=-1)
      (2): Linear(in_features=128, out_features=16, bias=False)
      (3): ReLU(inplace=True)
      (4): Linear(in_features=16, out_features=128, bias=False)
      (5): Sigmoid()
    )
  )
  (refine): Sequential(
    (0): Conv1d(128, 128, kernel_size=(5,), stride=(1,), padding=(2,), bias=False)
    (1): GroupNorm(8, 128, eps=1e-05, affine=True)
    (2): ReLU(inplace=True)
    (3): MaxPool1d(kernel_size=2, stride=2, padding=0, dilation=1, ceil_mode=False)
    (4): Conv1d(128, 256, kernel_size=(3,), stride=(1,), padding=(1,), bias=False)
    (5): GroupNorm(8, 256, eps=1e-05, affine=True)
    (6): ReLU(inplace=True)
  )
  (pool): AdaptiveAvgPool1d(output_size=1)
)
2026-08-15 20:34:55,009 | INFO | [MODEL] shared_joint_rswa_encoder | trainable_params=92,524
2026-08-15 20:34:55,010 | INFO | RSWAFeatureEncoder(
  (paths): ModuleList(
    (0): Sequential(
      (0): Conv1d(2, 22, kernel_size=(50,), stride=(1,), padding=(25,), bias=False)
      (1): GroupNorm(2, 22, eps=1e-05, affine=True)
      (2): ReLU(inplace=True)
      (3): MaxPool1d(kernel_size=2, stride=2, padding=0, dilation=1, ceil_mode=False)
    )
    (1): Sequential(
      (0): Conv1d(2, 21, kernel_size=(150,), stride=(1,), padding=(75,), bias=False)
      (1): GroupNorm(7, 21, eps=1e-05, affine=True)
      (2): ReLU(inplace=True)
      (3): MaxPool1d(kernel_size=2, stride=2, padding=0, dilation=1, ceil_mode=False)
    )
    (2): Sequential(
      (0): Conv1d(2, 21, kernel_size=(300,), stride=(1,), padding=(150,), bias=False)
      (1): GroupNorm(7, 21, eps=1e-05, affine=True)
      (2): ReLU(inplace=True)
      (3): MaxPool1d(kernel_size=2, stride=2, padding=0, dilation=1, ceil_mode=False)
    )
  )
  (drop): Dropout(p=0.35, inplace=False)
  (se): SEBlock(
    (fc): Sequential(
      (0): AdaptiveAvgPool1d(output_size=1)
      (1): Flatten(start_dim=1, end_dim=-1)
      (2): Linear(in_features=64, out_features=8, bias=False)
      (3): ReLU(inplace=True)
      (4): Linear(in_features=8, out_features=64, bias=False)
      (5): Sigmoid()
    )
  )
  (refine): Sequential(
    (0): Conv1d(64, 64, kernel_size=(5,), stride=(1,), padding=(2,), bias=False)
    (1): GroupNorm(8, 64, eps=1e-05, affine=True)
    (2): ReLU(inplace=True)
    (3): MaxPool1d(kernel_size=2, stride=2, padding=0, dilation=1, ceil_mode=False)
    (4): Conv1d(64, 256, kernel_size=(3,), stride=(1,), padding=(1,), bias=False)
    (5): GroupNorm(8, 256, eps=1e-05, affine=True)
    (6): ReLU(inplace=True)
  )
  (pool): AdaptiveAvgPool1d(output_size=1)
)
2026-08-15 20:34:55,010 | INFO | [MODEL] shared_joint_temporal | trainable_params=876,544
2026-08-15 20:34:55,011 | INFO | MambaStack(
  (blocks): ModuleList(
    (0): BidirMambaBlock(
      sequence_impl=mamba
      (norm): LayerNorm((256,), eps=1e-05, elementwise_affine=True)
      (drop): Dropout(p=0.35, inplace=False)
      (fwd): Mamba(
        (in_proj): Linear(in_features=256, out_features=1024, bias=False)
        (conv1d): Conv1d(512, 512, kernel_size=(4,), stride=(1,), padding=(3,), groups=512)
        (act): SiLU()
        (x_proj): Linear(in_features=512, out_features=48, bias=False)
        (dt_proj): Linear(in_features=16, out_features=512, bias=True)
        (out_proj): Linear(in_features=512, out_features=256, bias=False)
      )
      (bwd): Mamba(
        (in_proj): Linear(in_features=256, out_features=1024, bias=False)
        (conv1d): Conv1d(512, 512, kernel_size=(4,), stride=(1,), padding=(3,), groups=512)
        (act): SiLU()
        (x_proj): Linear(in_features=512, out_features=48, bias=False)
        (dt_proj): Linear(in_features=16, out_features=512, bias=True)
        (out_proj): Linear(in_features=512, out_features=256, bias=False)
      )
    )
  )
  (norm_out): LayerNorm((256,), eps=1e-05, elementwise_affine=True)
)
2026-08-15 20:34:55,108 | INFO | [MODEL] joint_system | trainable_params=1,443,952
2026-08-15 20:34:55,109 | INFO | SharedBiMambaJointSystem(
  (staging_encoder): StagingCNNEncoder(
    (branches): ModuleList(
      (0): MultiKernelCNNBranch(
        (paths): ModuleList(
          (0): Sequential(
            (0): Conv1d(3, 22, kernel_size=(30,), stride=(1,), padding=(15,), bias=False)
            (1): GroupNorm(2, 22, eps=1e-05, affine=True)
            (2): ReLU(inplace=True)
            (3): MaxPool1d(kernel_size=2, stride=2, padding=0, dilation=1, ceil_mode=False)
          )
          (1): Sequential(
            (0): Conv1d(3, 21, kernel_size=(70,), stride=(1,), padding=(35,), bias=False)
            (1): GroupNorm(7, 21, eps=1e-05, affine=True)
            (2): ReLU(inplace=True)
            (3): MaxPool1d(kernel_size=2, stride=2, padding=0, dilation=1, ceil_mode=False)
          )
          (2): Sequential(
            (0): Conv1d(3, 21, kernel_size=(150,), stride=(1,), padding=(75,), bias=False)
            (1): GroupNorm(7, 21, eps=1e-05, affine=True)
            (2): ReLU(inplace=True)
            (3): MaxPool1d(kernel_size=2, stride=2, padding=0, dilation=1, ceil_mode=False)
          )
        )
        (drop): Dropout(p=0.35, inplace=False)
      )
      (1): MultiKernelCNNBranch(
        (paths): ModuleList(
          (0): Sequential(
            (0): Conv1d(1, 22, kernel_size=(50,), stride=(1,), padding=(25,), bias=False)
            (1): GroupNorm(2, 22, eps=1e-05, affine=True)
            (2): ReLU(inplace=True)
            (3): MaxPool1d(kernel_size=2, stride=2, padding=0, dilation=1, ceil_mode=False)
          )
          (1): Sequential(
            (0): Conv1d(1, 21, kernel_size=(150,), stride=(1,), padding=(75,), bias=False)
            (1): GroupNorm(7, 21, eps=1e-05, affine=True)
            (2): ReLU(inplace=True)
            (3): MaxPool1d(kernel_size=2, stride=2, padding=0, dilation=1, ceil_mode=False)
          )
          (2): Sequential(
            (0): Conv1d(1, 21, kernel_size=(250,), stride=(1,), padding=(125,), bias=False)
            (1): GroupNorm(7, 21, eps=1e-05, affine=True)
            (2): ReLU(inplace=True)
            (3): MaxPool1d(kernel_size=2, stride=2, padding=0, dilation=1, ceil_mode=False)
          )
        )
        (drop): Dropout(p=0.35, inplace=False)
      )
    )
    (se_global): SEBlock(
      (fc): Sequential(
        (0): AdaptiveAvgPool1d(output_size=1)
        (1): Flatten(start_dim=1, end_dim=-1)
        (2): Linear(in_features=128, out_features=16, bias=False)
        (3): ReLU(inplace=True)
        (4): Linear(in_features=16, out_features=128, bias=False)
        (5): Sigmoid()
      )
    )
    (refine): Sequential(
      (0): Conv1d(128, 128, kernel_size=(5,), stride=(1,), padding=(2,), bias=False)
      (1): GroupNorm(8, 128, eps=1e-05, affine=True)
      (2): ReLU(inplace=True)
      (3): MaxPool1d(kernel_size=2, stride=2, padding=0, dilation=1, ceil_mode=False)
      (4): Conv1d(128, 256, kernel_size=(3,), stride=(1,), padding=(1,), bias=False)
      (5): GroupNorm(8, 256, eps=1e-05, affine=True)
      (6): ReLU(inplace=True)
    )
    (pool): AdaptiveAvgPool1d(output_size=1)
  )
  (rswa_encoder): RSWAFeatureEncoder(
    (paths): ModuleList(
      (0): Sequential(
        (0): Conv1d(2, 22, kernel_size=(50,), stride=(1,), padding=(25,), bias=False)
        (1): GroupNorm(2, 22, eps=1e-05, affine=True)
        (2): ReLU(inplace=True)
        (3): MaxPool1d(kernel_size=2, stride=2, padding=0, dilation=1, ceil_mode=False)
      )
      (1): Sequential(
        (0): Conv1d(2, 21, kernel_size=(150,), stride=(1,), padding=(75,), bias=False)
        (1): GroupNorm(7, 21, eps=1e-05, affine=True)
        (2): ReLU(inplace=True)
        (3): MaxPool1d(kernel_size=2, stride=2, padding=0, dilation=1, ceil_mode=False)
      )
      (2): Sequential(
        (0): Conv1d(2, 21, kernel_size=(300,), stride=(1,), padding=(150,), bias=False)
        (1): GroupNorm(7, 21, eps=1e-05, affine=True)
        (2): ReLU(inplace=True)
        (3): MaxPool1d(kernel_size=2, stride=2, padding=0, dilation=1, ceil_mode=False)
      )
    )
    (drop): Dropout(p=0.35, inplace=False)
    (se): SEBlock(
      (fc): Sequential(
        (0): AdaptiveAvgPool1d(output_size=1)
        (1): Flatten(start_dim=1, end_dim=-1)
        (2): Linear(in_features=64, out_features=8, bias=False)
        (3): ReLU(inplace=True)
        (4): Linear(in_features=8, out_features=64, bias=False)
        (5): Sigmoid()
      )
    )
    (refine): Sequential(
      (0): Conv1d(64, 64, kernel_size=(5,), stride=(1,), padding=(2,), bias=False)
      (1): GroupNorm(8, 64, eps=1e-05, affine=True)
      (2): ReLU(inplace=True)
      (3): MaxPool1d(kernel_size=2, stride=2, padding=0, dilation=1, ceil_mode=False)
      (4): Conv1d(64, 256, kernel_size=(3,), stride=(1,), padding=(1,), bias=False)
      (5): GroupNorm(8, 256, eps=1e-05, affine=True)
      (6): ReLU(inplace=True)
    )
    (pool): AdaptiveAvgPool1d(output_size=1)
  )
  (fusion): Sequential(
    (0): Linear(in_features=512, out_features=256, bias=False)
    (1): LayerNorm((256,), eps=1e-05, elementwise_affine=True)
    (2): ReLU(inplace=True)
    (3): Dropout(p=0.35, inplace=False)
  )
  (temporal): MambaStack(
    (blocks): ModuleList(
      (0): BidirMambaBlock(
        sequence_impl=mamba
        (norm): LayerNorm((256,), eps=1e-05, elementwise_affine=True)
        (drop): Dropout(p=0.35, inplace=False)
        (fwd): Mamba(
          (in_proj): Linear(in_features=256, out_features=1024, bias=False)
          (conv1d): Conv1d(512, 512, kernel_size=(4,), stride=(1,), padding=(3,), groups=512)
          (act): SiLU()
          (x_proj): Linear(in_features=512, out_features=48, bias=False)
          (dt_proj): Linear(in_features=16, out_features=512, bias=True)
          (out_proj): Linear(in_features=512, out_features=256, bias=False)
        )
        (bwd): Mamba(
          (in_proj): Linear(in_features=256, out_features=1024, bias=False)
          (conv1d): Conv1d(512, 512, kernel_size=(4,), stride=(1,), padding=(3,), groups=512)
          (act): SiLU()
          (x_proj): Linear(in_features=512, out_features=48, bias=False)
          (dt_proj): Linear(in_features=16, out_features=512, bias=True)
          (out_proj): Linear(in_features=512, out_features=256, bias=False)
        )
      )
    )
    (norm_out): LayerNorm((256,), eps=1e-05, elementwise_affine=True)
  )
  (staging_classifier): Sequential(
    (0): Linear(in_features=256, out_features=128, bias=True)
    (1): ReLU(inplace=True)
    (2): Dropout(p=0.35, inplace=False)
    (3): Linear(in_features=128, out_features=5, bias=True)
  )
  (tonic_head): Sequential(
    (0): Linear(in_features=256, out_features=128, bias=True)
    (1): ReLU(inplace=True)
    (2): Dropout(p=0.35, inplace=False)
    (3): Linear(in_features=128, out_features=1, bias=True)
  )
  (phasic_head): Sequential(
    (0): Linear(in_features=256, out_features=128, bias=True)
    (1): ReLU(inplace=True)
    (2): Dropout(p=0.35, inplace=False)
    (3): Linear(in_features=128, out_features=1, bias=True)
  )
  (any_head): Sequential(
    (0): Linear(in_features=256, out_features=128, bias=True)
    (1): ReLU(inplace=True)
    (2): Dropout(p=0.35, inplace=False)
    (3): Linear(in_features=128, out_features=1, bias=True)
  )
)
2026-08-15 20:34:55,119 | INFO | Fold 0: treino=63 validação=16
2026-08-15 20:35:41,395 | INFO | fold=0 ep=001 train=40.6s val=5.7s [92mtrain_stg_loss=1.4906 train_rswa_loss=2.0411 train_rswa_head_loss(t/p/a)=1.0491/0.4584/0.5336[0m | [93mval_stg_f1=0.1123 val_stg_kappa=0.0000 val_rswa_head_loss(t/p/a)=0.6351/0.4009/0.4610 val_f1(t/p/a)=0.000/0.000/0.000 val_f1_macro=0.0000[0m
2026-08-15 20:35:41,396 | INFO | [92mtrain_stage_targets[W=99,198(14.8%) | N1=28,800(4.3%) | N2=235,033(35.2%) | N3=173,597(26.0%) | REM=131,896(19.7%)][0m
2026-08-15 20:35:41,396 | INFO | [92mtrain_stage_predictions[W=9,776(1.5%) | N1=2,457(0.4%) | N2=496,348(74.2%) | N3=136,252(20.4%) | REM=23,691(3.5%)][0m
2026-08-15 20:35:41,396 | INFO | [92mtrain_move_targets[Negative=104,147(79.0%) | Positive=27,753(21.0%)][0m
2026-08-15 20:35:41,396 | INFO | [92mtrain_move_predictions[Negative=127,599(96.7%) | Positive=4,301(3.3%)][0m
2026-08-15 20:35:41,396 | INFO | [93mval_stage_targets[W=19,591(12.6%) | N1=9,460(6.1%) | N2=60,928(39.0%) | N3=39,199(25.1%) | REM=26,870(17.2%)][0m
2026-08-15 20:35:41,396 | INFO | [93mval_stage_predictions[W=0(0.0%) | N1=0(0.0%) | N2=156,048(100.0%) | N3=0(0.0%) | REM=0(0.0%)][0m
2026-08-15 20:35:41,396 | INFO | [94mtrain_tonic_targets[Negative=129,680(98.3%) | Positive=2,220(1.7%)][0m
2026-08-15 20:35:41,397 | INFO | [94mtrain_tonic_predictions[Negative=128,951(97.8%) | Positive=2,949(2.2%)][0m
2026-08-15 20:35:41,397 | INFO | [94mval_tonic_targets[Negative=26,770(99.6%) | Positive=100(0.4%)][0m
2026-08-15 20:35:41,397 | INFO | [94mval_tonic_predictions[Negative=26,870(100.0%) | Positive=0(0.0%)][0m
2026-08-15 20:35:41,397 | INFO | [95mtrain_phasic_targets[Negative=117,430(89.0%) | Positive=14,470(11.0%)][0m
2026-08-15 20:35:41,397 | INFO | [95mtrain_phasic_predictions[Negative=130,978(99.3%) | Positive=922(0.7%)][0m
2026-08-15 20:35:41,397 | INFO | [95mval_phasic_targets[Negative=24,820(92.4%) | Positive=2,050(7.6%)][0m
2026-08-15 20:35:41,397 | INFO | [95mval_phasic_predictions[Negative=26,870(100.0%) | Positive=0(0.0%)][0m
2026-08-15 20:35:41,397 | INFO | [38;5;214mtrain_any_targets[Negative=104,147(79.0%) | Positive=27,753(21.0%)][0m
2026-08-15 20:35:41,397 | INFO | [38;5;214mtrain_any_predictions[Negative=130,139(98.7%) | Positive=1,761(1.3%)][0m
2026-08-15 20:35:41,397 | INFO | [38;5;214mval_any_targets[Negative=22,569(84.0%) | Positive=4,301(16.0%)][0m
2026-08-15 20:35:41,397 | INFO | [38;5;214mval_any_predictions[Negative=26,870(100.0%) | Positive=0(0.0%)][0m
2026-08-15 20:35:41,582 | INFO | Fold 0: novo melhor checkpoint na época 1, staging_f1_macro=0.1123
2026-08-15 20:36:23,870 | INFO | fold=0 ep=002 train=36.8s val=5.4s [92mtrain_stg_loss=1.2788 train_rswa_loss=1.4753 train_rswa_head_loss(t/p/a)=0.6677/0.3775/0.4302[0m | [93mval_stg_f1=0.3119 val_stg_kappa=0.1969 val_rswa_head_loss(t/p/a)=0.2277/0.2421/0.2892 val_f1(t/p/a)=0.178/0.530/0.671 val_f1_macro=0.4598[0m
2026-08-15 20:36:23,870 | INFO | [92mtrain_stage_targets[W=90,663(13.9%) | N1=25,346(3.9%) | N2=233,247(35.8%) | N3=170,650(26.2%) | REM=131,378(20.2%)][0m
2026-08-15 20:36:23,870 | INFO | [92mtrain_stage_predictions[W=34,145(5.2%) | N1=16(0.0%) | N2=345,762(53.1%) | N3=170,021(26.1%) | REM=101,340(15.6%)][0m
2026-08-15 20:36:23,871 | INFO | [92mtrain_move_targets[Negative=102,121(77.7%) | Positive=29,259(22.3%)][0m
2026-08-15 20:36:23,871 | INFO | [92mtrain_move_predictions[Negative=120,988(92.1%) | Positive=10,392(7.9%)][0m
2026-08-15 20:36:23,871 | INFO | [93mval_stage_targets[W=19,591(12.6%) | N1=9,460(6.1%) | N2=60,928(39.0%) | N3=39,199(25.1%) | REM=26,870(17.2%)][0m
2026-08-15 20:36:23,871 | INFO | [93mval_stage_predictions[W=18,839(12.1%) | N1=0(0.0%) | N2=33,151(21.2%) | N3=12,397(7.9%) | REM=91,661(58.7%)][0m
2026-08-15 20:36:23,871 | INFO | [94mtrain_tonic_targets[Negative=129,820(98.8%) | Positive=1,560(1.2%)][0m
2026-08-15 20:36:23,871 | INFO | [94mtrain_tonic_predictions[Negative=124,287(94.6%) | Positive=7,093(5.4%)][0m
2026-08-15 20:36:23,871 | INFO | [94mval_tonic_targets[Negative=26,770(99.6%) | Positive=100(0.4%)][0m
2026-08-15 20:36:23,871 | INFO | [94mval_tonic_predictions[Negative=25,960(96.6%) | Positive=910(3.4%)][0m
2026-08-15 20:36:23,871 | INFO | [95mtrain_phasic_targets[Negative=115,080(87.6%) | Positive=16,300(12.4%)][0m
2026-08-15 20:36:23,871 | INFO | [95mtrain_phasic_predictions[Negative=125,615(95.6%) | Positive=5,765(4.4%)][0m
2026-08-15 20:36:23,872 | INFO | [95mval_phasic_targets[Negative=24,820(92.4%) | Positive=2,050(7.6%)][0m
2026-08-15 20:36:23,872 | INFO | [95mval_phasic_predictions[Negative=25,560(95.1%) | Positive=1,310(4.9%)][0m
2026-08-15 20:36:23,872 | INFO | [38;5;214mtrain_any_targets[Negative=102,121(77.7%) | Positive=29,259(22.3%)][0m
2026-08-15 20:36:23,872 | INFO | [38;5;214mtrain_any_predictions[Negative=122,601(93.3%) | Positive=8,779(6.7%)][0m
2026-08-15 20:36:23,872 | INFO | [38;5;214mval_any_targets[Negative=22,569(84.0%) | Positive=4,301(16.0%)][0m
2026-08-15 20:36:23,872 | INFO | [38;5;214mval_any_predictions[Negative=24,361(90.7%) | Positive=2,509(9.3%)][0m
2026-08-15 20:36:24,051 | INFO | Fold 0: novo melhor checkpoint na época 2, staging_f1_macro=0.3119
2026-08-15 20:37:08,599 | INFO | fold=0 ep=003 train=39.1s val=5.4s [92mtrain_stg_loss=1.1391 train_rswa_loss=0.8448 train_rswa_head_loss(t/p/a)=0.3685/0.2220/0.2542[0m | [93mval_stg_f1=0.4203 val_stg_kappa=0.3577 val_rswa_head_loss(t/p/a)=0.1587/0.1622/0.2193 val_f1(t/p/a)=0.153/0.696/0.812 val_f1_macro=0.5536[0m
2026-08-15 20:37:08,599 | INFO | [92mtrain_stage_targets[W=103,403(15.4%) | N1=29,629(4.4%) | N2=228,137(34.0%) | N3=177,268(26.4%) | REM=133,347(19.8%)][0m
2026-08-15 20:37:08,600 | INFO | [92mtrain_stage_predictions[W=51,329(7.6%) | N1=44(0.0%) | N2=292,615(43.6%) | N3=166,290(24.8%) | REM=161,506(24.0%)][0m
2026-08-15 20:37:08,600 | INFO | [92mtrain_move_targets[Negative=103,030(77.3%) | Positive=30,320(22.7%)][0m
2026-08-15 20:37:08,600 | INFO | [92mtrain_move_predictions[Negative=107,223(80.4%) | Positive=26,127(19.6%)][0m
2026-08-15 20:37:08,600 | INFO | [93mval_stage_targets[W=19,591(12.6%) | N1=9,460(6.1%) | N2=60,928(39.0%) | N3=39,199(25.1%) | REM=26,870(17.2%)][0m
2026-08-15 20:37:08,600 | INFO | [93mval_stage_predictions[W=18,506(11.9%) | N1=0(0.0%) | N2=42,039(26.9%) | N3=27,624(17.7%) | REM=67,879(43.5%)][0m
2026-08-15 20:37:08,600 | INFO | [94mtrain_tonic_targets[Negative=132,000(99.0%) | Positive=1,350(1.0%)][0m
2026-08-15 20:37:08,600 | INFO | [94mtrain_tonic_predictions[Negative=115,405(86.5%) | Positive=17,945(13.5%)][0m
2026-08-15 20:37:08,600 | INFO | [94mval_tonic_targets[Negative=26,770(99.6%) | Positive=100(0.4%)][0m
2026-08-15 20:37:08,600 | INFO | [94mval_tonic_predictions[Negative=25,790(96.0%) | Positive=1,080(4.0%)][0m
2026-08-15 20:37:08,601 | INFO | [95mtrain_phasic_targets[Negative=115,590(86.7%) | Positive=17,760(13.3%)][0m
2026-08-15 20:37:08,601 | INFO | [95mtrain_phasic_predictions[Negative=110,119(82.6%) | Positive=23,231(17.4%)][0m
2026-08-15 20:37:08,601 | INFO | [95mval_phasic_targets[Negative=24,820(92.4%) | Positive=2,050(7.6%)][0m
2026-08-15 20:37:08,601 | INFO | [95mval_phasic_predictions[Negative=24,870(92.6%) | Positive=2,000(7.4%)][0m
2026-08-15 20:37:08,601 | INFO | [38;5;214mtrain_any_targets[Negative=103,030(77.3%) | Positive=30,320(22.7%)][0m
2026-08-15 20:37:08,601 | INFO | [38;5;214mtrain_any_predictions[Negative=107,462(80.6%) | Positive=25,888(19.4%)][0m
2026-08-15 20:37:08,601 | INFO | [38;5;214mval_any_targets[Negative=22,569(84.0%) | Positive=4,301(16.0%)][0m
2026-08-15 20:37:08,601 | INFO | [38;5;214mval_any_predictions[Negative=23,240(86.5%) | Positive=3,630(13.5%)][0m
2026-08-15 20:37:08,784 | INFO | Fold 0: novo melhor checkpoint na época 3, staging_f1_macro=0.4203
2026-08-15 20:37:50,611 | INFO | fold=0 ep=004 train=36.4s val=5.4s [92mtrain_stg_loss=0.9599 train_rswa_loss=0.8137 train_rswa_head_loss(t/p/a)=0.3751/0.2064/0.2322[0m | [93mval_stg_f1=0.3988 val_stg_kappa=0.3492 val_rswa_head_loss(t/p/a)=0.1780/0.2919/0.3414 val_f1(t/p/a)=0.194/0.508/0.657 val_f1_macro=0.4529[0m
2026-08-15 20:37:50,611 | INFO | [92mtrain_stage_targets[W=87,304(13.5%) | N1=26,358(4.1%) | N2=238,385(36.9%) | N3=166,858(25.8%) | REM=126,709(19.6%)][0m
2026-08-15 20:37:50,612 | INFO | [92mtrain_stage_predictions[W=66,081(10.2%) | N1=314(0.0%) | N2=268,187(41.5%) | N3=163,948(25.4%) | REM=147,084(22.8%)][0m
2026-08-15 20:37:50,612 | INFO | [92mtrain_move_targets[Negative=97,820(77.2%) | Positive=28,890(22.8%)][0m
2026-08-15 20:37:50,612 | INFO | [92mtrain_move_predictions[Negative=99,492(78.5%) | Positive=27,218(21.5%)][0m
2026-08-15 20:37:50,612 | INFO | [93mval_stage_targets[W=19,591(12.6%) | N1=9,460(6.1%) | N2=60,928(39.0%) | N3=39,199(25.1%) | REM=26,870(17.2%)][0m
2026-08-15 20:37:50,612 | INFO | [93mval_stage_predictions[W=10,581(6.8%) | N1=0(0.0%) | N2=26,798(17.2%) | N3=48,316(31.0%) | REM=70,353(45.1%)][0m
2026-08-15 20:37:50,612 | INFO | [94mtrain_tonic_targets[Negative=124,600(98.3%) | Positive=2,110(1.7%)][0m
2026-08-15 20:37:50,612 | INFO | [94mtrain_tonic_predictions[Negative=111,216(87.8%) | Positive=15,494(12.2%)][0m
2026-08-15 20:37:50,612 | INFO | [94mval_tonic_targets[Negative=26,770(99.6%) | Positive=100(0.4%)][0m
2026-08-15 20:37:50,613 | INFO | [94mval_tonic_predictions[Negative=26,040(96.9%) | Positive=830(3.1%)][0m
2026-08-15 20:37:50,613 | INFO | [95mtrain_phasic_targets[Negative=111,410(87.9%) | Positive=15,300(12.1%)][0m
2026-08-15 20:37:50,613 | INFO | [95mtrain_phasic_predictions[Negative=102,076(80.6%) | Positive=24,634(19.4%)][0m
2026-08-15 20:37:50,613 | INFO | [95mval_phasic_targets[Negative=24,820(92.4%) | Positive=2,050(7.6%)][0m
2026-08-15 20:37:50,613 | INFO | [95mval_phasic_predictions[Negative=25,730(95.8%) | Positive=1,140(4.2%)][0m
2026-08-15 20:37:50,613 | INFO | [38;5;214mtrain_any_targets[Negative=97,820(77.2%) | Positive=28,890(22.8%)][0m
2026-08-15 20:37:50,613 | INFO | [38;5;214mtrain_any_predictions[Negative=99,661(78.7%) | Positive=27,049(21.3%)][0m
2026-08-15 20:37:50,613 | INFO | [38;5;214mval_any_targets[Negative=22,569(84.0%) | Positive=4,301(16.0%)][0m
2026-08-15 20:37:50,613 | INFO | [38;5;214mval_any_predictions[Negative=24,537(91.3%) | Positive=2,333(8.7%)][0m
2026-08-15 20:38:33,619 | INFO | fold=0 ep=005 train=37.4s val=5.4s [92mtrain_stg_loss=1.0095 train_rswa_loss=0.7692 train_rswa_head_loss(t/p/a)=0.3195/0.1987/0.2510[0m | [93mval_stg_f1=0.4569 val_stg_kappa=0.4055 val_rswa_head_loss(t/p/a)=0.1654/0.1647/0.2177 val_f1(t/p/a)=0.195/0.729/0.807 val_f1_macro=0.5770[0m
2026-08-15 20:38:33,619 | INFO | [92mtrain_stage_targets[W=115,844(17.4%) | N1=29,238(4.4%) | N2=218,095(32.8%) | N3=174,398(26.2%) | REM=126,969(19.1%)][0m
2026-08-15 20:38:33,620 | INFO | [92mtrain_stage_predictions[W=98,974(14.9%) | N1=579(0.1%) | N2=231,695(34.9%) | N3=172,662(26.0%) | REM=160,634(24.2%)][0m
2026-08-15 20:38:33,620 | INFO | [92mtrain_move_targets[Negative=95,020(74.8%) | Positive=31,950(25.2%)][0m
2026-08-15 20:38:33,620 | INFO | [92mtrain_move_predictions[Negative=97,311(76.6%) | Positive=29,659(23.4%)][0m
2026-08-15 20:38:33,620 | INFO | [93mval_stage_targets[W=19,591(12.6%) | N1=9,460(6.1%) | N2=60,928(39.0%) | N3=39,199(25.1%) | REM=26,870(17.2%)][0m
2026-08-15 20:38:33,620 | INFO | [93mval_stage_predictions[W=23,141(14.8%) | N1=0(0.0%) | N2=35,598(22.8%) | N3=27,606(17.7%) | REM=69,703(44.7%)][0m
2026-08-15 20:38:33,620 | INFO | [94mtrain_tonic_targets[Negative=125,750(99.0%) | Positive=1,220(1.0%)][0m
2026-08-15 20:38:33,620 | INFO | [94mtrain_tonic_predictions[Negative=111,484(87.8%) | Positive=15,486(12.2%)][0m
2026-08-15 20:38:33,620 | INFO | [94mval_tonic_targets[Negative=26,770(99.6%) | Positive=100(0.4%)][0m
2026-08-15 20:38:33,621 | INFO | [94mval_tonic_predictions[Negative=26,150(97.3%) | Positive=720(2.7%)][0m
2026-08-15 20:38:33,621 | INFO | [95mtrain_phasic_targets[Negative=107,910(85.0%) | Positive=19,060(15.0%)][0m
2026-08-15 20:38:33,621 | INFO | [95mtrain_phasic_predictions[Negative=100,131(78.9%) | Positive=26,839(21.1%)][0m
2026-08-15 20:38:33,621 | INFO | [95mval_phasic_targets[Negative=24,820(92.4%) | Positive=2,050(7.6%)][0m
2026-08-15 20:38:33,621 | INFO | [95mval_phasic_predictions[Negative=24,860(92.5%) | Positive=2,010(7.5%)][0m
2026-08-15 20:38:33,621 | INFO | [38;5;214mtrain_any_targets[Negative=95,020(74.8%) | Positive=31,950(25.2%)][0m
2026-08-15 20:38:33,621 | INFO | [38;5;214mtrain_any_predictions[Negative=97,465(76.8%) | Positive=29,505(23.2%)][0m
2026-08-15 20:38:33,621 | INFO | [38;5;214mval_any_targets[Negative=22,569(84.0%) | Positive=4,301(16.0%)][0m
2026-08-15 20:38:33,621 | INFO | [38;5;214mval_any_predictions[Negative=23,454(87.3%) | Positive=3,416(12.7%)][0m
2026-08-15 20:38:33,798 | INFO | Fold 0: novo melhor checkpoint na época 5, staging_f1_macro=0.4569
2026-08-15 20:39:15,966 | INFO | fold=0 ep=006 train=36.8s val=5.4s [92mtrain_stg_loss=0.9020 train_rswa_loss=0.6207 train_rswa_head_loss(t/p/a)=0.2462/0.1664/0.2081[0m | [93mval_stg_f1=0.4794 val_stg_kappa=0.4341 val_rswa_head_loss(t/p/a)=0.2312/0.2597/0.3203 val_f1(t/p/a)=0.275/0.554/0.680 val_f1_macro=0.5028[0m
2026-08-15 20:39:15,966 | INFO | [92mtrain_stage_targets[W=111,694(17.1%) | N1=30,276(4.6%) | N2=226,565(34.7%) | N3=163,240(25.0%) | REM=120,289(18.4%)][0m
2026-08-15 20:39:15,967 | INFO | [92mtrain_stage_predictions[W=105,513(16.2%) | N1=211(0.0%) | N2=247,926(38.0%) | N3=147,806(22.7%) | REM=150,608(23.1%)][0m
2026-08-15 20:39:15,967 | INFO | [92mtrain_move_targets[Negative=93,176(77.5%) | Positive=27,114(22.5%)][0m
2026-08-15 20:39:15,967 | INFO | [92mtrain_move_predictions[Negative=95,901(79.7%) | Positive=24,389(20.3%)][0m
2026-08-15 20:39:15,967 | INFO | [93mval_stage_targets[W=19,591(12.6%) | N1=9,460(6.1%) | N2=60,928(39.0%) | N3=39,199(25.1%) | REM=26,870(17.2%)][0m
2026-08-15 20:39:15,967 | INFO | [93mval_stage_predictions[W=19,935(12.8%) | N1=0(0.0%) | N2=40,159(25.7%) | N3=28,902(18.5%) | REM=67,052(43.0%)][0m
2026-08-15 20:39:15,967 | INFO | [94mtrain_tonic_targets[Negative=119,200(99.1%) | Positive=1,090(0.9%)][0m
2026-08-15 20:39:15,967 | INFO | [94mtrain_tonic_predictions[Negative=109,435(91.0%) | Positive=10,855(9.0%)][0m
2026-08-15 20:39:15,967 | INFO | [94mval_tonic_targets[Negative=26,770(99.6%) | Positive=100(0.4%)][0m
2026-08-15 20:39:15,968 | INFO | [94mval_tonic_predictions[Negative=26,460(98.5%) | Positive=410(1.5%)][0m
2026-08-15 20:39:15,968 | INFO | [95mtrain_phasic_targets[Negative=104,820(87.1%) | Positive=15,470(12.9%)][0m
2026-08-15 20:39:15,968 | INFO | [95mtrain_phasic_predictions[Negative=97,950(81.4%) | Positive=22,340(18.6%)][0m
2026-08-15 20:39:15,968 | INFO | [95mval_phasic_targets[Negative=24,820(92.4%) | Positive=2,050(7.6%)][0m
2026-08-15 20:39:15,968 | INFO | [95mval_phasic_predictions[Negative=25,560(95.1%) | Positive=1,310(4.9%)][0m
2026-08-15 20:39:15,968 | INFO | [38;5;214mtrain_any_targets[Negative=93,176(77.5%) | Positive=27,114(22.5%)][0m
2026-08-15 20:39:15,968 | INFO | [38;5;214mtrain_any_predictions[Negative=96,111(79.9%) | Positive=24,179(20.1%)][0m
2026-08-15 20:39:15,968 | INFO | [38;5;214mval_any_targets[Negative=22,569(84.0%) | Positive=4,301(16.0%)][0m
2026-08-15 20:39:15,968 | INFO | [38;5;214mval_any_predictions[Negative=24,398(90.8%) | Positive=2,472(9.2%)][0m
2026-08-15 20:39:16,151 | INFO | Fold 0: novo melhor checkpoint na época 6, staging_f1_macro=0.4794
2026-08-15 20:39:58,450 | INFO | fold=0 ep=007 train=36.9s val=5.4s [92mtrain_stg_loss=0.7640 train_rswa_loss=0.6956 train_rswa_head_loss(t/p/a)=0.3301/0.1690/0.1965[0m | [93mval_stg_f1=0.5218 val_stg_kappa=0.5005 val_rswa_head_loss(t/p/a)=0.1433/0.1770/0.2178 val_f1(t/p/a)=0.160/0.668/0.801 val_f1_macro=0.5432[0m
2026-08-15 20:39:58,450 | INFO | [92mtrain_stage_targets[W=79,297(12.2%) | N1=29,837(4.6%) | N2=246,695(37.8%) | N3=160,389(24.6%) | REM=136,116(20.9%)][0m
2026-08-15 20:39:58,450 | INFO | [92mtrain_stage_predictions[W=95,517(14.6%) | N1=490(0.1%) | N2=268,933(41.2%) | N3=148,468(22.8%) | REM=138,926(21.3%)][0m
2026-08-15 20:39:58,450 | INFO | [92mtrain_move_targets[Negative=103,277(75.9%) | Positive=32,843(24.1%)][0m
2026-08-15 20:39:58,451 | INFO | [92mtrain_move_predictions[Negative=105,853(77.8%) | Positive=30,267(22.2%)][0m
2026-08-15 20:39:58,451 | INFO | [93mval_stage_targets[W=19,591(12.6%) | N1=9,460(6.1%) | N2=60,928(39.0%) | N3=39,199(25.1%) | REM=26,870(17.2%)][0m
2026-08-15 20:39:58,451 | INFO | [93mval_stage_predictions[W=16,065(10.3%) | N1=103(0.1%) | N2=50,857(32.6%) | N3=36,266(23.2%) | REM=52,757(33.8%)][0m
2026-08-15 20:39:58,451 | INFO | [94mtrain_tonic_targets[Negative=134,040(98.5%) | Positive=2,080(1.5%)][0m
2026-08-15 20:39:58,451 | INFO | [94mtrain_tonic_predictions[Negative=122,464(90.0%) | Positive=13,656(10.0%)][0m
2026-08-15 20:39:58,451 | INFO | [94mval_tonic_targets[Negative=26,770(99.6%) | Positive=100(0.4%)][0m
2026-08-15 20:39:58,451 | INFO | [94mval_tonic_predictions[Negative=25,970(96.7%) | Positive=900(3.3%)][0m
2026-08-15 20:39:58,451 | INFO | [95mtrain_phasic_targets[Negative=117,360(86.2%) | Positive=18,760(13.8%)][0m
2026-08-15 20:39:58,451 | INFO | [95mtrain_phasic_predictions[Negative=108,486(79.7%) | Positive=27,634(20.3%)][0m
2026-08-15 20:39:58,451 | INFO | [95mval_phasic_targets[Negative=24,820(92.4%) | Positive=2,050(7.6%)][0m
2026-08-15 20:39:58,451 | INFO | [95mval_phasic_predictions[Negative=25,090(93.4%) | Positive=1,780(6.6%)][0m
2026-08-15 20:39:58,452 | INFO | [38;5;214mtrain_any_targets[Negative=103,277(75.9%) | Positive=32,843(24.1%)][0m
2026-08-15 20:39:58,452 | INFO | [38;5;214mtrain_any_predictions[Negative=106,109(78.0%) | Positive=30,011(22.0%)][0m
2026-08-15 20:39:58,452 | INFO | [38;5;214mval_any_targets[Negative=22,569(84.0%) | Positive=4,301(16.0%)][0m
2026-08-15 20:39:58,452 | INFO | [38;5;214mval_any_predictions[Negative=23,521(87.5%) | Positive=3,349(12.5%)][0m
2026-08-15 20:39:58,641 | INFO | Fold 0: novo melhor checkpoint na época 7, staging_f1_macro=0.5218
2026-08-15 20:40:40,348 | INFO | fold=0 ep=008 train=36.3s val=5.4s [92mtrain_stg_loss=0.7926 train_rswa_loss=0.6069 train_rswa_head_loss(t/p/a)=0.2431/0.1642/0.1996[0m | [93mval_stg_f1=0.4934 val_stg_kappa=0.4661 val_rswa_head_loss(t/p/a)=0.1348/0.1820/0.2256 val_f1(t/p/a)=0.172/0.668/0.799 val_f1_macro=0.5468[0m
2026-08-15 20:40:40,348 | INFO | [92mtrain_stage_targets[W=83,714(13.0%) | N1=27,330(4.3%) | N2=238,184(37.1%) | N3=159,669(24.9%) | REM=132,857(20.7%)][0m
2026-08-15 20:40:40,349 | INFO | [92mtrain_stage_predictions[W=85,896(13.4%) | N1=1,050(0.2%) | N2=259,141(40.4%) | N3=159,457(24.8%) | REM=136,210(21.2%)][0m
2026-08-15 20:40:40,349 | INFO | [92mtrain_move_targets[Negative=102,963(77.5%) | Positive=29,897(22.5%)][0m
2026-08-15 20:40:40,349 | INFO | [92mtrain_move_predictions[Negative=105,062(79.1%) | Positive=27,798(20.9%)][0m
2026-08-15 20:40:40,349 | INFO | [93mval_stage_targets[W=19,591(12.6%) | N1=9,460(6.1%) | N2=60,928(39.0%) | N3=39,199(25.1%) | REM=26,870(17.2%)][0m
2026-08-15 20:40:40,349 | INFO | [93mval_stage_predictions[W=26,748(17.1%) | N1=0(0.0%) | N2=34,822(22.3%) | N3=36,543(23.4%) | REM=57,935(37.1%)][0m
2026-08-15 20:40:40,349 | INFO | [94mtrain_tonic_targets[Negative=130,960(98.6%) | Positive=1,900(1.4%)][0m
2026-08-15 20:40:40,349 | INFO | [94mtrain_tonic_predictions[Negative=120,863(91.0%) | Positive=11,997(9.0%)][0m
2026-08-15 20:40:40,349 | INFO | [94mval_tonic_targets[Negative=26,770(99.6%) | Positive=100(0.4%)][0m
2026-08-15 20:40:40,349 | INFO | [94mval_tonic_predictions[Negative=25,810(96.1%) | Positive=1,060(3.9%)][0m
2026-08-15 20:40:40,349 | INFO | [95mtrain_phasic_targets[Negative=116,860(88.0%) | Positive=16,000(12.0%)][0m
2026-08-15 20:40:40,350 | INFO | [95mtrain_phasic_predictions[Negative=107,926(81.2%) | Positive=24,934(18.8%)][0m
2026-08-15 20:40:40,350 | INFO | [95mval_phasic_targets[Negative=24,820(92.4%) | Positive=2,050(7.6%)][0m
2026-08-15 20:40:40,350 | INFO | [95mval_phasic_predictions[Negative=25,150(93.6%) | Positive=1,720(6.4%)][0m
2026-08-15 20:40:40,350 | INFO | [38;5;214mtrain_any_targets[Negative=102,963(77.5%) | Positive=29,897(22.5%)][0m
2026-08-15 20:40:40,350 | INFO | [38;5;214mtrain_any_predictions[Negative=105,558(79.5%) | Positive=27,302(20.5%)][0m
2026-08-15 20:40:40,350 | INFO | [38;5;214mval_any_targets[Negative=22,569(84.0%) | Positive=4,301(16.0%)][0m
2026-08-15 20:40:40,350 | INFO | [38;5;214mval_any_predictions[Negative=23,563(87.7%) | Positive=3,307(12.3%)][0m
2026-08-15 20:41:22,975 | INFO | fold=0 ep=009 train=37.1s val=5.4s [92mtrain_stg_loss=0.7321 train_rswa_loss=0.5741 train_rswa_head_loss(t/p/a)=0.2317/0.1590/0.1835[0m | [93mval_stg_f1=0.4625 val_stg_kappa=0.4155 val_rswa_head_loss(t/p/a)=0.1360/0.1300/0.1579 val_f1(t/p/a)=0.161/0.774/0.846 val_f1_macro=0.5938[0m
2026-08-15 20:41:22,975 | INFO | [92mtrain_stage_targets[W=93,750(14.3%) | N1=28,389(4.3%) | N2=237,222(36.1%) | N3=164,747(25.1%) | REM=133,096(20.3%)][0m
2026-08-15 20:41:22,975 | INFO | [92mtrain_stage_predictions[W=117,254(17.8%) | N1=971(0.1%) | N2=230,124(35.0%) | N3=155,095(23.6%) | REM=153,760(23.4%)][0m
2026-08-15 20:41:22,975 | INFO | [92mtrain_move_targets[Negative=102,966(77.4%) | Positive=30,134(22.6%)][0m
2026-08-15 20:41:22,975 | INFO | [92mtrain_move_predictions[Negative=105,338(79.1%) | Positive=27,762(20.9%)][0m
2026-08-15 20:41:22,975 | INFO | [93mval_stage_targets[W=19,591(12.6%) | N1=9,460(6.1%) | N2=60,928(39.0%) | N3=39,199(25.1%) | REM=26,870(17.2%)][0m
2026-08-15 20:41:22,975 | INFO | [93mval_stage_predictions[W=35,387(22.7%) | N1=45(0.0%) | N2=39,668(25.4%) | N3=22,287(14.3%) | REM=58,661(37.6%)][0m
2026-08-15 20:41:22,976 | INFO | [94mtrain_tonic_targets[Negative=131,320(98.7%) | Positive=1,780(1.3%)][0m
2026-08-15 20:41:22,976 | INFO | [94mtrain_tonic_predictions[Negative=121,389(91.2%) | Positive=11,711(8.8%)][0m
2026-08-15 20:41:22,976 | INFO | [94mval_tonic_targets[Negative=26,770(99.6%) | Positive=100(0.4%)][0m
2026-08-15 20:41:22,976 | INFO | [94mval_tonic_predictions[Negative=25,730(95.8%) | Positive=1,140(4.2%)][0m
2026-08-15 20:41:22,976 | INFO | [95mtrain_phasic_targets[Negative=116,700(87.7%) | Positive=16,400(12.3%)][0m
2026-08-15 20:41:22,976 | INFO | [95mtrain_phasic_predictions[Negative=108,217(81.3%) | Positive=24,883(18.7%)][0m
2026-08-15 20:41:22,976 | INFO | [95mval_phasic_targets[Negative=24,820(92.4%) | Positive=2,050(7.6%)][0m
2026-08-15 20:41:22,976 | INFO | [95mval_phasic_predictions[Negative=24,270(90.3%) | Positive=2,600(9.7%)][0m
2026-08-15 20:41:22,976 | INFO | [38;5;214mtrain_any_targets[Negative=102,966(77.4%) | Positive=30,134(22.6%)][0m
2026-08-15 20:41:22,976 | INFO | [38;5;214mtrain_any_predictions[Negative=105,779(79.5%) | Positive=27,321(20.5%)][0m
2026-08-15 20:41:22,976 | INFO | [38;5;214mval_any_targets[Negative=22,569(84.0%) | Positive=4,301(16.0%)][0m
2026-08-15 20:41:22,976 | INFO | [38;5;214mval_any_predictions[Negative=22,422(83.4%) | Positive=4,448(16.6%)][0m
2026-08-15 20:42:05,489 | INFO | fold=0 ep=010 train=37.0s val=5.4s [92mtrain_stg_loss=0.7314 train_rswa_loss=0.5400 train_rswa_head_loss(t/p/a)=0.2002/0.1550/0.1847[0m | [93mval_stg_f1=0.5447 val_stg_kappa=0.5311 val_rswa_head_loss(t/p/a)=0.1200/0.1648/0.1995 val_f1(t/p/a)=0.204/0.689/0.824 val_f1_macro=0.5725[0m
2026-08-15 20:42:05,489 | INFO | [92mtrain_stage_targets[W=97,384(14.8%) | N1=25,847(3.9%) | N2=235,777(35.9%) | N3=171,429(26.1%) | REM=126,667(19.3%)][0m
2026-08-15 20:42:05,489 | INFO | [92mtrain_stage_predictions[W=105,149(16.0%) | N1=1,964(0.3%) | N2=247,902(37.7%) | N3=156,508(23.8%) | REM=145,581(22.2%)][0m
2026-08-15 20:42:05,489 | INFO | [92mtrain_move_targets[Negative=99,123(78.3%) | Positive=27,547(21.7%)][0m
2026-08-15 20:42:05,489 | INFO | [92mtrain_move_predictions[Negative=100,079(79.0%) | Positive=26,591(21.0%)][0m
2026-08-15 20:42:05,489 | INFO | [93mval_stage_targets[W=19,591(12.6%) | N1=9,460(6.1%) | N2=60,928(39.0%) | N3=39,199(25.1%) | REM=26,870(17.2%)][0m
2026-08-15 20:42:05,490 | INFO | [93mval_stage_predictions[W=16,288(10.4%) | N1=187(0.1%) | N2=46,561(29.8%) | N3=39,335(25.2%) | REM=53,677(34.4%)][0m
2026-08-15 20:42:05,490 | INFO | [94mtrain_tonic_targets[Negative=125,330(98.9%) | Positive=1,340(1.1%)][0m
2026-08-15 20:42:05,490 | INFO | [94mtrain_tonic_predictions[Negative=117,388(92.7%) | Positive=9,282(7.3%)][0m
2026-08-15 20:42:05,490 | INFO | [94mval_tonic_targets[Negative=26,770(99.6%) | Positive=100(0.4%)][0m
2026-08-15 20:42:05,490 | INFO | [94mval_tonic_predictions[Negative=25,990(96.7%) | Positive=880(3.3%)][0m
2026-08-15 20:42:05,490 | INFO | [95mtrain_phasic_targets[Negative=111,460(88.0%) | Positive=15,210(12.0%)][0m
2026-08-15 20:42:05,490 | INFO | [95mtrain_phasic_predictions[Negative=102,709(81.1%) | Positive=23,961(18.9%)][0m
2026-08-15 20:42:05,490 | INFO | [95mval_phasic_targets[Negative=24,820(92.4%) | Positive=2,050(7.6%)][0m
2026-08-15 20:42:05,490 | INFO | [95mval_phasic_predictions[Negative=25,030(93.2%) | Positive=1,840(6.8%)][0m
2026-08-15 20:42:05,490 | INFO | [38;5;214mtrain_any_targets[Negative=99,123(78.3%) | Positive=27,547(21.7%)][0m
2026-08-15 20:42:05,490 | INFO | [38;5;214mtrain_any_predictions[Negative=100,647(79.5%) | Positive=26,023(20.5%)][0m
2026-08-15 20:42:05,490 | INFO | [38;5;214mval_any_targets[Negative=22,569(84.0%) | Positive=4,301(16.0%)][0m
2026-08-15 20:42:05,491 | INFO | [38;5;214mval_any_predictions[Negative=23,315(86.8%) | Positive=3,555(13.2%)][0m
2026-08-15 20:42:05,672 | INFO | Fold 0: novo melhor checkpoint na época 10, staging_f1_macro=0.5447
2026-08-15 20:42:47,868 | INFO | fold=0 ep=011 train=36.7s val=5.4s [92mtrain_stg_loss=0.6007 train_rswa_loss=0.5676 train_rswa_head_loss(t/p/a)=0.2295/0.1599/0.1781[0m | [93mval_stg_f1=0.5412 val_stg_kappa=0.5282 val_rswa_head_loss(t/p/a)=0.1512/0.2897/0.3234 val_f1(t/p/a)=0.243/0.487/0.685 val_f1_macro=0.4718[0m
2026-08-15 20:42:47,868 | INFO | [92mtrain_stage_targets[W=87,379(13.4%) | N1=26,548(4.1%) | N2=245,488(37.7%) | N3=160,970(24.8%) | REM=129,929(20.0%)][0m
2026-08-15 20:42:47,869 | INFO | [92mtrain_stage_predictions[W=102,493(15.8%) | N1=4,944(0.8%) | N2=257,934(39.7%) | N3=150,961(23.2%) | REM=133,982(20.6%)][0m
2026-08-15 20:42:47,869 | INFO | [92mtrain_move_targets[Negative=100,600(77.4%) | Positive=29,330(22.6%)][0m
2026-08-15 20:42:47,869 | INFO | [92mtrain_move_predictions[Negative=101,987(78.5%) | Positive=27,943(21.5%)][0m
2026-08-15 20:42:47,869 | INFO | [93mval_stage_targets[W=19,591(12.6%) | N1=9,460(6.1%) | N2=60,928(39.0%) | N3=39,199(25.1%) | REM=26,870(17.2%)][0m
2026-08-15 20:42:47,869 | INFO | [93mval_stage_predictions[W=19,883(12.7%) | N1=114(0.1%) | N2=55,301(35.4%) | N3=27,044(17.3%) | REM=53,706(34.4%)][0m
2026-08-15 20:42:47,869 | INFO | [94mtrain_tonic_targets[Negative=127,770(98.3%) | Positive=2,160(1.7%)][0m
2026-08-15 20:42:47,869 | INFO | [94mtrain_tonic_predictions[Negative=119,893(92.3%) | Positive=10,037(7.7%)][0m
2026-08-15 20:42:47,870 | INFO | [94mval_tonic_targets[Negative=26,770(99.6%) | Positive=100(0.4%)][0m
2026-08-15 20:42:47,870 | INFO | [94mval_tonic_predictions[Negative=26,230(97.6%) | Positive=640(2.4%)][0m
2026-08-15 20:42:47,870 | INFO | [95mtrain_phasic_targets[Negative=113,840(87.6%) | Positive=16,090(12.4%)][0m
2026-08-15 20:42:47,870 | INFO | [95mtrain_phasic_predictions[Negative=105,110(80.9%) | Positive=24,820(19.1%)][0m
2026-08-15 20:42:47,870 | INFO | [95mval_phasic_targets[Negative=24,820(92.4%) | Positive=2,050(7.6%)][0m
2026-08-15 20:42:47,870 | INFO | [95mval_phasic_predictions[Negative=25,880(96.3%) | Positive=990(3.7%)][0m
2026-08-15 20:42:47,870 | INFO | [38;5;214mtrain_any_targets[Negative=100,600(77.4%) | Positive=29,330(22.6%)][0m
2026-08-15 20:42:47,870 | INFO | [38;5;214mtrain_any_predictions[Negative=102,509(78.9%) | Positive=27,421(21.1%)][0m
2026-08-15 20:42:47,870 | INFO | [38;5;214mval_any_targets[Negative=22,569(84.0%) | Positive=4,301(16.0%)][0m
2026-08-15 20:42:47,870 | INFO | [38;5;214mval_any_predictions[Negative=24,396(90.8%) | Positive=2,474(9.2%)][0m
2026-08-15 20:43:30,955 | INFO | fold=0 ep=012 train=37.5s val=5.4s [92mtrain_stg_loss=0.6319 train_rswa_loss=0.6340 train_rswa_head_loss(t/p/a)=0.2804/0.1668/0.1868[0m | [93mval_stg_f1=0.5630 val_stg_kappa=0.5556 val_rswa_head_loss(t/p/a)=0.1256/0.2373/0.2803 val_f1(t/p/a)=0.286/0.572/0.736 val_f1_macro=0.5313[0m
2026-08-15 20:43:30,956 | INFO | [92mtrain_stage_targets[W=112,189(16.9%) | N1=26,347(4.0%) | N2=225,617(34.0%) | N3=173,366(26.1%) | REM=126,815(19.1%)][0m
2026-08-15 20:43:30,956 | INFO | [92mtrain_stage_predictions[W=109,081(16.4%) | N1=4,067(0.6%) | N2=246,611(37.1%) | N3=157,055(23.6%) | REM=147,520(22.2%)][0m
2026-08-15 20:43:30,956 | INFO | [92mtrain_move_targets[Negative=95,800(75.5%) | Positive=31,020(24.5%)][0m
2026-08-15 20:43:30,956 | INFO | [92mtrain_move_predictions[Negative=96,757(76.3%) | Positive=30,063(23.7%)][0m
2026-08-15 20:43:30,956 | INFO | [93mval_stage_targets[W=19,591(12.6%) | N1=9,460(6.1%) | N2=60,928(39.0%) | N3=39,199(25.1%) | REM=26,870(17.2%)][0m
2026-08-15 20:43:30,956 | INFO | [93mval_stage_predictions[W=24,149(15.5%) | N1=490(0.3%) | N2=35,074(22.5%) | N3=48,657(31.2%) | REM=47,678(30.6%)][0m
2026-08-15 20:43:30,956 | INFO | [94mtrain_tonic_targets[Negative=124,940(98.5%) | Positive=1,880(1.5%)][0m
2026-08-15 20:43:30,956 | INFO | [94mtrain_tonic_predictions[Negative=116,238(91.7%) | Positive=10,582(8.3%)][0m
2026-08-15 20:43:30,956 | INFO | [94mval_tonic_targets[Negative=26,770(99.6%) | Positive=100(0.4%)][0m
2026-08-15 20:43:30,957 | INFO | [94mval_tonic_predictions[Negative=26,270(97.8%) | Positive=600(2.2%)][0m
2026-08-15 20:43:30,957 | INFO | [95mtrain_phasic_targets[Negative=108,840(85.8%) | Positive=17,980(14.2%)][0m
2026-08-15 20:43:30,957 | INFO | [95mtrain_phasic_predictions[Negative=100,156(79.0%) | Positive=26,664(21.0%)][0m
2026-08-15 20:43:30,957 | INFO | [95mval_phasic_targets[Negative=24,820(92.4%) | Positive=2,050(7.6%)][0m
2026-08-15 20:43:30,957 | INFO | [95mval_phasic_predictions[Negative=25,740(95.8%) | Positive=1,130(4.2%)][0m
2026-08-15 20:43:30,957 | INFO | [38;5;214mtrain_any_targets[Negative=95,800(75.5%) | Positive=31,020(24.5%)][0m
2026-08-15 20:43:30,957 | INFO | [38;5;214mtrain_any_predictions[Negative=97,264(76.7%) | Positive=29,556(23.3%)][0m
2026-08-15 20:43:30,957 | INFO | [38;5;214mval_any_targets[Negative=22,569(84.0%) | Positive=4,301(16.0%)][0m
2026-08-15 20:43:30,957 | INFO | [38;5;214mval_any_predictions[Negative=24,091(89.7%) | Positive=2,779(10.3%)][0m
2026-08-15 20:43:31,134 | INFO | Fold 0: novo melhor checkpoint na época 12, staging_f1_macro=0.5630
2026-08-15 20:44:14,358 | INFO | fold=0 ep=013 train=37.8s val=5.4s [92mtrain_stg_loss=0.5810 train_rswa_loss=0.5252 train_rswa_head_loss(t/p/a)=0.2049/0.1512/0.1690[0m | [93mval_stg_f1=0.5679 val_stg_kappa=0.5802 val_rswa_head_loss(t/p/a)=0.1175/0.1750/0.1993 val_f1(t/p/a)=0.215/0.629/0.802 val_f1_macro=0.5486[0m
2026-08-15 20:44:14,358 | INFO | [92mtrain_stage_targets[W=99,224(15.0%) | N1=24,617(3.7%) | N2=242,334(36.5%) | N3=162,290(24.5%) | REM=135,089(20.4%)][0m
2026-08-15 20:44:14,359 | INFO | [92mtrain_stage_predictions[W=100,391(15.1%) | N1=6,899(1.0%) | N2=246,989(37.2%) | N3=159,869(24.1%) | REM=149,406(22.5%)][0m
2026-08-15 20:44:14,359 | INFO | [92mtrain_move_targets[Negative=104,995(77.7%) | Positive=30,095(22.3%)][0m
2026-08-15 20:44:14,359 | INFO | [92mtrain_move_predictions[Negative=106,850(79.1%) | Positive=28,240(20.9%)][0m
2026-08-15 20:44:14,359 | INFO | [93mval_stage_targets[W=19,591(12.6%) | N1=9,460(6.1%) | N2=60,928(39.0%) | N3=39,199(25.1%) | REM=26,870(17.2%)][0m
2026-08-15 20:44:14,359 | INFO | [93mval_stage_predictions[W=34,784(22.3%) | N1=524(0.3%) | N2=51,458(33.0%) | N3=31,912(20.5%) | REM=37,370(23.9%)][0m
2026-08-15 20:44:14,359 | INFO | [94mtrain_tonic_targets[Negative=133,080(98.5%) | Positive=2,010(1.5%)][0m
2026-08-15 20:44:14,359 | INFO | [94mtrain_tonic_predictions[Negative=125,330(92.8%) | Positive=9,760(7.2%)][0m
2026-08-15 20:44:14,359 | INFO | [94mval_tonic_targets[Negative=26,770(99.6%) | Positive=100(0.4%)][0m
2026-08-15 20:44:14,359 | INFO | [94mval_tonic_predictions[Negative=26,040(96.9%) | Positive=830(3.1%)][0m
2026-08-15 20:44:14,359 | INFO | [95mtrain_phasic_targets[Negative=118,830(88.0%) | Positive=16,260(12.0%)][0m
2026-08-15 20:44:14,360 | INFO | [95mtrain_phasic_predictions[Negative=109,737(81.2%) | Positive=25,353(18.8%)][0m
2026-08-15 20:44:14,360 | INFO | [95mval_phasic_targets[Negative=24,820(92.4%) | Positive=2,050(7.6%)][0m
2026-08-15 20:44:14,360 | INFO | [95mval_phasic_predictions[Negative=25,550(95.1%) | Positive=1,320(4.9%)][0m
2026-08-15 20:44:14,360 | INFO | [38;5;214mtrain_any_targets[Negative=104,995(77.7%) | Positive=30,095(22.3%)][0m
2026-08-15 20:44:14,360 | INFO | [38;5;214mtrain_any_predictions[Negative=107,370(79.5%) | Positive=27,720(20.5%)][0m
2026-08-15 20:44:14,360 | INFO | [38;5;214mval_any_targets[Negative=22,569(84.0%) | Positive=4,301(16.0%)][0m
2026-08-15 20:44:14,360 | INFO | [38;5;214mval_any_predictions[Negative=23,550(87.6%) | Positive=3,320(12.4%)][0m
2026-08-15 20:44:14,535 | INFO | Fold 0: novo melhor checkpoint na época 13, staging_f1_macro=0.5679
2026-08-15 20:44:56,718 | INFO | fold=0 ep=014 train=36.8s val=5.4s [92mtrain_stg_loss=0.5905 train_rswa_loss=0.5186 train_rswa_head_loss(t/p/a)=0.2118/0.1489/0.1579[0m | [93mval_stg_f1=0.5883 val_stg_kappa=0.5946 val_rswa_head_loss(t/p/a)=0.1517/0.1603/0.1733 val_f1(t/p/a)=0.154/0.719/0.833 val_f1_macro=0.5686[0m
2026-08-15 20:44:56,718 | INFO | [92mtrain_stage_targets[W=103,472(15.9%) | N1=26,925(4.1%) | N2=233,767(35.9%) | N3=159,190(24.5%) | REM=127,100(19.5%)][0m
2026-08-15 20:44:56,719 | INFO | [92mtrain_stage_predictions[W=104,085(16.0%) | N1=7,374(1.1%) | N2=253,215(38.9%) | N3=146,331(22.5%) | REM=139,449(21.4%)][0m
2026-08-15 20:44:56,719 | INFO | [92mtrain_move_targets[Negative=98,204(77.3%) | Positive=28,896(22.7%)][0m
2026-08-15 20:44:56,719 | INFO | [92mtrain_move_predictions[Negative=99,720(78.5%) | Positive=27,380(21.5%)][0m
2026-08-15 20:44:56,719 | INFO | [93mval_stage_targets[W=19,591(12.6%) | N1=9,460(6.1%) | N2=60,928(39.0%) | N3=39,199(25.1%) | REM=26,870(17.2%)][0m
2026-08-15 20:44:56,720 | INFO | [93mval_stage_predictions[W=28,215(18.1%) | N1=622(0.4%) | N2=46,018(29.5%) | N3=43,081(27.6%) | REM=38,112(24.4%)][0m
2026-08-15 20:44:56,720 | INFO | [94mtrain_tonic_targets[Negative=125,200(98.5%) | Positive=1,900(1.5%)][0m
2026-08-15 20:44:56,720 | INFO | [94mtrain_tonic_predictions[Negative=117,759(92.7%) | Positive=9,341(7.3%)][0m
2026-08-15 20:44:56,720 | INFO | [94mval_tonic_targets[Negative=26,770(99.6%) | Positive=100(0.4%)][0m
2026-08-15 20:44:56,720 | INFO | [94mval_tonic_predictions[Negative=25,670(95.5%) | Positive=1,200(4.5%)][0m
2026-08-15 20:44:56,721 | INFO | [95mtrain_phasic_targets[Negative=110,720(87.1%) | Positive=16,380(12.9%)][0m
2026-08-15 20:44:56,721 | INFO | [95mtrain_phasic_predictions[Negative=102,641(80.8%) | Positive=24,459(19.2%)][0m
2026-08-15 20:44:56,721 | INFO | [95mval_phasic_targets[Negative=24,820(92.4%) | Positive=2,050(7.6%)][0m
2026-08-15 20:44:56,721 | INFO | [95mval_phasic_predictions[Negative=25,360(94.4%) | Positive=1,510(5.6%)][0m
2026-08-15 20:44:56,721 | INFO | [38;5;214mtrain_any_targets[Negative=98,204(77.3%) | Positive=28,896(22.7%)][0m
2026-08-15 20:44:56,721 | INFO | [38;5;214mtrain_any_predictions[Negative=100,278(78.9%) | Positive=26,822(21.1%)][0m
2026-08-15 20:44:56,722 | INFO | [38;5;214mval_any_targets[Negative=22,569(84.0%) | Positive=4,301(16.0%)][0m
2026-08-15 20:44:56,722 | INFO | [38;5;214mval_any_predictions[Negative=23,077(85.9%) | Positive=3,793(14.1%)][0m
2026-08-15 20:44:56,943 | INFO | Fold 0: novo melhor checkpoint na época 14, staging_f1_macro=0.5883
2026-08-15 20:45:39,207 | INFO | fold=0 ep=015 train=36.8s val=5.4s [92mtrain_stg_loss=0.5964 train_rswa_loss=0.5455 train_rswa_head_loss(t/p/a)=0.2143/0.1537/0.1774[0m | [93mval_stg_f1=0.5948 val_stg_kappa=0.5499 val_rswa_head_loss(t/p/a)=0.1125/0.1252/0.1464 val_f1(t/p/a)=0.194/0.756/0.851 val_f1_macro=0.6004[0m
2026-08-15 20:45:39,208 | INFO | [92mtrain_stage_targets[W=88,942(13.6%) | N1=28,380(4.3%) | N2=235,056(36.0%) | N3=165,166(25.3%) | REM=135,210(20.7%)][0m
2026-08-15 20:45:39,208 | INFO | [92mtrain_stage_predictions[W=87,992(13.5%) | N1=9,204(1.4%) | N2=255,731(39.2%) | N3=155,795(23.9%) | REM=144,032(22.1%)][0m
2026-08-15 20:45:39,208 | INFO | [92mtrain_move_targets[Negative=102,027(75.5%) | Positive=33,183(24.5%)][0m
2026-08-15 20:45:39,208 | INFO | [92mtrain_move_predictions[Negative=103,972(76.9%) | Positive=31,238(23.1%)][0m
2026-08-15 20:45:39,208 | INFO | [93mval_stage_targets[W=19,591(12.6%) | N1=9,460(6.1%) | N2=60,928(39.0%) | N3=39,199(25.1%) | REM=26,870(17.2%)][0m
2026-08-15 20:45:39,208 | INFO | [93mval_stage_predictions[W=19,985(12.8%) | N1=2,432(1.6%) | N2=43,097(27.6%) | N3=31,408(20.1%) | REM=59,126(37.9%)][0m
2026-08-15 20:45:39,209 | INFO | [94mtrain_tonic_targets[Negative=133,680(98.9%) | Positive=1,530(1.1%)][0m
2026-08-15 20:45:39,209 | INFO | [94mtrain_tonic_predictions[Negative=125,341(92.7%) | Positive=9,869(7.3%)][0m
2026-08-15 20:45:39,209 | INFO | [94mval_tonic_targets[Negative=26,770(99.6%) | Positive=100(0.4%)][0m
2026-08-15 20:45:39,209 | INFO | [94mval_tonic_predictions[Negative=25,940(96.5%) | Positive=930(3.5%)][0m
2026-08-15 20:45:39,209 | INFO | [95mtrain_phasic_targets[Negative=116,320(86.0%) | Positive=18,890(14.0%)][0m
2026-08-15 20:45:39,209 | INFO | [95mtrain_phasic_predictions[Negative=107,647(79.6%) | Positive=27,563(20.4%)][0m
2026-08-15 20:45:39,209 | INFO | [95mval_phasic_targets[Negative=24,820(92.4%) | Positive=2,050(7.6%)][0m
2026-08-15 20:45:39,209 | INFO | [95mval_phasic_predictions[Negative=24,610(91.6%) | Positive=2,260(8.4%)][0m
2026-08-15 20:45:39,209 | INFO | [38;5;214mtrain_any_targets[Negative=102,027(75.5%) | Positive=33,183(24.5%)][0m
2026-08-15 20:45:39,209 | INFO | [38;5;214mtrain_any_predictions[Negative=104,621(77.4%) | Positive=30,589(22.6%)][0m
2026-08-15 20:45:39,210 | INFO | [38;5;214mval_any_targets[Negative=22,569(84.0%) | Positive=4,301(16.0%)][0m
2026-08-15 20:45:39,210 | INFO | [38;5;214mval_any_predictions[Negative=22,582(84.0%) | Positive=4,288(16.0%)][0m
2026-08-15 20:45:39,395 | INFO | Fold 0: novo melhor checkpoint na época 15, staging_f1_macro=0.5948
2026-08-15 20:46:22,131 | INFO | fold=0 ep=016 train=37.3s val=5.4s [92mtrain_stg_loss=0.5064 train_rswa_loss=0.4603 train_rswa_head_loss(t/p/a)=0.1695/0.1388/0.1519[0m | [93mval_stg_f1=0.6133 val_stg_kappa=0.5965 val_rswa_head_loss(t/p/a)=0.1215/0.1657/0.2024 val_f1(t/p/a)=0.278/0.707/0.817 val_f1_macro=0.6007[0m
2026-08-15 20:46:22,132 | INFO | [92mtrain_stage_targets[W=68,836(10.4%) | N1=26,208(4.0%) | N2=249,367(37.8%) | N3=175,037(26.5%) | REM=140,476(21.3%)][0m
2026-08-15 20:46:22,132 | INFO | [92mtrain_stage_predictions[W=73,104(11.1%) | N1=11,311(1.7%) | N2=256,982(38.9%) | N3=172,562(26.1%) | REM=145,965(22.1%)][0m
2026-08-15 20:46:22,132 | INFO | [92mtrain_move_targets[Negative=110,207(78.5%) | Positive=30,273(21.5%)][0m
2026-08-15 20:46:22,132 | INFO | [92mtrain_move_predictions[Negative=110,971(79.0%) | Positive=29,509(21.0%)][0m
2026-08-15 20:46:22,132 | INFO | [93mval_stage_targets[W=19,591(12.6%) | N1=9,460(6.1%) | N2=60,928(39.0%) | N3=39,199(25.1%) | REM=26,870(17.2%)][0m
2026-08-15 20:46:22,133 | INFO | [93mval_stage_predictions[W=16,964(10.9%) | N1=1,811(1.2%) | N2=56,210(36.0%) | N3=32,689(20.9%) | REM=48,374(31.0%)][0m
2026-08-15 20:46:22,133 | INFO | [94mtrain_tonic_targets[Negative=138,590(98.7%) | Positive=1,890(1.3%)][0m
2026-08-15 20:46:22,133 | INFO | [94mtrain_tonic_predictions[Negative=131,294(93.5%) | Positive=9,186(6.5%)][0m
2026-08-15 20:46:22,133 | INFO | [94mval_tonic_targets[Negative=26,770(99.6%) | Positive=100(0.4%)][0m
2026-08-15 20:46:22,133 | INFO | [94mval_tonic_predictions[Negative=26,250(97.7%) | Positive=620(2.3%)][0m
2026-08-15 20:46:22,133 | INFO | [95mtrain_phasic_targets[Negative=123,920(88.2%) | Positive=16,560(11.8%)][0m
2026-08-15 20:46:22,133 | INFO | [95mtrain_phasic_predictions[Negative=114,314(81.4%) | Positive=26,166(18.6%)][0m
2026-08-15 20:46:22,133 | INFO | [95mval_phasic_targets[Negative=24,820(92.4%) | Positive=2,050(7.6%)][0m
2026-08-15 20:46:22,133 | INFO | [95mval_phasic_predictions[Negative=25,300(94.2%) | Positive=1,570(5.8%)][0m
2026-08-15 20:46:22,133 | INFO | [38;5;214mtrain_any_targets[Negative=110,207(78.5%) | Positive=30,273(21.5%)][0m
2026-08-15 20:46:22,134 | INFO | [38;5;214mtrain_any_predictions[Negative=111,471(79.4%) | Positive=29,009(20.6%)][0m
2026-08-15 20:46:22,134 | INFO | [38;5;214mval_any_targets[Negative=22,569(84.0%) | Positive=4,301(16.0%)][0m
2026-08-15 20:46:22,134 | INFO | [38;5;214mval_any_predictions[Negative=23,423(87.2%) | Positive=3,447(12.8%)][0m
2026-08-15 20:46:22,316 | INFO | Fold 0: novo melhor checkpoint na época 16, staging_f1_macro=0.6133
2026-08-15 20:47:04,645 | INFO | fold=0 ep=017 train=36.9s val=5.4s [92mtrain_stg_loss=0.5717 train_rswa_loss=0.4936 train_rswa_head_loss(t/p/a)=0.1890/0.1474/0.1572[0m | [93mval_stg_f1=0.5861 val_stg_kappa=0.5727 val_rswa_head_loss(t/p/a)=0.1192/0.1396/0.1505 val_f1(t/p/a)=0.198/0.704/0.839 val_f1_macro=0.5803[0m
2026-08-15 20:47:04,645 | INFO | [92mtrain_stage_targets[W=105,133(16.1%) | N1=30,749(4.7%) | N2=219,656(33.6%) | N3=170,358(26.1%) | REM=127,488(19.5%)][0m
2026-08-15 20:47:04,646 | INFO | [92mtrain_stage_predictions[W=101,341(15.5%) | N1=12,557(1.9%) | N2=238,852(36.6%) | N3=159,301(24.4%) | REM=141,333(21.6%)][0m
2026-08-15 20:47:04,646 | INFO | [92mtrain_move_targets[Negative=98,380(77.2%) | Positive=29,110(22.8%)][0m
2026-08-15 20:47:04,646 | INFO | [92mtrain_move_predictions[Negative=98,982(77.6%) | Positive=28,508(22.4%)][0m
2026-08-15 20:47:04,646 | INFO | [93mval_stage_targets[W=19,591(12.6%) | N1=9,460(6.1%) | N2=60,928(39.0%) | N3=39,199(25.1%) | REM=26,870(17.2%)][0m
2026-08-15 20:47:04,646 | INFO | [93mval_stage_predictions[W=33,174(21.3%) | N1=2,634(1.7%) | N2=46,870(30.0%) | N3=31,844(20.4%) | REM=41,526(26.6%)][0m
2026-08-15 20:47:04,646 | INFO | [94mtrain_tonic_targets[Negative=125,910(98.8%) | Positive=1,580(1.2%)][0m
2026-08-15 20:47:04,646 | INFO | [94mtrain_tonic_predictions[Negative=118,234(92.7%) | Positive=9,256(7.3%)][0m
2026-08-15 20:47:04,646 | INFO | [94mval_tonic_targets[Negative=26,770(99.6%) | Positive=100(0.4%)][0m
2026-08-15 20:47:04,647 | INFO | [94mval_tonic_predictions[Negative=25,960(96.6%) | Positive=910(3.4%)][0m
2026-08-15 20:47:04,647 | INFO | [95mtrain_phasic_targets[Negative=110,740(86.9%) | Positive=16,750(13.1%)][0m
2026-08-15 20:47:04,647 | INFO | [95mtrain_phasic_predictions[Negative=102,743(80.6%) | Positive=24,747(19.4%)][0m
2026-08-15 20:47:04,647 | INFO | [95mval_phasic_targets[Negative=24,820(92.4%) | Positive=2,050(7.6%)][0m
2026-08-15 20:47:04,647 | INFO | [95mval_phasic_predictions[Negative=25,540(95.1%) | Positive=1,330(4.9%)][0m
2026-08-15 20:47:04,647 | INFO | [38;5;214mtrain_any_targets[Negative=98,380(77.2%) | Positive=29,110(22.8%)][0m
2026-08-15 20:47:04,647 | INFO | [38;5;214mtrain_any_predictions[Negative=99,475(78.0%) | Positive=28,015(22.0%)][0m
2026-08-15 20:47:04,647 | INFO | [38;5;214mval_any_targets[Negative=22,569(84.0%) | Positive=4,301(16.0%)][0m
2026-08-15 20:47:04,647 | INFO | [38;5;214mval_any_predictions[Negative=22,927(85.3%) | Positive=3,943(14.7%)][0m
2026-08-15 20:47:46,570 | INFO | fold=0 ep=018 train=36.4s val=5.4s [92mtrain_stg_loss=0.5423 train_rswa_loss=0.4987 train_rswa_head_loss(t/p/a)=0.1964/0.1478/0.1545[0m | [93mval_stg_f1=0.6013 val_stg_kappa=0.6029 val_rswa_head_loss(t/p/a)=0.1178/0.2166/0.2491 val_f1(t/p/a)=0.250/0.552/0.766 val_f1_macro=0.5228[0m
2026-08-15 20:47:46,570 | INFO | [92mtrain_stage_targets[W=87,491(13.6%) | N1=23,039(3.6%) | N2=248,467(38.6%) | N3=157,809(24.5%) | REM=126,438(19.7%)][0m
2026-08-15 20:47:46,570 | INFO | [92mtrain_stage_predictions[W=91,160(14.2%) | N1=12,301(1.9%) | N2=259,062(40.3%) | N3=149,819(23.3%) | REM=130,902(20.4%)][0m
2026-08-15 20:47:46,570 | INFO | [92mtrain_move_targets[Negative=98,290(77.7%) | Positive=28,150(22.3%)][0m
2026-08-15 20:47:46,571 | INFO | [92mtrain_move_predictions[Negative=99,811(78.9%) | Positive=26,629(21.1%)][0m
2026-08-15 20:47:46,571 | INFO | [93mval_stage_targets[W=19,591(12.6%) | N1=9,460(6.1%) | N2=60,928(39.0%) | N3=39,199(25.1%) | REM=26,870(17.2%)][0m
2026-08-15 20:47:46,571 | INFO | [93mval_stage_predictions[W=22,324(14.3%) | N1=718(0.5%) | N2=47,485(30.4%) | N3=49,203(31.5%) | REM=36,318(23.3%)][0m
2026-08-15 20:47:46,571 | INFO | [94mtrain_tonic_targets[Negative=124,100(98.1%) | Positive=2,340(1.9%)][0m
2026-08-15 20:47:46,571 | INFO | [94mtrain_tonic_predictions[Negative=117,951(93.3%) | Positive=8,489(6.7%)][0m
2026-08-15 20:47:46,571 | INFO | [94mval_tonic_targets[Negative=26,770(99.6%) | Positive=100(0.4%)][0m
2026-08-15 20:47:46,571 | INFO | [94mval_tonic_predictions[Negative=26,170(97.4%) | Positive=700(2.6%)][0m
2026-08-15 20:47:46,571 | INFO | [95mtrain_phasic_targets[Negative=111,720(88.4%) | Positive=14,720(11.6%)][0m
2026-08-15 20:47:46,571 | INFO | [95mtrain_phasic_predictions[Negative=103,142(81.6%) | Positive=23,298(18.4%)][0m
2026-08-15 20:47:46,571 | INFO | [95mval_phasic_targets[Negative=24,820(92.4%) | Positive=2,050(7.6%)][0m
2026-08-15 20:47:46,571 | INFO | [95mval_phasic_predictions[Negative=25,950(96.6%) | Positive=920(3.4%)][0m
2026-08-15 20:47:46,571 | INFO | [38;5;214mtrain_any_targets[Negative=98,290(77.7%) | Positive=28,150(22.3%)][0m
2026-08-15 20:47:46,572 | INFO | [38;5;214mtrain_any_predictions[Negative=100,298(79.3%) | Positive=26,142(20.7%)][0m
2026-08-15 20:47:46,572 | INFO | [38;5;214mval_any_targets[Negative=22,569(84.0%) | Positive=4,301(16.0%)][0m
2026-08-15 20:47:46,572 | INFO | [38;5;214mval_any_predictions[Negative=23,895(88.9%) | Positive=2,975(11.1%)][0m
2026-08-15 20:48:28,717 | INFO | fold=0 ep=019 train=36.7s val=5.4s [92mtrain_stg_loss=0.5054 train_rswa_loss=0.5027 train_rswa_head_loss(t/p/a)=0.1901/0.1490/0.1635[0m | [93mval_stg_f1=0.6226 val_stg_kappa=0.6338 val_rswa_head_loss(t/p/a)=0.1353/0.1222/0.1435 val_f1(t/p/a)=0.153/0.768/0.852 val_f1_macro=0.5910[0m
2026-08-15 20:48:28,717 | INFO | [92mtrain_stage_targets[W=89,494(13.8%) | N1=23,659(3.6%) | N2=246,617(37.9%) | N3=158,208(24.3%) | REM=132,346(20.4%)][0m
2026-08-15 20:48:28,717 | INFO | [92mtrain_stage_predictions[W=90,844(14.0%) | N1=9,954(1.5%) | N2=265,607(40.8%) | N3=146,611(22.5%) | REM=137,308(21.1%)][0m
2026-08-15 20:48:28,717 | INFO | [92mtrain_move_targets[Negative=98,509(74.4%) | Positive=33,841(25.6%)][0m
2026-08-15 20:48:28,717 | INFO | [92mtrain_move_predictions[Negative=99,647(75.3%) | Positive=32,703(24.7%)][0m
2026-08-15 20:48:28,717 | INFO | [93mval_stage_targets[W=19,591(12.6%) | N1=9,460(6.1%) | N2=60,928(39.0%) | N3=39,199(25.1%) | REM=26,870(17.2%)][0m
2026-08-15 20:48:28,717 | INFO | [93mval_stage_predictions[W=29,541(18.9%) | N1=1,409(0.9%) | N2=56,357(36.1%) | N3=39,841(25.5%) | REM=28,900(18.5%)][0m
2026-08-15 20:48:28,718 | INFO | [94mtrain_tonic_targets[Negative=130,340(98.5%) | Positive=2,010(1.5%)][0m
2026-08-15 20:48:28,718 | INFO | [94mtrain_tonic_predictions[Negative=122,053(92.2%) | Positive=10,297(7.8%)][0m
2026-08-15 20:48:28,718 | INFO | [94mval_tonic_targets[Negative=26,770(99.6%) | Positive=100(0.4%)][0m
2026-08-15 20:48:28,718 | INFO | [94mval_tonic_predictions[Negative=25,660(95.5%) | Positive=1,210(4.5%)][0m
2026-08-15 20:48:28,718 | INFO | [95mtrain_phasic_targets[Negative=112,800(85.2%) | Positive=19,550(14.8%)][0m
2026-08-15 20:48:28,718 | INFO | [95mtrain_phasic_predictions[Negative=103,994(78.6%) | Positive=28,356(21.4%)][0m
2026-08-15 20:48:28,718 | INFO | [95mval_phasic_targets[Negative=24,820(92.4%) | Positive=2,050(7.6%)][0m
2026-08-15 20:48:28,718 | INFO | [95mval_phasic_predictions[Negative=25,120(93.5%) | Positive=1,750(6.5%)][0m
2026-08-15 20:48:28,718 | INFO | [38;5;214mtrain_any_targets[Negative=98,509(74.4%) | Positive=33,841(25.6%)][0m
2026-08-15 20:48:28,718 | INFO | [38;5;214mtrain_any_predictions[Negative=100,147(75.7%) | Positive=32,203(24.3%)][0m
2026-08-15 20:48:28,718 | INFO | [38;5;214mval_any_targets[Negative=22,569(84.0%) | Positive=4,301(16.0%)][0m
2026-08-15 20:48:28,718 | INFO | [38;5;214mval_any_predictions[Negative=22,570(84.0%) | Positive=4,300(16.0%)][0m
2026-08-15 20:48:28,898 | INFO | Fold 0: novo melhor checkpoint na época 19, staging_f1_macro=0.6226
2026-08-15 20:49:11,752 | INFO | fold=0 ep=020 train=37.4s val=5.4s [92mtrain_stg_loss=0.5523 train_rswa_loss=0.4971 train_rswa_head_loss(t/p/a)=0.2099/0.1390/0.1482[0m | [93mval_stg_f1=0.6391 val_stg_kappa=0.6391 val_rswa_head_loss(t/p/a)=0.1122/0.1758/0.2026 val_f1(t/p/a)=0.215/0.637/0.804 val_f1_macro=0.5520[0m
2026-08-15 20:49:11,753 | INFO | [92mtrain_stage_targets[W=114,494(17.3%) | N1=32,027(4.8%) | N2=227,705(34.4%) | N3=163,619(24.7%) | REM=124,769(18.8%)][0m
2026-08-15 20:49:11,753 | INFO | [92mtrain_stage_predictions[W=109,155(16.5%) | N1=14,114(2.1%) | N2=245,457(37.0%) | N3=160,256(24.2%) | REM=133,632(20.2%)][0m
2026-08-15 20:49:11,753 | INFO | [92mtrain_move_targets[Negative=95,918(76.9%) | Positive=28,852(23.1%)][0m
2026-08-15 20:49:11,753 | INFO | [92mtrain_move_predictions[Negative=96,814(77.6%) | Positive=27,956(22.4%)][0m
2026-08-15 20:49:11,753 | INFO | [93mval_stage_targets[W=19,591(12.6%) | N1=9,460(6.1%) | N2=60,928(39.0%) | N3=39,199(25.1%) | REM=26,870(17.2%)][0m
2026-08-15 20:49:11,753 | INFO | [93mval_stage_predictions[W=24,657(15.8%) | N1=2,217(1.4%) | N2=50,805(32.6%) | N3=37,015(23.7%) | REM=41,354(26.5%)][0m
2026-08-15 20:49:11,753 | INFO | [94mtrain_tonic_targets[Negative=123,040(98.6%) | Positive=1,730(1.4%)][0m
2026-08-15 20:49:11,753 | INFO | [94mtrain_tonic_predictions[Negative=116,515(93.4%) | Positive=8,255(6.6%)][0m
2026-08-15 20:49:11,754 | INFO | [94mval_tonic_targets[Negative=26,770(99.6%) | Positive=100(0.4%)][0m
2026-08-15 20:49:11,754 | INFO | [94mval_tonic_predictions[Negative=26,040(96.9%) | Positive=830(3.1%)][0m
2026-08-15 20:49:11,754 | INFO | [95mtrain_phasic_targets[Negative=108,760(87.2%) | Positive=16,010(12.8%)][0m
2026-08-15 20:49:11,754 | INFO | [95mtrain_phasic_predictions[Negative=100,279(80.4%) | Positive=24,491(19.6%)][0m
2026-08-15 20:49:11,754 | INFO | [95mval_phasic_targets[Negative=24,820(92.4%) | Positive=2,050(7.6%)][0m
2026-08-15 20:49:11,754 | INFO | [95mval_phasic_predictions[Negative=25,750(95.8%) | Positive=1,120(4.2%)][0m
2026-08-15 20:49:11,754 | INFO | [38;5;214mtrain_any_targets[Negative=95,918(76.9%) | Positive=28,852(23.1%)][0m
2026-08-15 20:49:11,754 | INFO | [38;5;214mtrain_any_predictions[Negative=97,300(78.0%) | Positive=27,470(22.0%)][0m
2026-08-15 20:49:11,754 | INFO | [38;5;214mval_any_targets[Negative=22,569(84.0%) | Positive=4,301(16.0%)][0m
2026-08-15 20:49:11,754 | INFO | [38;5;214mval_any_predictions[Negative=23,463(87.3%) | Positive=3,407(12.7%)][0m
2026-08-15 20:49:11,932 | INFO | Fold 0: novo melhor checkpoint na época 20, staging_f1_macro=0.6391
2026-08-15 20:49:53,479 | INFO | fold=0 ep=021 train=36.1s val=5.4s [92mtrain_stg_loss=0.4978 train_rswa_loss=0.4391 train_rswa_head_loss(t/p/a)=0.1598/0.1325/0.1468[0m | [93mval_stg_f1=0.6579 val_stg_kappa=0.6642 val_rswa_head_loss(t/p/a)=0.1330/0.1265/0.1450 val_f1(t/p/a)=0.165/0.741/0.856 val_f1_macro=0.5877[0m
2026-08-15 20:49:53,479 | INFO | [92mtrain_stage_targets[W=84,653(13.3%) | N1=25,206(3.9%) | N2=228,972(35.8%) | N3=175,156(27.4%) | REM=124,867(19.5%)][0m
2026-08-15 20:49:53,479 | INFO | [92mtrain_stage_predictions[W=88,327(13.8%) | N1=11,889(1.9%) | N2=252,546(39.5%) | N3=160,503(25.1%) | REM=125,589(19.7%)][0m
2026-08-15 20:49:53,479 | INFO | [92mtrain_move_targets[Negative=96,284(77.1%) | Positive=28,586(22.9%)][0m
2026-08-15 20:49:53,479 | INFO | [92mtrain_move_predictions[Negative=97,244(77.9%) | Positive=27,626(22.1%)][0m
2026-08-15 20:49:53,479 | INFO | [93mval_stage_targets[W=19,591(12.6%) | N1=9,460(6.1%) | N2=60,928(39.0%) | N3=39,199(25.1%) | REM=26,870(17.2%)][0m
2026-08-15 20:49:53,480 | INFO | [93mval_stage_predictions[W=19,802(12.7%) | N1=2,057(1.3%) | N2=61,814(39.6%) | N3=36,303(23.3%) | REM=36,072(23.1%)][0m
2026-08-15 20:49:53,480 | INFO | [94mtrain_tonic_targets[Negative=123,220(98.7%) | Positive=1,650(1.3%)][0m
2026-08-15 20:49:53,480 | INFO | [94mtrain_tonic_predictions[Negative=116,885(93.6%) | Positive=7,985(6.4%)][0m
2026-08-15 20:49:53,480 | INFO | [94mval_tonic_targets[Negative=26,770(99.6%) | Positive=100(0.4%)][0m
2026-08-15 20:49:53,480 | INFO | [94mval_tonic_predictions[Negative=25,760(95.9%) | Positive=1,110(4.1%)][0m
2026-08-15 20:49:53,480 | INFO | [95mtrain_phasic_targets[Negative=108,960(87.3%) | Positive=15,910(12.7%)][0m
2026-08-15 20:49:53,480 | INFO | [95mtrain_phasic_predictions[Negative=101,100(81.0%) | Positive=23,770(19.0%)][0m
2026-08-15 20:49:53,480 | INFO | [95mval_phasic_targets[Negative=24,820(92.4%) | Positive=2,050(7.6%)][0m
2026-08-15 20:49:53,480 | INFO | [95mval_phasic_predictions[Negative=25,170(93.7%) | Positive=1,700(6.3%)][0m
2026-08-15 20:49:53,480 | INFO | [38;5;214mtrain_any_targets[Negative=96,284(77.1%) | Positive=28,586(22.9%)][0m
2026-08-15 20:49:53,480 | INFO | [38;5;214mtrain_any_predictions[Negative=97,652(78.2%) | Positive=27,218(21.8%)][0m
2026-08-15 20:49:53,480 | INFO | [38;5;214mval_any_targets[Negative=22,569(84.0%) | Positive=4,301(16.0%)][0m
2026-08-15 20:49:53,481 | INFO | [38;5;214mval_any_predictions[Negative=22,334(83.1%) | Positive=4,536(16.9%)][0m
2026-08-15 20:49:54,023 | INFO | Fold 0: novo melhor checkpoint na época 21, staging_f1_macro=0.6579
2026-08-15 20:50:35,634 | INFO | fold=0 ep=022 train=36.1s val=5.4s [92mtrain_stg_loss=0.4977 train_rswa_loss=0.4397 train_rswa_head_loss(t/p/a)=0.1552/0.1337/0.1508[0m | [93mval_stg_f1=0.6341 val_stg_kappa=0.6532 val_rswa_head_loss(t/p/a)=0.1307/0.1308/0.1524 val_f1(t/p/a)=0.163/0.700/0.844 val_f1_macro=0.5687[0m
2026-08-15 20:50:35,634 | INFO | [92mtrain_stage_targets[W=92,643(14.5%) | N1=26,137(4.1%) | N2=236,927(37.0%) | N3=161,467(25.2%) | REM=122,660(19.2%)][0m
2026-08-15 20:50:35,634 | INFO | [92mtrain_stage_predictions[W=92,351(14.4%) | N1=12,154(1.9%) | N2=251,531(39.3%) | N3=156,481(24.5%) | REM=127,317(19.9%)][0m
2026-08-15 20:50:35,634 | INFO | [92mtrain_move_targets[Negative=94,975(77.4%) | Positive=27,685(22.6%)][0m
2026-08-15 20:50:35,635 | INFO | [92mtrain_move_predictions[Negative=96,648(78.8%) | Positive=26,012(21.2%)][0m
2026-08-15 20:50:35,635 | INFO | [93mval_stage_targets[W=19,591(12.6%) | N1=9,460(6.1%) | N2=60,928(39.0%) | N3=39,199(25.1%) | REM=26,870(17.2%)][0m
2026-08-15 20:50:35,635 | INFO | [93mval_stage_predictions[W=30,915(19.8%) | N1=1,831(1.2%) | N2=55,821(35.8%) | N3=36,763(23.6%) | REM=30,718(19.7%)][0m
2026-08-15 20:50:35,635 | INFO | [94mtrain_tonic_targets[Negative=121,230(98.8%) | Positive=1,430(1.2%)][0m
2026-08-15 20:50:35,635 | INFO | [94mtrain_tonic_predictions[Negative=115,597(94.2%) | Positive=7,063(5.8%)][0m
2026-08-15 20:50:35,635 | INFO | [94mval_tonic_targets[Negative=26,770(99.6%) | Positive=100(0.4%)][0m
2026-08-15 20:50:35,635 | INFO | [94mval_tonic_predictions[Negative=25,740(95.8%) | Positive=1,130(4.2%)][0m
2026-08-15 20:50:35,635 | INFO | [95mtrain_phasic_targets[Negative=107,480(87.6%) | Positive=15,180(12.4%)][0m
2026-08-15 20:50:35,635 | INFO | [95mtrain_phasic_predictions[Negative=100,121(81.6%) | Positive=22,539(18.4%)][0m
2026-08-15 20:50:35,635 | INFO | [95mval_phasic_targets[Negative=24,820(92.4%) | Positive=2,050(7.6%)][0m
2026-08-15 20:50:35,636 | INFO | [95mval_phasic_predictions[Negative=25,520(95.0%) | Positive=1,350(5.0%)][0m
2026-08-15 20:50:35,636 | INFO | [38;5;214mtrain_any_targets[Negative=94,975(77.4%) | Positive=27,685(22.6%)][0m
2026-08-15 20:50:35,636 | INFO | [38;5;214mtrain_any_predictions[Negative=97,163(79.2%) | Positive=25,497(20.8%)][0m
2026-08-15 20:50:35,636 | INFO | [38;5;214mval_any_targets[Negative=22,569(84.0%) | Positive=4,301(16.0%)][0m
2026-08-15 20:50:35,636 | INFO | [38;5;214mval_any_predictions[Negative=22,852(85.0%) | Positive=4,018(15.0%)][0m
2026-08-15 20:51:18,189 | INFO | fold=0 ep=023 train=37.0s val=5.4s [92mtrain_stg_loss=0.4861 train_rswa_loss=0.4136 train_rswa_head_loss(t/p/a)=0.1382/0.1330/0.1424[0m | [93mval_stg_f1=0.6210 val_stg_kappa=0.5996 val_rswa_head_loss(t/p/a)=0.1219/0.1433/0.1814 val_f1(t/p/a)=0.235/0.687/0.821 val_f1_macro=0.5808[0m
2026-08-15 20:51:18,189 | INFO | [92mtrain_stage_targets[W=109,252(16.8%) | N1=32,318(5.0%) | N2=223,309(34.4%) | N3=166,488(25.6%) | REM=118,307(18.2%)][0m
2026-08-15 20:51:18,189 | INFO | [92mtrain_stage_predictions[W=111,115(17.1%) | N1=17,462(2.7%) | N2=233,097(35.9%) | N3=163,079(25.1%) | REM=124,921(19.2%)][0m
2026-08-15 20:51:18,190 | INFO | [92mtrain_move_targets[Negative=92,520(78.2%) | Positive=25,790(21.8%)][0m
2026-08-15 20:51:18,190 | INFO | [92mtrain_move_predictions[Negative=93,165(78.7%) | Positive=25,145(21.3%)][0m
2026-08-15 20:51:18,190 | INFO | [93mval_stage_targets[W=19,591(12.6%) | N1=9,460(6.1%) | N2=60,928(39.0%) | N3=39,199(25.1%) | REM=26,870(17.2%)][0m
2026-08-15 20:51:18,190 | INFO | [93mval_stage_predictions[W=32,164(20.6%) | N1=4,019(2.6%) | N2=69,505(44.5%) | N3=22,615(14.5%) | REM=27,745(17.8%)][0m
2026-08-15 20:51:18,190 | INFO | [94mtrain_tonic_targets[Negative=116,760(98.7%) | Positive=1,550(1.3%)][0m
2026-08-15 20:51:18,190 | INFO | [94mtrain_tonic_predictions[Negative=111,235(94.0%) | Positive=7,075(6.0%)][0m
2026-08-15 20:51:18,190 | INFO | [94mval_tonic_targets[Negative=26,770(99.6%) | Positive=100(0.4%)][0m
2026-08-15 20:51:18,190 | INFO | [94mval_tonic_predictions[Negative=26,120(97.2%) | Positive=750(2.8%)][0m
2026-08-15 20:51:18,190 | INFO | [95mtrain_phasic_targets[Negative=103,970(87.9%) | Positive=14,340(12.1%)][0m
2026-08-15 20:51:18,191 | INFO | [95mtrain_phasic_predictions[Negative=97,125(82.1%) | Positive=21,185(17.9%)][0m
2026-08-15 20:51:18,191 | INFO | [95mval_phasic_targets[Negative=24,820(92.4%) | Positive=2,050(7.6%)][0m
2026-08-15 20:51:18,191 | INFO | [95mval_phasic_predictions[Negative=25,570(95.2%) | Positive=1,300(4.8%)][0m
2026-08-15 20:51:18,191 | INFO | [38;5;214mtrain_any_targets[Negative=92,520(78.2%) | Positive=25,790(21.8%)][0m
2026-08-15 20:51:18,191 | INFO | [38;5;214mtrain_any_predictions[Negative=93,648(79.2%) | Positive=24,662(20.8%)][0m
2026-08-15 20:51:18,191 | INFO | [38;5;214mval_any_targets[Negative=22,569(84.0%) | Positive=4,301(16.0%)][0m
2026-08-15 20:51:18,191 | INFO | [38;5;214mval_any_predictions[Negative=23,116(86.0%) | Positive=3,754(14.0%)][0m
2026-08-15 20:52:00,901 | INFO | fold=0 ep=024 train=37.2s val=5.4s [92mtrain_stg_loss=0.4702 train_rswa_loss=0.4419 train_rswa_head_loss(t/p/a)=0.1532/0.1346/0.1540[0m | [93mval_stg_f1=0.6746 val_stg_kappa=0.6665 val_rswa_head_loss(t/p/a)=0.1278/0.1246/0.1454 val_f1(t/p/a)=0.167/0.709/0.824 val_f1_macro=0.5663[0m
2026-08-15 20:52:00,902 | INFO | [92mtrain_stage_targets[W=89,435(13.6%) | N1=27,959(4.2%) | N2=235,266(35.7%) | N3=172,766(26.2%) | REM=133,898(20.3%)][0m
2026-08-15 20:52:00,902 | INFO | [92mtrain_stage_predictions[W=90,514(13.7%) | N1=15,027(2.3%) | N2=254,554(38.6%) | N3=168,623(25.6%) | REM=130,606(19.8%)][0m
2026-08-15 20:52:00,902 | INFO | [92mtrain_move_targets[Negative=102,028(76.2%) | Positive=31,872(23.8%)][0m
2026-08-15 20:52:00,902 | INFO | [92mtrain_move_predictions[Negative=102,661(76.7%) | Positive=31,239(23.3%)][0m
2026-08-15 20:52:00,903 | INFO | [93mval_stage_targets[W=19,591(12.6%) | N1=9,460(6.1%) | N2=60,928(39.0%) | N3=39,199(25.1%) | REM=26,870(17.2%)][0m
2026-08-15 20:52:00,903 | INFO | [93mval_stage_predictions[W=24,120(15.5%) | N1=3,535(2.3%) | N2=71,634(45.9%) | N3=34,555(22.1%) | REM=22,204(14.2%)][0m
2026-08-15 20:52:00,903 | INFO | [94mtrain_tonic_targets[Negative=132,320(98.8%) | Positive=1,580(1.2%)][0m
2026-08-15 20:52:00,903 | INFO | [94mtrain_tonic_predictions[Negative=125,396(93.6%) | Positive=8,504(6.4%)][0m
2026-08-15 20:52:00,903 | INFO | [94mval_tonic_targets[Negative=26,770(99.6%) | Positive=100(0.4%)][0m
2026-08-15 20:52:00,904 | INFO | [94mval_tonic_predictions[Negative=25,770(95.9%) | Positive=1,100(4.1%)][0m
2026-08-15 20:52:00,904 | INFO | [95mtrain_phasic_targets[Negative=116,480(87.0%) | Positive=17,420(13.0%)][0m
2026-08-15 20:52:00,904 | INFO | [95mtrain_phasic_predictions[Negative=107,167(80.0%) | Positive=26,733(20.0%)][0m
2026-08-15 20:52:00,904 | INFO | [95mval_phasic_targets[Negative=24,820(92.4%) | Positive=2,050(7.6%)][0m
2026-08-15 20:52:00,904 | INFO | [95mval_phasic_predictions[Negative=24,800(92.3%) | Positive=2,070(7.7%)][0m
2026-08-15 20:52:00,905 | INFO | [38;5;214mtrain_any_targets[Negative=102,028(76.2%) | Positive=31,872(23.8%)][0m
2026-08-15 20:52:00,905 | INFO | [38;5;214mtrain_any_predictions[Negative=103,214(77.1%) | Positive=30,686(22.9%)][0m
2026-08-15 20:52:00,905 | INFO | [38;5;214mval_any_targets[Negative=22,569(84.0%) | Positive=4,301(16.0%)][0m
2026-08-15 20:52:00,905 | INFO | [38;5;214mval_any_predictions[Negative=21,641(80.5%) | Positive=5,229(19.5%)][0m
2026-08-15 20:52:01,104 | INFO | Fold 0: novo melhor checkpoint na época 24, staging_f1_macro=0.6746
2026-08-15 20:52:44,170 | INFO | fold=0 ep=025 train=37.6s val=5.4s [92mtrain_stg_loss=0.4713 train_rswa_loss=0.4387 train_rswa_head_loss(t/p/a)=0.1513/0.1380/0.1494[0m | [93mval_stg_f1=0.6545 val_stg_kappa=0.6662 val_rswa_head_loss(t/p/a)=0.1320/0.1266/0.1442 val_f1(t/p/a)=0.161/0.744/0.849 val_f1_macro=0.5848[0m
2026-08-15 20:52:44,171 | INFO | [92mtrain_stage_targets[W=101,741(15.3%) | N1=27,630(4.2%) | N2=238,806(35.9%) | N3=166,388(25.0%) | REM=129,819(19.5%)][0m
2026-08-15 20:52:44,171 | INFO | [92mtrain_stage_predictions[W=101,038(15.2%) | N1=15,355(2.3%) | N2=256,663(38.6%) | N3=157,672(23.7%) | REM=133,656(20.1%)][0m
2026-08-15 20:52:44,171 | INFO | [92mtrain_move_targets[Negative=101,659(78.3%) | Positive=28,161(21.7%)][0m
2026-08-15 20:52:44,171 | INFO | [92mtrain_move_predictions[Negative=102,531(79.0%) | Positive=27,289(21.0%)][0m
2026-08-15 20:52:44,171 | INFO | [93mval_stage_targets[W=19,591(12.6%) | N1=9,460(6.1%) | N2=60,928(39.0%) | N3=39,199(25.1%) | REM=26,870(17.2%)][0m
2026-08-15 20:52:44,171 | INFO | [93mval_stage_predictions[W=28,875(18.5%) | N1=2,603(1.7%) | N2=57,027(36.5%) | N3=35,908(23.0%) | REM=31,635(20.3%)][0m
2026-08-15 20:52:44,171 | INFO | [94mtrain_tonic_targets[Negative=128,190(98.7%) | Positive=1,630(1.3%)][0m
2026-08-15 20:52:44,171 | INFO | [94mtrain_tonic_predictions[Negative=121,966(94.0%) | Positive=7,854(6.0%)][0m
2026-08-15 20:52:44,172 | INFO | [94mval_tonic_targets[Negative=26,770(99.6%) | Positive=100(0.4%)][0m
2026-08-15 20:52:44,172 | INFO | [94mval_tonic_predictions[Negative=25,730(95.8%) | Positive=1,140(4.2%)][0m
2026-08-15 20:52:44,172 | INFO | [95mtrain_phasic_targets[Negative=114,190(88.0%) | Positive=15,630(12.0%)][0m
2026-08-15 20:52:44,172 | INFO | [95mtrain_phasic_predictions[Negative=106,448(82.0%) | Positive=23,372(18.0%)][0m
2026-08-15 20:52:44,172 | INFO | [95mval_phasic_targets[Negative=24,820(92.4%) | Positive=2,050(7.6%)][0m
2026-08-15 20:52:44,172 | INFO | [95mval_phasic_predictions[Negative=25,210(93.8%) | Positive=1,660(6.2%)][0m
2026-08-15 20:52:44,172 | INFO | [38;5;214mtrain_any_targets[Negative=101,659(78.3%) | Positive=28,161(21.7%)][0m
2026-08-15 20:52:44,172 | INFO | [38;5;214mtrain_any_predictions[Negative=103,062(79.4%) | Positive=26,758(20.6%)][0m
2026-08-15 20:52:44,172 | INFO | [38;5;214mval_any_targets[Negative=22,569(84.0%) | Positive=4,301(16.0%)][0m
2026-08-15 20:52:44,172 | INFO | [38;5;214mval_any_predictions[Negative=22,404(83.4%) | Positive=4,466(16.6%)][0m
2026-08-15 20:53:26,998 | INFO | fold=0 ep=026 train=37.3s val=5.4s [92mtrain_stg_loss=0.4373 train_rswa_loss=0.3980 train_rswa_head_loss(t/p/a)=0.1516/0.1216/0.1247[0m | [93mval_stg_f1=0.6544 val_stg_kappa=0.6690 val_rswa_head_loss(t/p/a)=0.1221/0.1486/0.1739 val_f1(t/p/a)=0.227/0.663/0.831 val_f1_macro=0.5738[0m
2026-08-15 20:53:26,998 | INFO | [92mtrain_stage_targets[W=94,897(14.5%) | N1=25,749(3.9%) | N2=236,544(36.1%) | N3=167,926(25.6%) | REM=129,938(19.8%)][0m
2026-08-15 20:53:26,999 | INFO | [92mtrain_stage_predictions[W=98,651(15.1%) | N1=16,598(2.5%) | N2=245,691(37.5%) | N3=162,603(24.8%) | REM=131,511(20.1%)][0m
2026-08-15 20:53:26,999 | INFO | [92mtrain_move_targets[Negative=103,153(79.4%) | Positive=26,787(20.6%)][0m
2026-08-15 20:53:26,999 | INFO | [92mtrain_move_predictions[Negative=103,792(79.9%) | Positive=26,148(20.1%)][0m
2026-08-15 20:53:26,999 | INFO | [93mval_stage_targets[W=19,591(12.6%) | N1=9,460(6.1%) | N2=60,928(39.0%) | N3=39,199(25.1%) | REM=26,870(17.2%)][0m
2026-08-15 20:53:26,999 | INFO | [93mval_stage_predictions[W=23,244(14.9%) | N1=1,379(0.9%) | N2=58,952(37.8%) | N3=42,373(27.2%) | REM=30,100(19.3%)][0m
2026-08-15 20:53:26,999 | INFO | [94mtrain_tonic_targets[Negative=127,770(98.3%) | Positive=2,170(1.7%)][0m
2026-08-15 20:53:26,999 | INFO | [94mtrain_tonic_predictions[Negative=122,283(94.1%) | Positive=7,657(5.9%)][0m
2026-08-15 20:53:27,000 | INFO | [94mval_tonic_targets[Negative=26,770(99.6%) | Positive=100(0.4%)][0m
2026-08-15 20:53:27,000 | INFO | [94mval_tonic_predictions[Negative=26,090(97.1%) | Positive=780(2.9%)][0m
2026-08-15 20:53:27,000 | INFO | [95mtrain_phasic_targets[Negative=116,120(89.4%) | Positive=13,820(10.6%)][0m
2026-08-15 20:53:27,000 | INFO | [95mtrain_phasic_predictions[Negative=107,470(82.7%) | Positive=22,470(17.3%)][0m
2026-08-15 20:53:27,000 | INFO | [95mval_phasic_targets[Negative=24,820(92.4%) | Positive=2,050(7.6%)][0m
2026-08-15 20:53:27,000 | INFO | [95mval_phasic_predictions[Negative=25,630(95.4%) | Positive=1,240(4.6%)][0m
2026-08-15 20:53:27,000 | INFO | [38;5;214mtrain_any_targets[Negative=103,153(79.4%) | Positive=26,787(20.6%)][0m
2026-08-15 20:53:27,000 | INFO | [38;5;214mtrain_any_predictions[Negative=104,243(80.2%) | Positive=25,697(19.8%)][0m
2026-08-15 20:53:27,000 | INFO | [38;5;214mval_any_targets[Negative=22,569(84.0%) | Positive=4,301(16.0%)][0m
2026-08-15 20:53:27,000 | INFO | [38;5;214mval_any_predictions[Negative=23,170(86.2%) | Positive=3,700(13.8%)][0m
2026-08-15 20:54:08,913 | INFO | fold=0 ep=027 train=36.4s val=5.4s [92mtrain_stg_loss=0.5149 train_rswa_loss=0.4476 train_rswa_head_loss(t/p/a)=0.1549/0.1386/0.1542[0m | [93mval_stg_f1=0.6574 val_stg_kappa=0.6800 val_rswa_head_loss(t/p/a)=0.1107/0.1608/0.1978 val_f1(t/p/a)=0.260/0.655/0.814 val_f1_macro=0.5760[0m
2026-08-15 20:54:08,914 | INFO | [92mtrain_stage_targets[W=96,055(14.8%) | N1=25,568(4.0%) | N2=228,465(35.3%) | N3=174,527(27.0%) | REM=122,349(18.9%)][0m
2026-08-15 20:54:08,914 | INFO | [92mtrain_stage_predictions[W=98,240(15.2%) | N1=13,384(2.1%) | N2=238,122(36.8%) | N3=167,369(25.9%) | REM=129,849(20.1%)][0m
2026-08-15 20:54:08,914 | INFO | [92mtrain_move_targets[Negative=93,102(76.1%) | Positive=29,248(23.9%)][0m
2026-08-15 20:54:08,914 | INFO | [92mtrain_move_predictions[Negative=93,789(76.7%) | Positive=28,561(23.3%)][0m
2026-08-15 20:54:08,914 | INFO | [93mval_stage_targets[W=19,591(12.6%) | N1=9,460(6.1%) | N2=60,928(39.0%) | N3=39,199(25.1%) | REM=26,870(17.2%)][0m
2026-08-15 20:54:08,914 | INFO | [93mval_stage_predictions[W=25,928(16.6%) | N1=1,439(0.9%) | N2=67,825(43.5%) | N3=31,431(20.1%) | REM=29,425(18.9%)][0m
2026-08-15 20:54:08,914 | INFO | [94mtrain_tonic_targets[Negative=120,540(98.5%) | Positive=1,810(1.5%)][0m
2026-08-15 20:54:08,914 | INFO | [94mtrain_tonic_predictions[Negative=114,809(93.8%) | Positive=7,541(6.2%)][0m
2026-08-15 20:54:08,914 | INFO | [94mval_tonic_targets[Negative=26,770(99.6%) | Positive=100(0.4%)][0m
2026-08-15 20:54:08,914 | INFO | [94mval_tonic_predictions[Negative=26,200(97.5%) | Positive=670(2.5%)][0m
2026-08-15 20:54:08,915 | INFO | [95mtrain_phasic_targets[Negative=106,030(86.7%) | Positive=16,320(13.3%)][0m
2026-08-15 20:54:08,915 | INFO | [95mtrain_phasic_predictions[Negative=98,355(80.4%) | Positive=23,995(19.6%)][0m
2026-08-15 20:54:08,915 | INFO | [95mval_phasic_targets[Negative=24,820(92.4%) | Positive=2,050(7.6%)][0m
2026-08-15 20:54:08,915 | INFO | [95mval_phasic_predictions[Negative=25,620(95.3%) | Positive=1,250(4.7%)][0m
2026-08-15 20:54:08,915 | INFO | [38;5;214mtrain_any_targets[Negative=93,102(76.1%) | Positive=29,248(23.9%)][0m
2026-08-15 20:54:08,915 | INFO | [38;5;214mtrain_any_predictions[Negative=94,263(77.0%) | Positive=28,087(23.0%)][0m
2026-08-15 20:54:08,915 | INFO | [38;5;214mval_any_targets[Negative=22,569(84.0%) | Positive=4,301(16.0%)][0m
2026-08-15 20:54:08,915 | INFO | [38;5;214mval_any_predictions[Negative=23,340(86.9%) | Positive=3,530(13.1%)][0m
2026-08-15 20:54:50,738 | INFO | fold=0 ep=028 train=36.3s val=5.4s [92mtrain_stg_loss=0.4744 train_rswa_loss=0.4454 train_rswa_head_loss(t/p/a)=0.1525/0.1405/0.1524[0m | [93mval_stg_f1=0.6535 val_stg_kappa=0.6481 val_rswa_head_loss(t/p/a)=0.1316/0.1404/0.1666 val_f1(t/p/a)=0.172/0.669/0.836 val_f1_macro=0.5591[0m
2026-08-15 20:54:50,739 | INFO | [92mtrain_stage_targets[W=84,312(13.1%) | N1=26,680(4.2%) | N2=239,228(37.3%) | N3=167,146(26.1%) | REM=124,178(19.4%)][0m
2026-08-15 20:54:50,739 | INFO | [92mtrain_stage_predictions[W=89,832(14.0%) | N1=9,553(1.5%) | N2=257,228(40.1%) | N3=155,135(24.2%) | REM=129,796(20.2%)][0m
2026-08-15 20:54:50,739 | INFO | [92mtrain_move_targets[Negative=94,604(76.2%) | Positive=29,576(23.8%)][0m
2026-08-15 20:54:50,739 | INFO | [92mtrain_move_predictions[Negative=95,961(77.3%) | Positive=28,219(22.7%)][0m
2026-08-15 20:54:50,739 | INFO | [93mval_stage_targets[W=19,591(12.6%) | N1=9,460(6.1%) | N2=60,928(39.0%) | N3=39,199(25.1%) | REM=26,870(17.2%)][0m
2026-08-15 20:54:50,739 | INFO | [93mval_stage_predictions[W=30,105(19.3%) | N1=3,222(2.1%) | N2=72,146(46.2%) | N3=29,907(19.2%) | REM=20,668(13.2%)][0m
2026-08-15 20:54:50,739 | INFO | [94mtrain_tonic_targets[Negative=121,940(98.2%) | Positive=2,240(1.8%)][0m
2026-08-15 20:54:50,739 | INFO | [94mtrain_tonic_predictions[Negative=116,028(93.4%) | Positive=8,152(6.6%)][0m
2026-08-15 20:54:50,739 | INFO | [94mval_tonic_targets[Negative=26,770(99.6%) | Positive=100(0.4%)][0m
2026-08-15 20:54:50,740 | INFO | [94mval_tonic_predictions[Negative=25,810(96.1%) | Positive=1,060(3.9%)][0m
2026-08-15 20:54:50,740 | INFO | [95mtrain_phasic_targets[Negative=108,390(87.3%) | Positive=15,790(12.7%)][0m
2026-08-15 20:54:50,740 | INFO | [95mtrain_phasic_predictions[Negative=101,473(81.7%) | Positive=22,707(18.3%)][0m
2026-08-15 20:54:50,740 | INFO | [95mval_phasic_targets[Negative=24,820(92.4%) | Positive=2,050(7.6%)][0m
2026-08-15 20:54:50,740 | INFO | [95mval_phasic_predictions[Negative=25,540(95.1%) | Positive=1,330(4.9%)][0m
2026-08-15 20:54:50,740 | INFO | [38;5;214mtrain_any_targets[Negative=94,604(76.2%) | Positive=29,576(23.8%)][0m
2026-08-15 20:54:50,740 | INFO | [38;5;214mtrain_any_predictions[Negative=96,444(77.7%) | Positive=27,736(22.3%)][0m
2026-08-15 20:54:50,740 | INFO | [38;5;214mval_any_targets[Negative=22,569(84.0%) | Positive=4,301(16.0%)][0m
2026-08-15 20:54:50,740 | INFO | [38;5;214mval_any_predictions[Negative=22,718(84.5%) | Positive=4,152(15.5%)][0m
2026-08-15 20:55:32,679 | INFO | fold=0 ep=029 train=36.4s val=5.4s [92mtrain_stg_loss=0.4431 train_rswa_loss=0.4023 train_rswa_head_loss(t/p/a)=0.1299/0.1279/0.1444[0m | [93mval_stg_f1=0.6588 val_stg_kappa=0.6424 val_rswa_head_loss(t/p/a)=0.1323/0.1259/0.1460 val_f1(t/p/a)=0.163/0.739/0.849 val_f1_macro=0.5833[0m
2026-08-15 20:55:32,679 | INFO | [92mtrain_stage_targets[W=118,981(18.4%) | N1=32,799(5.1%) | N2=221,625(34.3%) | N3=154,700(23.9%) | REM=118,699(18.4%)][0m
2026-08-15 20:55:32,680 | INFO | [92mtrain_stage_predictions[W=122,235(18.9%) | N1=18,017(2.8%) | N2=238,059(36.8%) | N3=149,930(23.2%) | REM=118,563(18.3%)][0m
2026-08-15 20:55:32,680 | INFO | [92mtrain_move_targets[Negative=90,734(76.4%) | Positive=27,966(23.6%)][0m
2026-08-15 20:55:32,680 | INFO | [92mtrain_move_predictions[Negative=91,514(77.1%) | Positive=27,186(22.9%)][0m
2026-08-15 20:55:32,680 | INFO | [93mval_stage_targets[W=19,591(12.6%) | N1=9,460(6.1%) | N2=60,928(39.0%) | N3=39,199(25.1%) | REM=26,870(17.2%)][0m
2026-08-15 20:55:32,680 | INFO | [93mval_stage_predictions[W=27,686(17.7%) | N1=4,871(3.1%) | N2=69,858(44.8%) | N3=24,338(15.6%) | REM=29,295(18.8%)][0m
2026-08-15 20:55:32,680 | INFO | [94mtrain_tonic_targets[Negative=117,160(98.7%) | Positive=1,540(1.3%)][0m
2026-08-15 20:55:32,680 | INFO | [94mtrain_tonic_predictions[Negative=112,022(94.4%) | Positive=6,678(5.6%)][0m
2026-08-15 20:55:32,680 | INFO | [94mval_tonic_targets[Negative=26,770(99.6%) | Positive=100(0.4%)][0m
2026-08-15 20:55:32,680 | INFO | [94mval_tonic_predictions[Negative=25,740(95.8%) | Positive=1,130(4.2%)][0m
2026-08-15 20:55:32,681 | INFO | [95mtrain_phasic_targets[Negative=103,070(86.8%) | Positive=15,630(13.2%)][0m
2026-08-15 20:55:32,681 | INFO | [95mtrain_phasic_predictions[Negative=95,624(80.6%) | Positive=23,076(19.4%)][0m
2026-08-15 20:55:32,681 | INFO | [95mval_phasic_targets[Negative=24,820(92.4%) | Positive=2,050(7.6%)][0m
2026-08-15 20:55:32,681 | INFO | [95mval_phasic_predictions[Negative=25,130(93.5%) | Positive=1,740(6.5%)][0m
2026-08-15 20:55:32,681 | INFO | [38;5;214mtrain_any_targets[Negative=90,734(76.4%) | Positive=27,966(23.6%)][0m
2026-08-15 20:55:32,681 | INFO | [38;5;214mtrain_any_predictions[Negative=91,915(77.4%) | Positive=26,785(22.6%)][0m
2026-08-15 20:55:32,681 | INFO | [38;5;214mval_any_targets[Negative=22,569(84.0%) | Positive=4,301(16.0%)][0m
2026-08-15 20:55:32,681 | INFO | [38;5;214mval_any_predictions[Negative=22,292(83.0%) | Positive=4,578(17.0%)][0m
2026-08-15 20:56:15,566 | INFO | fold=0 ep=030 train=37.3s val=5.4s [92mtrain_stg_loss=0.4348 train_rswa_loss=0.4106 train_rswa_head_loss(t/p/a)=0.1303/0.1307/0.1496[0m | [93mval_stg_f1=0.6848 val_stg_kappa=0.6844 val_rswa_head_loss(t/p/a)=0.1297/0.1438/0.1729 val_f1(t/p/a)=0.167/0.693/0.793 val_f1_macro=0.5508[0m
2026-08-15 20:56:15,567 | INFO | [92mtrain_stage_targets[W=96,913(14.7%) | N1=29,050(4.4%) | N2=234,216(35.5%) | N3=170,428(25.8%) | REM=128,757(19.5%)][0m
2026-08-15 20:56:15,567 | INFO | [92mtrain_stage_predictions[W=95,139(14.4%) | N1=19,402(2.9%) | N2=254,575(38.6%) | N3=162,106(24.6%) | REM=128,142(19.4%)][0m
2026-08-15 20:56:15,567 | INFO | [92mtrain_move_targets[Negative=99,186(77.0%) | Positive=29,574(23.0%)][0m
2026-08-15 20:56:15,567 | INFO | [92mtrain_move_predictions[Negative=100,169(77.8%) | Positive=28,591(22.2%)][0m
2026-08-15 20:56:15,567 | INFO | [93mval_stage_targets[W=19,591(12.6%) | N1=9,460(6.1%) | N2=60,928(39.0%) | N3=39,199(25.1%) | REM=26,870(17.2%)][0m
2026-08-15 20:56:15,567 | INFO | [93mval_stage_predictions[W=22,662(14.5%) | N1=3,593(2.3%) | N2=64,168(41.1%) | N3=34,330(22.0%) | REM=31,295(20.1%)][0m
2026-08-15 20:56:15,568 | INFO | [94mtrain_tonic_targets[Negative=127,270(98.8%) | Positive=1,490(1.2%)][0m
2026-08-15 20:56:15,568 | INFO | [94mtrain_tonic_predictions[Negative=122,007(94.8%) | Positive=6,753(5.2%)][0m
2026-08-15 20:56:15,568 | INFO | [94mval_tonic_targets[Negative=26,770(99.6%) | Positive=100(0.4%)][0m
2026-08-15 20:56:15,568 | INFO | [94mval_tonic_predictions[Negative=25,770(95.9%) | Positive=1,100(4.1%)][0m
2026-08-15 20:56:15,568 | INFO | [95mtrain_phasic_targets[Negative=112,760(87.6%) | Positive=16,000(12.4%)][0m
2026-08-15 20:56:15,568 | INFO | [95mtrain_phasic_predictions[Negative=104,657(81.3%) | Positive=24,103(18.7%)][0m
2026-08-15 20:56:15,568 | INFO | [95mval_phasic_targets[Negative=24,820(92.4%) | Positive=2,050(7.6%)][0m
2026-08-15 20:56:15,568 | INFO | [95mval_phasic_predictions[Negative=24,100(89.7%) | Positive=2,770(10.3%)][0m
2026-08-15 20:56:15,568 | INFO | [38;5;214mtrain_any_targets[Negative=99,186(77.0%) | Positive=29,574(23.0%)][0m
2026-08-15 20:56:15,568 | INFO | [38;5;214mtrain_any_predictions[Negative=100,686(78.2%) | Positive=28,074(21.8%)][0m
2026-08-15 20:56:15,568 | INFO | [38;5;214mval_any_targets[Negative=22,569(84.0%) | Positive=4,301(16.0%)][0m
2026-08-15 20:56:15,568 | INFO | [38;5;214mval_any_predictions[Negative=20,819(77.5%) | Positive=6,051(22.5%)][0m
2026-08-15 20:56:15,747 | INFO | Fold 0: novo melhor checkpoint na época 30, staging_f1_macro=0.6848
2026-08-15 20:56:57,978 | INFO | fold=0 ep=031 train=36.8s val=5.4s [92mtrain_stg_loss=0.4429 train_rswa_loss=0.3797 train_rswa_head_loss(t/p/a)=0.1179/0.1239/0.1379[0m | [93mval_stg_f1=0.6915 val_stg_kappa=0.6833 val_rswa_head_loss(t/p/a)=0.1184/0.1316/0.1511 val_f1(t/p/a)=0.194/0.682/0.844 val_f1_macro=0.5736[0m
2026-08-15 20:56:57,978 | INFO | [92mtrain_stage_targets[W=90,228(13.8%) | N1=28,489(4.4%) | N2=227,164(34.7%) | N3=174,876(26.7%) | REM=133,437(20.4%)][0m
2026-08-15 20:56:57,978 | INFO | [92mtrain_stage_predictions[W=93,291(14.3%) | N1=17,528(2.7%) | N2=235,778(36.0%) | N3=171,268(26.2%) | REM=136,329(20.8%)][0m
2026-08-15 20:56:57,978 | INFO | [92mtrain_move_targets[Negative=102,512(76.8%) | Positive=30,928(23.2%)][0m
2026-08-15 20:56:57,978 | INFO | [92mtrain_move_predictions[Negative=104,055(78.0%) | Positive=29,385(22.0%)][0m
2026-08-15 20:56:57,978 | INFO | [93mval_stage_targets[W=19,591(12.6%) | N1=9,460(6.1%) | N2=60,928(39.0%) | N3=39,199(25.1%) | REM=26,870(17.2%)][0m
2026-08-15 20:56:57,978 | INFO | [93mval_stage_predictions[W=23,136(14.8%) | N1=4,320(2.8%) | N2=70,977(45.5%) | N3=28,750(18.4%) | REM=28,865(18.5%)][0m
2026-08-15 20:56:57,978 | INFO | [94mtrain_tonic_targets[Negative=131,810(98.8%) | Positive=1,630(1.2%)][0m
2026-08-15 20:56:57,979 | INFO | [94mtrain_tonic_predictions[Negative=125,892(94.3%) | Positive=7,548(5.7%)][0m
2026-08-15 20:56:57,979 | INFO | [94mval_tonic_targets[Negative=26,770(99.6%) | Positive=100(0.4%)][0m
2026-08-15 20:56:57,979 | INFO | [94mval_tonic_predictions[Negative=25,940(96.5%) | Positive=930(3.5%)][0m
2026-08-15 20:56:57,979 | INFO | [95mtrain_phasic_targets[Negative=115,940(86.9%) | Positive=17,500(13.1%)][0m
2026-08-15 20:56:57,979 | INFO | [95mtrain_phasic_predictions[Negative=109,288(81.9%) | Positive=24,152(18.1%)][0m
2026-08-15 20:56:57,979 | INFO | [95mval_phasic_targets[Negative=24,820(92.4%) | Positive=2,050(7.6%)][0m
2026-08-15 20:56:57,979 | INFO | [95mval_phasic_predictions[Negative=25,520(95.0%) | Positive=1,350(5.0%)][0m
2026-08-15 20:56:57,979 | INFO | [38;5;214mtrain_any_targets[Negative=102,512(76.8%) | Positive=30,928(23.2%)][0m
2026-08-15 20:56:57,979 | INFO | [38;5;214mtrain_any_predictions[Negative=104,456(78.3%) | Positive=28,984(21.7%)][0m
2026-08-15 20:56:57,979 | INFO | [38;5;214mval_any_targets[Negative=22,569(84.0%) | Positive=4,301(16.0%)][0m
2026-08-15 20:56:57,979 | INFO | [38;5;214mval_any_predictions[Negative=22,587(84.1%) | Positive=4,283(15.9%)][0m
2026-08-15 20:56:58,158 | INFO | Fold 0: novo melhor checkpoint na época 31, staging_f1_macro=0.6915
2026-08-15 20:57:40,896 | INFO | fold=0 ep=032 train=37.3s val=5.4s [92mtrain_stg_loss=0.4444 train_rswa_loss=0.4052 train_rswa_head_loss(t/p/a)=0.1251/0.1310/0.1492[0m | [93mval_stg_f1=0.6692 val_stg_kappa=0.6784 val_rswa_head_loss(t/p/a)=0.1162/0.1313/0.1469 val_f1(t/p/a)=0.194/0.712/0.845 val_f1_macro=0.5838[0m
2026-08-15 20:57:40,897 | INFO | [92mtrain_stage_targets[W=87,929(13.3%) | N1=25,766(3.9%) | N2=240,945(36.3%) | N3=176,628(26.6%) | REM=131,926(19.9%)][0m
2026-08-15 20:57:40,897 | INFO | [92mtrain_stage_predictions[W=88,003(13.3%) | N1=15,218(2.3%) | N2=254,481(38.4%) | N3=173,676(26.2%) | REM=131,816(19.9%)][0m
2026-08-15 20:57:40,897 | INFO | [92mtrain_move_targets[Negative=100,410(76.1%) | Positive=31,520(23.9%)][0m
2026-08-15 20:57:40,897 | INFO | [92mtrain_move_predictions[Negative=100,883(76.5%) | Positive=31,047(23.5%)][0m
2026-08-15 20:57:40,897 | INFO | [93mval_stage_targets[W=19,591(12.6%) | N1=9,460(6.1%) | N2=60,928(39.0%) | N3=39,199(25.1%) | REM=26,870(17.2%)][0m
2026-08-15 20:57:40,897 | INFO | [93mval_stage_predictions[W=25,811(16.5%) | N1=2,297(1.5%) | N2=73,005(46.8%) | N3=28,114(18.0%) | REM=26,821(17.2%)][0m
2026-08-15 20:57:40,897 | INFO | [94mtrain_tonic_targets[Negative=130,220(98.7%) | Positive=1,710(1.3%)][0m
2026-08-15 20:57:40,897 | INFO | [94mtrain_tonic_predictions[Negative=125,400(95.1%) | Positive=6,530(4.9%)][0m
2026-08-15 20:57:40,897 | INFO | [94mval_tonic_targets[Negative=26,770(99.6%) | Positive=100(0.4%)][0m
2026-08-15 20:57:40,897 | INFO | [94mval_tonic_predictions[Negative=25,940(96.5%) | Positive=930(3.5%)][0m
2026-08-15 20:57:40,898 | INFO | [95mtrain_phasic_targets[Negative=113,920(86.3%) | Positive=18,010(13.7%)][0m
2026-08-15 20:57:40,898 | INFO | [95mtrain_phasic_predictions[Negative=106,286(80.6%) | Positive=25,644(19.4%)][0m
2026-08-15 20:57:40,898 | INFO | [95mval_phasic_targets[Negative=24,820(92.4%) | Positive=2,050(7.6%)][0m
2026-08-15 20:57:40,898 | INFO | [95mval_phasic_predictions[Negative=25,380(94.5%) | Positive=1,490(5.5%)][0m
2026-08-15 20:57:40,898 | INFO | [38;5;214mtrain_any_targets[Negative=100,410(76.1%) | Positive=31,520(23.9%)][0m
2026-08-15 20:57:40,898 | INFO | [38;5;214mtrain_any_predictions[Negative=101,424(76.9%) | Positive=30,506(23.1%)][0m
2026-08-15 20:57:40,898 | INFO | [38;5;214mval_any_targets[Negative=22,569(84.0%) | Positive=4,301(16.0%)][0m
2026-08-15 20:57:40,898 | INFO | [38;5;214mval_any_predictions[Negative=22,623(84.2%) | Positive=4,247(15.8%)][0m
2026-08-15 20:58:24,778 | INFO | fold=0 ep=033 train=38.3s val=5.4s [92mtrain_stg_loss=0.4219 train_rswa_loss=0.4146 train_rswa_head_loss(t/p/a)=0.1427/0.1298/0.1422[0m | [93mval_stg_f1=0.5764 val_stg_kappa=0.5587 val_rswa_head_loss(t/p/a)=0.1108/0.1317/0.1544 val_f1(t/p/a)=0.190/0.696/0.849 val_f1_macro=0.5783[0m
2026-08-15 20:58:24,778 | INFO | [92mtrain_stage_targets[W=105,142(15.5%) | N1=28,968(4.3%) | N2=251,359(37.0%) | N3=156,788(23.1%) | REM=137,947(20.3%)][0m
2026-08-15 20:58:24,779 | INFO | [92mtrain_stage_predictions[W=109,427(16.1%) | N1=15,954(2.3%) | N2=270,285(39.7%) | N3=146,400(21.5%) | REM=138,138(20.3%)][0m
2026-08-15 20:58:24,779 | INFO | [92mtrain_move_targets[Negative=105,975(76.8%) | Positive=31,975(23.2%)][0m
2026-08-15 20:58:24,779 | INFO | [92mtrain_move_predictions[Negative=107,292(77.8%) | Positive=30,658(22.2%)][0m
2026-08-15 20:58:24,779 | INFO | [93mval_stage_targets[W=19,591(12.6%) | N1=9,460(6.1%) | N2=60,928(39.0%) | N3=39,199(25.1%) | REM=26,870(17.2%)][0m
2026-08-15 20:58:24,779 | INFO | [93mval_stage_predictions[W=44,912(28.8%) | N1=6,432(4.1%) | N2=52,444(33.6%) | N3=28,495(18.3%) | REM=23,765(15.2%)][0m
2026-08-15 20:58:24,779 | INFO | [94mtrain_tonic_targets[Negative=136,250(98.8%) | Positive=1,700(1.2%)][0m
2026-08-15 20:58:24,779 | INFO | [94mtrain_tonic_predictions[Negative=131,115(95.0%) | Positive=6,835(5.0%)][0m
2026-08-15 20:58:24,779 | INFO | [94mval_tonic_targets[Negative=26,770(99.6%) | Positive=100(0.4%)][0m
2026-08-15 20:58:24,780 | INFO | [94mval_tonic_predictions[Negative=25,920(96.5%) | Positive=950(3.5%)][0m
2026-08-15 20:58:24,780 | INFO | [95mtrain_phasic_targets[Negative=120,000(87.0%) | Positive=17,950(13.0%)][0m
2026-08-15 20:58:24,780 | INFO | [95mtrain_phasic_predictions[Negative=112,202(81.3%) | Positive=25,748(18.7%)][0m
2026-08-15 20:58:24,780 | INFO | [95mval_phasic_targets[Negative=24,820(92.4%) | Positive=2,050(7.6%)][0m
2026-08-15 20:58:24,780 | INFO | [95mval_phasic_predictions[Negative=25,470(94.8%) | Positive=1,400(5.2%)][0m
2026-08-15 20:58:24,780 | INFO | [38;5;214mtrain_any_targets[Negative=105,975(76.8%) | Positive=31,975(23.2%)][0m
2026-08-15 20:58:24,780 | INFO | [38;5;214mtrain_any_predictions[Negative=107,832(78.2%) | Positive=30,118(21.8%)][0m
2026-08-15 20:58:24,780 | INFO | [38;5;214mval_any_targets[Negative=22,569(84.0%) | Positive=4,301(16.0%)][0m
2026-08-15 20:58:24,780 | INFO | [38;5;214mval_any_predictions[Negative=22,788(84.8%) | Positive=4,082(15.2%)][0m
2026-08-15 20:59:07,141 | INFO | fold=0 ep=034 train=36.8s val=5.4s [92mtrain_stg_loss=0.3806 train_rswa_loss=0.3953 train_rswa_head_loss(t/p/a)=0.1202/0.1298/0.1454[0m | [93mval_stg_f1=0.6766 val_stg_kappa=0.6649 val_rswa_head_loss(t/p/a)=0.1269/0.1257/0.1448 val_f1(t/p/a)=0.164/0.727/0.830 val_f1_macro=0.5737[0m
2026-08-15 20:59:07,142 | INFO | [92mtrain_stage_targets[W=104,596(16.1%) | N1=26,966(4.1%) | N2=239,744(36.9%) | N3=148,630(22.9%) | REM=130,328(20.0%)][0m
2026-08-15 20:59:07,142 | INFO | [92mtrain_stage_predictions[W=106,277(16.3%) | N1=15,488(2.4%) | N2=243,440(37.4%) | N3=151,906(23.4%) | REM=133,153(20.5%)][0m
2026-08-15 20:59:07,142 | INFO | [92mtrain_move_targets[Negative=100,989(77.5%) | Positive=29,341(22.5%)][0m
2026-08-15 20:59:07,142 | INFO | [92mtrain_move_predictions[Negative=101,741(78.1%) | Positive=28,589(21.9%)][0m
2026-08-15 20:59:07,142 | INFO | [93mval_stage_targets[W=19,591(12.6%) | N1=9,460(6.1%) | N2=60,928(39.0%) | N3=39,199(25.1%) | REM=26,870(17.2%)][0m
2026-08-15 20:59:07,143 | INFO | [93mval_stage_predictions[W=28,492(18.3%) | N1=5,291(3.4%) | N2=69,327(44.4%) | N3=30,974(19.8%) | REM=21,964(14.1%)][0m
2026-08-15 20:59:07,143 | INFO | [94mtrain_tonic_targets[Negative=128,640(98.7%) | Positive=1,690(1.3%)][0m
2026-08-15 20:59:07,143 | INFO | [94mtrain_tonic_predictions[Negative=123,728(94.9%) | Positive=6,602(5.1%)][0m
2026-08-15 20:59:07,143 | INFO | [94mval_tonic_targets[Negative=26,770(99.6%) | Positive=100(0.4%)][0m
2026-08-15 20:59:07,143 | INFO | [94mval_tonic_predictions[Negative=25,750(95.8%) | Positive=1,120(4.2%)][0m
2026-08-15 20:59:07,143 | INFO | [95mtrain_phasic_targets[Negative=114,070(87.5%) | Positive=16,260(12.5%)][0m
2026-08-15 20:59:07,143 | INFO | [95mtrain_phasic_predictions[Negative=106,917(82.0%) | Positive=23,413(18.0%)][0m
2026-08-15 20:59:07,143 | INFO | [95mval_phasic_targets[Negative=24,820(92.4%) | Positive=2,050(7.6%)][0m
2026-08-15 20:59:07,143 | INFO | [95mval_phasic_predictions[Negative=24,930(92.8%) | Positive=1,940(7.2%)][0m
2026-08-15 20:59:07,143 | INFO | [38;5;214mtrain_any_targets[Negative=100,989(77.5%) | Positive=29,341(22.5%)][0m
2026-08-15 20:59:07,143 | INFO | [38;5;214mtrain_any_predictions[Negative=102,149(78.4%) | Positive=28,181(21.6%)][0m
2026-08-15 20:59:07,144 | INFO | [38;5;214mval_any_targets[Negative=22,569(84.0%) | Positive=4,301(16.0%)][0m
2026-08-15 20:59:07,144 | INFO | [38;5;214mval_any_predictions[Negative=21,737(80.9%) | Positive=5,133(19.1%)][0m
2026-08-15 20:59:49,703 | INFO | fold=0 ep=035 train=37.0s val=5.4s [92mtrain_stg_loss=0.3682 train_rswa_loss=0.3724 train_rswa_head_loss(t/p/a)=0.1242/0.1152/0.1330[0m | [93mval_stg_f1=0.6944 val_stg_kappa=0.6792 val_rswa_head_loss(t/p/a)=0.1132/0.1220/0.1443 val_f1(t/p/a)=0.190/0.730/0.828 val_f1_macro=0.5829[0m
2026-08-15 20:59:49,703 | INFO | [92mtrain_stage_targets[W=93,655(14.3%) | N1=25,980(4.0%) | N2=243,734(37.1%) | N3=161,357(24.6%) | REM=131,598(20.1%)][0m
2026-08-15 20:59:49,704 | INFO | [92mtrain_stage_predictions[W=95,620(14.6%) | N1=17,480(2.7%) | N2=252,091(38.4%) | N3=154,910(23.6%) | REM=136,223(20.8%)][0m
2026-08-15 20:59:49,704 | INFO | [92mtrain_move_targets[Negative=101,630(77.2%) | Positive=29,970(22.8%)][0m
2026-08-15 20:59:49,704 | INFO | [92mtrain_move_predictions[Negative=102,938(78.2%) | Positive=28,662(21.8%)][0m
2026-08-15 20:59:49,704 | INFO | [93mval_stage_targets[W=19,591(12.6%) | N1=9,460(6.1%) | N2=60,928(39.0%) | N3=39,199(25.1%) | REM=26,870(17.2%)][0m
2026-08-15 20:59:49,704 | INFO | [93mval_stage_predictions[W=25,954(16.6%) | N1=6,053(3.9%) | N2=68,968(44.2%) | N3=28,867(18.5%) | REM=26,206(16.8%)][0m
2026-08-15 20:59:49,704 | INFO | [94mtrain_tonic_targets[Negative=130,170(98.9%) | Positive=1,430(1.1%)][0m
2026-08-15 20:59:49,704 | INFO | [94mtrain_tonic_predictions[Negative=124,963(95.0%) | Positive=6,637(5.0%)][0m
2026-08-15 20:59:49,704 | INFO | [94mval_tonic_targets[Negative=26,770(99.6%) | Positive=100(0.4%)][0m
2026-08-15 20:59:49,705 | INFO | [94mval_tonic_predictions[Negative=25,920(96.5%) | Positive=950(3.5%)][0m
2026-08-15 20:59:49,705 | INFO | [95mtrain_phasic_targets[Negative=115,290(87.6%) | Positive=16,310(12.4%)][0m
2026-08-15 20:59:49,705 | INFO | [95mtrain_phasic_predictions[Negative=107,770(81.9%) | Positive=23,830(18.1%)][0m
2026-08-15 20:59:49,705 | INFO | [95mval_phasic_targets[Negative=24,820(92.4%) | Positive=2,050(7.6%)][0m
2026-08-15 20:59:49,705 | INFO | [95mval_phasic_predictions[Negative=24,950(92.9%) | Positive=1,920(7.1%)][0m
2026-08-15 20:59:49,705 | INFO | [38;5;214mtrain_any_targets[Negative=101,630(77.2%) | Positive=29,970(22.8%)][0m
2026-08-15 20:59:49,705 | INFO | [38;5;214mtrain_any_predictions[Negative=103,364(78.5%) | Positive=28,236(21.5%)][0m
2026-08-15 20:59:49,705 | INFO | [38;5;214mval_any_targets[Negative=22,569(84.0%) | Positive=4,301(16.0%)][0m
2026-08-15 20:59:49,705 | INFO | [38;5;214mval_any_predictions[Negative=21,800(81.1%) | Positive=5,070(18.9%)][0m
2026-08-15 20:59:49,885 | INFO | Fold 0: novo melhor checkpoint na época 35, staging_f1_macro=0.6944
2026-08-15 21:00:32,369 | INFO | fold=0 ep=036 train=37.1s val=5.4s [92mtrain_stg_loss=0.4241 train_rswa_loss=0.3973 train_rswa_head_loss(t/p/a)=0.1484/0.1179/0.1311[0m | [93mval_stg_f1=0.6729 val_stg_kappa=0.6550 val_rswa_head_loss(t/p/a)=0.1301/0.1332/0.1589 val_f1(t/p/a)=0.168/0.706/0.826 val_f1_macro=0.5668[0m
2026-08-15 21:00:32,369 | INFO | [92mtrain_stage_targets[W=112,643(17.1%) | N1=26,887(4.1%) | N2=229,877(34.9%) | N3=162,488(24.7%) | REM=126,529(19.2%)][0m
2026-08-15 21:00:32,369 | INFO | [92mtrain_stage_predictions[W=109,618(16.6%) | N1=16,072(2.4%) | N2=240,559(36.5%) | N3=160,932(24.4%) | REM=131,243(19.9%)][0m
2026-08-15 21:00:32,369 | INFO | [92mtrain_move_targets[Negative=94,318(74.5%) | Positive=32,212(25.5%)][0m
2026-08-15 21:00:32,370 | INFO | [92mtrain_move_predictions[Negative=94,841(75.0%) | Positive=31,689(25.0%)][0m
2026-08-15 21:00:32,370 | INFO | [93mval_stage_targets[W=19,591(12.6%) | N1=9,460(6.1%) | N2=60,928(39.0%) | N3=39,199(25.1%) | REM=26,870(17.2%)][0m
2026-08-15 21:00:32,370 | INFO | [93mval_stage_predictions[W=30,991(19.9%) | N1=6,251(4.0%) | N2=64,508(41.3%) | N3=31,704(20.3%) | REM=22,594(14.5%)][0m
2026-08-15 21:00:32,370 | INFO | [94mtrain_tonic_targets[Negative=124,880(98.7%) | Positive=1,650(1.3%)][0m
2026-08-15 21:00:32,370 | INFO | [94mtrain_tonic_predictions[Negative=119,471(94.4%) | Positive=7,059(5.6%)][0m
2026-08-15 21:00:32,370 | INFO | [94mval_tonic_targets[Negative=26,770(99.6%) | Positive=100(0.4%)][0m
2026-08-15 21:00:32,370 | INFO | [94mval_tonic_predictions[Negative=25,780(95.9%) | Positive=1,090(4.1%)][0m
2026-08-15 21:00:32,370 | INFO | [95mtrain_phasic_targets[Negative=107,240(84.8%) | Positive=19,290(15.2%)][0m
2026-08-15 21:00:32,370 | INFO | [95mtrain_phasic_predictions[Negative=99,944(79.0%) | Positive=26,586(21.0%)][0m
2026-08-15 21:00:32,370 | INFO | [95mval_phasic_targets[Negative=24,820(92.4%) | Positive=2,050(7.6%)][0m
2026-08-15 21:00:32,371 | INFO | [95mval_phasic_predictions[Negative=24,730(92.0%) | Positive=2,140(8.0%)][0m
2026-08-15 21:00:32,371 | INFO | [38;5;214mtrain_any_targets[Negative=94,318(74.5%) | Positive=32,212(25.5%)][0m
2026-08-15 21:00:32,371 | INFO | [38;5;214mtrain_any_predictions[Negative=95,275(75.3%) | Positive=31,255(24.7%)][0m
2026-08-15 21:00:32,371 | INFO | [38;5;214mval_any_targets[Negative=22,569(84.0%) | Positive=4,301(16.0%)][0m
2026-08-15 21:00:32,371 | INFO | [38;5;214mval_any_predictions[Negative=21,571(80.3%) | Positive=5,299(19.7%)][0m
2026-08-15 21:01:13,108 | INFO | fold=0 ep=037 train=35.2s val=5.4s [92mtrain_stg_loss=0.4292 train_rswa_loss=0.3874 train_rswa_head_loss(t/p/a)=0.1322/0.1181/0.1370[0m | [93mval_stg_f1=0.6955 val_stg_kappa=0.6878 val_rswa_head_loss(t/p/a)=0.1545/0.1402/0.1584 val_f1(t/p/a)=0.147/0.697/0.826 val_f1_macro=0.5564[0m
2026-08-15 21:01:13,109 | INFO | [92mtrain_stage_targets[W=79,830(12.8%) | N1=34,859(5.6%) | N2=227,342(36.4%) | N3=156,798(25.1%) | REM=125,475(20.1%)][0m
2026-08-15 21:01:13,109 | INFO | [92mtrain_stage_predictions[W=80,531(12.9%) | N1=29,205(4.7%) | N2=241,568(38.7%) | N3=146,536(23.5%) | REM=126,464(20.3%)][0m
2026-08-15 21:01:13,109 | INFO | [92mtrain_move_targets[Negative=96,318(76.8%) | Positive=29,162(23.2%)][0m
2026-08-15 21:01:13,109 | INFO | [92mtrain_move_predictions[Negative=97,261(77.5%) | Positive=28,219(22.5%)][0m
2026-08-15 21:01:13,109 | INFO | [93mval_stage_targets[W=19,591(12.6%) | N1=9,460(6.1%) | N2=60,928(39.0%) | N3=39,199(25.1%) | REM=26,870(17.2%)][0m
2026-08-15 21:01:13,109 | INFO | [93mval_stage_predictions[W=24,135(15.5%) | N1=4,442(2.8%) | N2=67,561(43.3%) | N3=30,800(19.7%) | REM=29,110(18.7%)][0m
2026-08-15 21:01:13,109 | INFO | [94mtrain_tonic_targets[Negative=124,050(98.9%) | Positive=1,430(1.1%)][0m
2026-08-15 21:01:13,109 | INFO | [94mtrain_tonic_predictions[Negative=119,355(95.1%) | Positive=6,125(4.9%)][0m
2026-08-15 21:01:13,109 | INFO | [94mval_tonic_targets[Negative=26,770(99.6%) | Positive=100(0.4%)][0m
2026-08-15 21:01:13,109 | INFO | [94mval_tonic_predictions[Negative=25,610(95.3%) | Positive=1,260(4.7%)][0m
2026-08-15 21:01:13,110 | INFO | [95mtrain_phasic_targets[Negative=109,210(87.0%) | Positive=16,270(13.0%)][0m
2026-08-15 21:01:13,110 | INFO | [95mtrain_phasic_predictions[Negative=102,452(81.6%) | Positive=23,028(18.4%)][0m
2026-08-15 21:01:13,110 | INFO | [95mval_phasic_targets[Negative=24,820(92.4%) | Positive=2,050(7.6%)][0m
2026-08-15 21:01:13,110 | INFO | [95mval_phasic_predictions[Negative=24,900(92.7%) | Positive=1,970(7.3%)][0m
2026-08-15 21:01:13,110 | INFO | [38;5;214mtrain_any_targets[Negative=96,318(76.8%) | Positive=29,162(23.2%)][0m
2026-08-15 21:01:13,110 | INFO | [38;5;214mtrain_any_predictions[Negative=97,718(77.9%) | Positive=27,762(22.1%)][0m
2026-08-15 21:01:13,110 | INFO | [38;5;214mval_any_targets[Negative=22,569(84.0%) | Positive=4,301(16.0%)][0m
2026-08-15 21:01:13,110 | INFO | [38;5;214mval_any_predictions[Negative=21,497(80.0%) | Positive=5,373(20.0%)][0m
2026-08-15 21:01:13,282 | INFO | Fold 0: novo melhor checkpoint na época 37, staging_f1_macro=0.6955
2026-08-15 21:01:55,464 | INFO | fold=0 ep=038 train=36.7s val=5.4s [92mtrain_stg_loss=0.3780 train_rswa_loss=0.3987 train_rswa_head_loss(t/p/a)=0.1349/0.1226/0.1412[0m | [93mval_stg_f1=0.6843 val_stg_kappa=0.6795 val_rswa_head_loss(t/p/a)=0.1123/0.1189/0.1374 val_f1(t/p/a)=0.200/0.730/0.846 val_f1_macro=0.5919[0m
2026-08-15 21:01:55,464 | INFO | [92mtrain_stage_targets[W=88,206(13.5%) | N1=26,486(4.1%) | N2=237,317(36.4%) | N3=159,998(24.6%) | REM=139,177(21.4%)][0m
2026-08-15 21:01:55,464 | INFO | [92mtrain_stage_predictions[W=87,352(13.4%) | N1=20,096(3.1%) | N2=247,343(38.0%) | N3=155,668(23.9%) | REM=140,725(21.6%)][0m
2026-08-15 21:01:55,464 | INFO | [92mtrain_move_targets[Negative=103,505(74.4%) | Positive=35,675(25.6%)][0m
2026-08-15 21:01:55,464 | INFO | [92mtrain_move_predictions[Negative=104,693(75.2%) | Positive=34,487(24.8%)][0m
2026-08-15 21:01:55,464 | INFO | [93mval_stage_targets[W=19,591(12.6%) | N1=9,460(6.1%) | N2=60,928(39.0%) | N3=39,199(25.1%) | REM=26,870(17.2%)][0m
2026-08-15 21:01:55,465 | INFO | [93mval_stage_predictions[W=26,511(17.0%) | N1=3,773(2.4%) | N2=67,933(43.5%) | N3=34,115(21.9%) | REM=23,716(15.2%)][0m
2026-08-15 21:01:55,465 | INFO | [94mtrain_tonic_targets[Negative=137,680(98.9%) | Positive=1,500(1.1%)][0m
2026-08-15 21:01:55,465 | INFO | [94mtrain_tonic_predictions[Negative=132,022(94.9%) | Positive=7,158(5.1%)][0m
2026-08-15 21:01:55,465 | INFO | [94mval_tonic_targets[Negative=26,770(99.6%) | Positive=100(0.4%)][0m
2026-08-15 21:01:55,465 | INFO | [94mval_tonic_predictions[Negative=25,970(96.7%) | Positive=900(3.3%)][0m
2026-08-15 21:01:55,465 | INFO | [95mtrain_phasic_targets[Negative=118,030(84.8%) | Positive=21,150(15.2%)][0m
2026-08-15 21:01:55,465 | INFO | [95mtrain_phasic_predictions[Negative=110,392(79.3%) | Positive=28,788(20.7%)][0m
2026-08-15 21:01:55,465 | INFO | [95mval_phasic_targets[Negative=24,820(92.4%) | Positive=2,050(7.6%)][0m
2026-08-15 21:01:55,465 | INFO | [95mval_phasic_predictions[Negative=25,030(93.2%) | Positive=1,840(6.8%)][0m
2026-08-15 21:01:55,465 | INFO | [38;5;214mtrain_any_targets[Negative=103,505(74.4%) | Positive=35,675(25.6%)][0m
2026-08-15 21:01:55,465 | INFO | [38;5;214mtrain_any_predictions[Negative=105,205(75.6%) | Positive=33,975(24.4%)][0m
2026-08-15 21:01:55,466 | INFO | [38;5;214mval_any_targets[Negative=22,569(84.0%) | Positive=4,301(16.0%)][0m
2026-08-15 21:01:55,466 | INFO | [38;5;214mval_any_predictions[Negative=22,046(82.0%) | Positive=4,824(18.0%)][0m
2026-08-15 21:02:37,197 | INFO | fold=0 ep=039 train=36.2s val=5.5s [92mtrain_stg_loss=0.3668 train_rswa_loss=0.3315 train_rswa_head_loss(t/p/a)=0.0990/0.1083/0.1242[0m | [93mval_stg_f1=0.6677 val_stg_kappa=0.6649 val_rswa_head_loss(t/p/a)=0.1081/0.1215/0.1429 val_f1(t/p/a)=0.208/0.731/0.834 val_f1_macro=0.5913[0m
2026-08-15 21:02:37,197 | INFO | [92mtrain_stage_targets[W=75,195(11.8%) | N1=22,979(3.6%) | N2=245,735(38.5%) | N3=162,807(25.5%) | REM=132,018(20.7%)][0m
2026-08-15 21:02:37,197 | INFO | [92mtrain_stage_predictions[W=76,457(12.0%) | N1=15,006(2.3%) | N2=254,901(39.9%) | N3=160,836(25.2%) | REM=131,534(20.6%)][0m
2026-08-15 21:02:37,197 | INFO | [92mtrain_move_targets[Negative=103,525(78.4%) | Positive=28,495(21.6%)][0m
2026-08-15 21:02:37,197 | INFO | [92mtrain_move_predictions[Negative=104,549(79.2%) | Positive=27,471(20.8%)][0m
2026-08-15 21:02:37,197 | INFO | [93mval_stage_targets[W=19,591(12.6%) | N1=9,460(6.1%) | N2=60,928(39.0%) | N3=39,199(25.1%) | REM=26,870(17.2%)][0m
2026-08-15 21:02:37,197 | INFO | [93mval_stage_predictions[W=27,923(17.9%) | N1=3,104(2.0%) | N2=71,054(45.5%) | N3=33,051(21.2%) | REM=20,916(13.4%)][0m
2026-08-15 21:02:37,198 | INFO | [94mtrain_tonic_targets[Negative=130,240(98.7%) | Positive=1,780(1.3%)][0m
2026-08-15 21:02:37,198 | INFO | [94mtrain_tonic_predictions[Negative=125,888(95.4%) | Positive=6,132(4.6%)][0m
2026-08-15 21:02:37,198 | INFO | [94mval_tonic_targets[Negative=26,770(99.6%) | Positive=100(0.4%)][0m
2026-08-15 21:02:37,198 | INFO | [94mval_tonic_predictions[Negative=26,010(96.8%) | Positive=860(3.2%)][0m
2026-08-15 21:02:37,198 | INFO | [95mtrain_phasic_targets[Negative=117,410(88.9%) | Positive=14,610(11.1%)][0m
2026-08-15 21:02:37,198 | INFO | [95mtrain_phasic_predictions[Negative=109,705(83.1%) | Positive=22,315(16.9%)][0m
2026-08-15 21:02:37,198 | INFO | [95mval_phasic_targets[Negative=24,820(92.4%) | Positive=2,050(7.6%)][0m
2026-08-15 21:02:37,198 | INFO | [95mval_phasic_predictions[Negative=24,900(92.7%) | Positive=1,970(7.3%)][0m
2026-08-15 21:02:37,198 | INFO | [38;5;214mtrain_any_targets[Negative=103,525(78.4%) | Positive=28,495(21.6%)][0m
2026-08-15 21:02:37,198 | INFO | [38;5;214mtrain_any_predictions[Negative=105,032(79.6%) | Positive=26,988(20.4%)][0m
2026-08-15 21:02:37,198 | INFO | [38;5;214mval_any_targets[Negative=22,569(84.0%) | Positive=4,301(16.0%)][0m
2026-08-15 21:02:37,199 | INFO | [38;5;214mval_any_predictions[Negative=21,787(81.1%) | Positive=5,083(18.9%)][0m
2026-08-15 21:03:19,699 | INFO | fold=0 ep=040 train=37.0s val=5.4s [92mtrain_stg_loss=0.3864 train_rswa_loss=0.3433 train_rswa_head_loss(t/p/a)=0.0891/0.1138/0.1404[0m | [93mval_stg_f1=0.6778 val_stg_kappa=0.6668 val_rswa_head_loss(t/p/a)=0.0960/0.1274/0.1493 val_f1(t/p/a)=0.244/0.743/0.845 val_f1_macro=0.6106[0m
2026-08-15 21:03:19,699 | INFO | [92mtrain_stage_targets[W=92,367(14.1%) | N1=24,409(3.7%) | N2=229,534(35.1%) | N3=177,276(27.1%) | REM=130,858(20.0%)][0m
2026-08-15 21:03:19,699 | INFO | [92mtrain_stage_predictions[W=93,465(14.3%) | N1=17,181(2.6%) | N2=240,108(36.7%) | N3=170,928(26.1%) | REM=132,762(20.3%)][0m
2026-08-15 21:03:19,699 | INFO | [92mtrain_move_targets[Negative=101,244(77.4%) | Positive=29,616(22.6%)][0m
2026-08-15 21:03:19,699 | INFO | [92mtrain_move_predictions[Negative=101,630(77.7%) | Positive=29,230(22.3%)][0m
2026-08-15 21:03:19,699 | INFO | [93mval_stage_targets[W=19,591(12.6%) | N1=9,460(6.1%) | N2=60,928(39.0%) | N3=39,199(25.1%) | REM=26,870(17.2%)][0m
2026-08-15 21:03:19,700 | INFO | [93mval_stage_predictions[W=27,719(17.8%) | N1=4,803(3.1%) | N2=68,203(43.7%) | N3=27,138(17.4%) | REM=28,185(18.1%)][0m
2026-08-15 21:03:19,700 | INFO | [94mtrain_tonic_targets[Negative=129,360(98.9%) | Positive=1,500(1.1%)][0m
2026-08-15 21:03:19,700 | INFO | [94mtrain_tonic_predictions[Negative=125,111(95.6%) | Positive=5,749(4.4%)][0m
2026-08-15 21:03:19,700 | INFO | [94mval_tonic_targets[Negative=26,770(99.6%) | Positive=100(0.4%)][0m
2026-08-15 21:03:19,700 | INFO | [94mval_tonic_predictions[Negative=26,150(97.3%) | Positive=720(2.7%)][0m
2026-08-15 21:03:19,700 | INFO | [95mtrain_phasic_targets[Negative=114,750(87.7%) | Positive=16,110(12.3%)][0m
2026-08-15 21:03:19,700 | INFO | [95mtrain_phasic_predictions[Negative=106,869(81.7%) | Positive=23,991(18.3%)][0m
2026-08-15 21:03:19,700 | INFO | [95mval_phasic_targets[Negative=24,820(92.4%) | Positive=2,050(7.6%)][0m
2026-08-15 21:03:19,701 | INFO | [95mval_phasic_predictions[Negative=25,230(93.9%) | Positive=1,640(6.1%)][0m
2026-08-15 21:03:19,701 | INFO | [38;5;214mtrain_any_targets[Negative=101,244(77.4%) | Positive=29,616(22.6%)][0m
2026-08-15 21:03:19,701 | INFO | [38;5;214mtrain_any_predictions[Negative=102,169(78.1%) | Positive=28,691(21.9%)][0m
2026-08-15 21:03:19,701 | INFO | [38;5;214mval_any_targets[Negative=22,569(84.0%) | Positive=4,301(16.0%)][0m
2026-08-15 21:03:19,701 | INFO | [38;5;214mval_any_predictions[Negative=22,481(83.7%) | Positive=4,389(16.3%)][0m
2026-08-15 21:04:02,116 | INFO | fold=0 ep=041 train=36.9s val=5.4s [92mtrain_stg_loss=0.3813 train_rswa_loss=0.3220 train_rswa_head_loss(t/p/a)=0.0905/0.1082/0.1233[0m | [93mval_stg_f1=0.6746 val_stg_kappa=0.6813 val_rswa_head_loss(t/p/a)=0.1333/0.1214/0.1361 val_f1(t/p/a)=0.179/0.727/0.844 val_f1_macro=0.5832[0m
2026-08-15 21:04:02,117 | INFO | [92mtrain_stage_targets[W=98,864(15.2%) | N1=28,248(4.3%) | N2=242,517(37.3%) | N3=154,899(23.8%) | REM=126,266(19.4%)][0m
2026-08-15 21:04:02,117 | INFO | [92mtrain_stage_predictions[W=100,825(15.5%) | N1=18,644(2.9%) | N2=258,187(39.7%) | N3=150,335(23.1%) | REM=122,803(18.9%)][0m
2026-08-15 21:04:02,117 | INFO | [92mtrain_move_targets[Negative=98,334(77.9%) | Positive=27,936(22.1%)][0m
2026-08-15 21:04:02,117 | INFO | [92mtrain_move_predictions[Negative=99,281(78.6%) | Positive=26,989(21.4%)][0m
2026-08-15 21:04:02,117 | INFO | [93mval_stage_targets[W=19,591(12.6%) | N1=9,460(6.1%) | N2=60,928(39.0%) | N3=39,199(25.1%) | REM=26,870(17.2%)][0m
2026-08-15 21:04:02,117 | INFO | [93mval_stage_predictions[W=26,970(17.3%) | N1=2,502(1.6%) | N2=69,267(44.4%) | N3=33,894(21.7%) | REM=23,415(15.0%)][0m
2026-08-15 21:04:02,117 | INFO | [94mtrain_tonic_targets[Negative=124,050(98.2%) | Positive=2,220(1.8%)][0m
2026-08-15 21:04:02,118 | INFO | [94mtrain_tonic_predictions[Negative=120,359(95.3%) | Positive=5,911(4.7%)][0m
2026-08-15 21:04:02,118 | INFO | [94mval_tonic_targets[Negative=26,770(99.6%) | Positive=100(0.4%)][0m
2026-08-15 21:04:02,118 | INFO | [94mval_tonic_predictions[Negative=25,850(96.2%) | Positive=1,020(3.8%)][0m
2026-08-15 21:04:02,118 | INFO | [95mtrain_phasic_targets[Negative=110,910(87.8%) | Positive=15,360(12.2%)][0m
2026-08-15 21:04:02,118 | INFO | [95mtrain_phasic_predictions[Negative=104,482(82.7%) | Positive=21,788(17.3%)][0m
2026-08-15 21:04:02,118 | INFO | [95mval_phasic_targets[Negative=24,820(92.4%) | Positive=2,050(7.6%)][0m
2026-08-15 21:04:02,118 | INFO | [95mval_phasic_predictions[Negative=25,040(93.2%) | Positive=1,830(6.8%)][0m
2026-08-15 21:04:02,119 | INFO | [38;5;214mtrain_any_targets[Negative=98,334(77.9%) | Positive=27,936(22.1%)][0m
2026-08-15 21:04:02,119 | INFO | [38;5;214mtrain_any_predictions[Negative=99,774(79.0%) | Positive=26,496(21.0%)][0m
2026-08-15 21:04:02,119 | INFO | [38;5;214mval_any_targets[Negative=22,569(84.0%) | Positive=4,301(16.0%)][0m
2026-08-15 21:04:02,119 | INFO | [38;5;214mval_any_predictions[Negative=21,999(81.9%) | Positive=4,871(18.1%)][0m
2026-08-15 21:04:44,013 | INFO | fold=0 ep=042 train=36.3s val=5.5s [92mtrain_stg_loss=0.3617 train_rswa_loss=0.3261 train_rswa_head_loss(t/p/a)=0.1010/0.1042/0.1209[0m | [93mval_stg_f1=0.6999 val_stg_kappa=0.6985 val_rswa_head_loss(t/p/a)=0.1061/0.1161/0.1331 val_f1(t/p/a)=0.235/0.743/0.854 val_f1_macro=0.6105[0m
2026-08-15 21:04:44,013 | INFO | [92mtrain_stage_targets[W=66,724(10.3%) | N1=25,279(3.9%) | N2=236,437(36.7%) | N3=182,547(28.3%) | REM=133,937(20.8%)][0m
2026-08-15 21:04:44,013 | INFO | [92mtrain_stage_predictions[W=70,317(10.9%) | N1=19,232(3.0%) | N2=245,323(38.0%) | N3=177,830(27.6%) | REM=132,222(20.5%)][0m
2026-08-15 21:04:44,014 | INFO | [92mtrain_move_targets[Negative=104,395(77.9%) | Positive=29,545(22.1%)][0m
2026-08-15 21:04:44,014 | INFO | [92mtrain_move_predictions[Negative=104,823(78.3%) | Positive=29,117(21.7%)][0m
2026-08-15 21:04:44,014 | INFO | [93mval_stage_targets[W=19,591(12.6%) | N1=9,460(6.1%) | N2=60,928(39.0%) | N3=39,199(25.1%) | REM=26,870(17.2%)][0m
2026-08-15 21:04:44,014 | INFO | [93mval_stage_predictions[W=19,787(12.7%) | N1=3,719(2.4%) | N2=68,580(43.9%) | N3=31,631(20.3%) | REM=32,331(20.7%)][0m
2026-08-15 21:04:44,014 | INFO | [94mtrain_tonic_targets[Negative=132,580(99.0%) | Positive=1,360(1.0%)][0m
2026-08-15 21:04:44,014 | INFO | [94mtrain_tonic_predictions[Negative=127,930(95.5%) | Positive=6,010(4.5%)][0m
2026-08-15 21:04:44,014 | INFO | [94mval_tonic_targets[Negative=26,770(99.6%) | Positive=100(0.4%)][0m
2026-08-15 21:04:44,014 | INFO | [94mval_tonic_predictions[Negative=26,120(97.2%) | Positive=750(2.8%)][0m
2026-08-15 21:04:44,014 | INFO | [95mtrain_phasic_targets[Negative=117,740(87.9%) | Positive=16,200(12.1%)][0m
2026-08-15 21:04:44,015 | INFO | [95mtrain_phasic_predictions[Negative=110,390(82.4%) | Positive=23,550(17.6%)][0m
2026-08-15 21:04:44,015 | INFO | [95mval_phasic_targets[Negative=24,820(92.4%) | Positive=2,050(7.6%)][0m
2026-08-15 21:04:44,015 | INFO | [95mval_phasic_predictions[Negative=25,230(93.9%) | Positive=1,640(6.1%)][0m
2026-08-15 21:04:44,015 | INFO | [38;5;214mtrain_any_targets[Negative=104,395(77.9%) | Positive=29,545(22.1%)][0m
2026-08-15 21:04:44,015 | INFO | [38;5;214mtrain_any_predictions[Negative=105,244(78.6%) | Positive=28,696(21.4%)][0m
2026-08-15 21:04:44,015 | INFO | [38;5;214mval_any_targets[Negative=22,569(84.0%) | Positive=4,301(16.0%)][0m
2026-08-15 21:04:44,015 | INFO | [38;5;214mval_any_predictions[Negative=22,260(82.8%) | Positive=4,610(17.2%)][0m
2026-08-15 21:04:44,194 | INFO | Fold 0: novo melhor checkpoint na época 42, staging_f1_macro=0.6999
2026-08-15 21:05:27,315 | INFO | fold=0 ep=043 train=37.7s val=5.4s [92mtrain_stg_loss=0.4250 train_rswa_loss=0.3326 train_rswa_head_loss(t/p/a)=0.0944/0.1095/0.1286[0m | [93mval_stg_f1=0.6871 val_stg_kappa=0.6616 val_rswa_head_loss(t/p/a)=0.1059/0.1203/0.1419 val_f1(t/p/a)=0.230/0.745/0.850 val_f1_macro=0.6085[0m
2026-08-15 21:05:27,315 | INFO | [92mtrain_stage_targets[W=98,594(14.8%) | N1=29,610(4.4%) | N2=239,386(35.9%) | N3=167,217(25.1%) | REM=131,947(19.8%)][0m
2026-08-15 21:05:27,316 | INFO | [92mtrain_stage_predictions[W=99,969(15.0%) | N1=18,168(2.7%) | N2=252,217(37.8%) | N3=162,773(24.4%) | REM=133,627(20.0%)][0m
2026-08-15 21:05:27,316 | INFO | [92mtrain_move_targets[Negative=101,900(77.2%) | Positive=30,050(22.8%)][0m
2026-08-15 21:05:27,316 | INFO | [92mtrain_move_predictions[Negative=102,358(77.6%) | Positive=29,592(22.4%)][0m
2026-08-15 21:05:27,316 | INFO | [93mval_stage_targets[W=19,591(12.6%) | N1=9,460(6.1%) | N2=60,928(39.0%) | N3=39,199(25.1%) | REM=26,870(17.2%)][0m
2026-08-15 21:05:27,316 | INFO | [93mval_stage_predictions[W=23,350(15.0%) | N1=6,411(4.1%) | N2=77,444(49.6%) | N3=26,163(16.8%) | REM=22,680(14.5%)][0m
2026-08-15 21:05:27,316 | INFO | [94mtrain_tonic_targets[Negative=130,400(98.8%) | Positive=1,550(1.2%)][0m
2026-08-15 21:05:27,316 | INFO | [94mtrain_tonic_predictions[Negative=126,041(95.5%) | Positive=5,909(4.5%)][0m
2026-08-15 21:05:27,316 | INFO | [94mval_tonic_targets[Negative=26,770(99.6%) | Positive=100(0.4%)][0m
2026-08-15 21:05:27,317 | INFO | [94mval_tonic_predictions[Negative=26,100(97.1%) | Positive=770(2.9%)][0m
2026-08-15 21:05:27,317 | INFO | [95mtrain_phasic_targets[Negative=115,080(87.2%) | Positive=16,870(12.8%)][0m
2026-08-15 21:05:27,317 | INFO | [95mtrain_phasic_predictions[Negative=107,635(81.6%) | Positive=24,315(18.4%)][0m
2026-08-15 21:05:27,317 | INFO | [95mval_phasic_targets[Negative=24,820(92.4%) | Positive=2,050(7.6%)][0m
2026-08-15 21:05:27,317 | INFO | [95mval_phasic_predictions[Negative=25,190(93.7%) | Positive=1,680(6.3%)][0m
2026-08-15 21:05:27,317 | INFO | [38;5;214mtrain_any_targets[Negative=101,900(77.2%) | Positive=30,050(22.8%)][0m
2026-08-15 21:05:27,317 | INFO | [38;5;214mtrain_any_predictions[Negative=102,830(77.9%) | Positive=29,120(22.1%)][0m
2026-08-15 21:05:27,317 | INFO | [38;5;214mval_any_targets[Negative=22,569(84.0%) | Positive=4,301(16.0%)][0m
2026-08-15 21:05:27,317 | INFO | [38;5;214mval_any_predictions[Negative=22,418(83.4%) | Positive=4,452(16.6%)][0m
2026-08-15 21:06:09,669 | INFO | fold=0 ep=044 train=36.8s val=5.4s [92mtrain_stg_loss=0.3601 train_rswa_loss=0.3547 train_rswa_head_loss(t/p/a)=0.1031/0.1174/0.1342[0m | [93mval_stg_f1=0.6918 val_stg_kappa=0.6767 val_rswa_head_loss(t/p/a)=0.1055/0.1235/0.1446 val_f1(t/p/a)=0.200/0.732/0.817 val_f1_macro=0.5830[0m
2026-08-15 21:06:09,670 | INFO | [92mtrain_stage_targets[W=84,484(13.0%) | N1=28,869(4.4%) | N2=246,997(37.9%) | N3=160,308(24.6%) | REM=131,596(20.2%)][0m
2026-08-15 21:06:09,670 | INFO | [92mtrain_stage_predictions[W=86,202(13.2%) | N1=20,684(3.2%) | N2=262,610(40.3%) | N3=150,674(23.1%) | REM=132,084(20.3%)][0m
2026-08-15 21:06:09,670 | INFO | [92mtrain_move_targets[Negative=100,333(76.2%) | Positive=31,267(23.8%)][0m
2026-08-15 21:06:09,670 | INFO | [92mtrain_move_predictions[Negative=100,723(76.5%) | Positive=30,877(23.5%)][0m
2026-08-15 21:06:09,670 | INFO | [93mval_stage_targets[W=19,591(12.6%) | N1=9,460(6.1%) | N2=60,928(39.0%) | N3=39,199(25.1%) | REM=26,870(17.2%)][0m
2026-08-15 21:06:09,670 | INFO | [93mval_stage_predictions[W=26,738(17.1%) | N1=6,157(3.9%) | N2=68,947(44.2%) | N3=32,009(20.5%) | REM=22,197(14.2%)][0m
2026-08-15 21:06:09,670 | INFO | [94mtrain_tonic_targets[Negative=129,740(98.6%) | Positive=1,860(1.4%)][0m
2026-08-15 21:06:09,670 | INFO | [94mtrain_tonic_predictions[Negative=125,203(95.1%) | Positive=6,397(4.9%)][0m
2026-08-15 21:06:09,670 | INFO | [94mval_tonic_targets[Negative=26,770(99.6%) | Positive=100(0.4%)][0m
2026-08-15 21:06:09,670 | INFO | [94mval_tonic_predictions[Negative=25,970(96.7%) | Positive=900(3.3%)][0m
2026-08-15 21:06:09,671 | INFO | [95mtrain_phasic_targets[Negative=114,190(86.8%) | Positive=17,410(13.2%)][0m
2026-08-15 21:06:09,671 | INFO | [95mtrain_phasic_predictions[Negative=107,193(81.5%) | Positive=24,407(18.5%)][0m
2026-08-15 21:06:09,671 | INFO | [95mval_phasic_targets[Negative=24,820(92.4%) | Positive=2,050(7.6%)][0m
2026-08-15 21:06:09,671 | INFO | [95mval_phasic_predictions[Negative=24,550(91.4%) | Positive=2,320(8.6%)][0m
2026-08-15 21:06:09,671 | INFO | [38;5;214mtrain_any_targets[Negative=100,333(76.2%) | Positive=31,267(23.8%)][0m
2026-08-15 21:06:09,671 | INFO | [38;5;214mtrain_any_predictions[Negative=101,135(76.9%) | Positive=30,465(23.1%)][0m
2026-08-15 21:06:09,671 | INFO | [38;5;214mval_any_targets[Negative=22,569(84.0%) | Positive=4,301(16.0%)][0m
2026-08-15 21:06:09,671 | INFO | [38;5;214mval_any_predictions[Negative=21,289(79.2%) | Positive=5,581(20.8%)][0m
2026-08-15 21:06:51,577 | INFO | fold=0 ep=045 train=36.4s val=5.4s [92mtrain_stg_loss=0.3491 train_rswa_loss=0.3252 train_rswa_head_loss(t/p/a)=0.0954/0.1073/0.1225[0m | [93mval_stg_f1=0.7050 val_stg_kappa=0.6893 val_rswa_head_loss(t/p/a)=0.0967/0.1140/0.1329 val_f1(t/p/a)=0.250/0.755/0.855 val_f1_macro=0.6203[0m
2026-08-15 21:06:51,578 | INFO | [92mtrain_stage_targets[W=81,222(12.5%) | N1=27,498(4.2%) | N2=230,467(35.5%) | N3=178,250(27.4%) | REM=131,937(20.3%)][0m
2026-08-15 21:06:51,578 | INFO | [92mtrain_stage_predictions[W=81,608(12.6%) | N1=19,429(3.0%) | N2=240,428(37.0%) | N3=176,533(27.2%) | REM=131,376(20.2%)][0m
2026-08-15 21:06:51,578 | INFO | [92mtrain_move_targets[Negative=103,664(78.6%) | Positive=28,276(21.4%)][0m
2026-08-15 21:06:51,578 | INFO | [92mtrain_move_predictions[Negative=104,476(79.2%) | Positive=27,464(20.8%)][0m
2026-08-15 21:06:51,578 | INFO | [93mval_stage_targets[W=19,591(12.6%) | N1=9,460(6.1%) | N2=60,928(39.0%) | N3=39,199(25.1%) | REM=26,870(17.2%)][0m
2026-08-15 21:06:51,578 | INFO | [93mval_stage_predictions[W=22,626(14.5%) | N1=5,620(3.6%) | N2=70,872(45.4%) | N3=28,251(18.1%) | REM=28,679(18.4%)][0m
2026-08-15 21:06:51,578 | INFO | [94mtrain_tonic_targets[Negative=130,280(98.7%) | Positive=1,660(1.3%)][0m
2026-08-15 21:06:51,578 | INFO | [94mtrain_tonic_predictions[Negative=126,177(95.6%) | Positive=5,763(4.4%)][0m
2026-08-15 21:06:51,579 | INFO | [94mval_tonic_targets[Negative=26,770(99.6%) | Positive=100(0.4%)][0m
2026-08-15 21:06:51,579 | INFO | [94mval_tonic_predictions[Negative=26,170(97.4%) | Positive=700(2.6%)][0m
2026-08-15 21:06:51,579 | INFO | [95mtrain_phasic_targets[Negative=116,520(88.3%) | Positive=15,420(11.7%)][0m
2026-08-15 21:06:51,579 | INFO | [95mtrain_phasic_predictions[Negative=109,569(83.0%) | Positive=22,371(17.0%)][0m
2026-08-15 21:06:51,579 | INFO | [95mval_phasic_targets[Negative=24,820(92.4%) | Positive=2,050(7.6%)][0m
2026-08-15 21:06:51,579 | INFO | [95mval_phasic_predictions[Negative=25,240(93.9%) | Positive=1,630(6.1%)][0m
2026-08-15 21:06:51,579 | INFO | [38;5;214mtrain_any_targets[Negative=103,664(78.6%) | Positive=28,276(21.4%)][0m
2026-08-15 21:06:51,579 | INFO | [38;5;214mtrain_any_predictions[Negative=104,913(79.5%) | Positive=27,027(20.5%)][0m
2026-08-15 21:06:51,579 | INFO | [38;5;214mval_any_targets[Negative=22,569(84.0%) | Positive=4,301(16.0%)][0m
2026-08-15 21:06:51,579 | INFO | [38;5;214mval_any_predictions[Negative=22,397(83.4%) | Positive=4,473(16.6%)][0m
2026-08-15 21:06:51,760 | INFO | Fold 0: novo melhor checkpoint na época 45, staging_f1_macro=0.7050
2026-08-15 21:07:33,444 | INFO | fold=0 ep=046 train=36.2s val=5.4s [92mtrain_stg_loss=0.3524 train_rswa_loss=0.3143 train_rswa_head_loss(t/p/a)=0.0924/0.1051/0.1168[0m | [93mval_stg_f1=0.6799 val_stg_kappa=0.6642 val_rswa_head_loss(t/p/a)=0.0952/0.1383/0.1726 val_f1(t/p/a)=0.250/0.696/0.820 val_f1_macro=0.5887[0m
2026-08-15 21:07:33,444 | INFO | [92mtrain_stage_targets[W=91,165(14.2%) | N1=26,207(4.1%) | N2=231,834(36.0%) | N3=170,259(26.5%) | REM=123,869(19.3%)][0m
2026-08-15 21:07:33,445 | INFO | [92mtrain_stage_predictions[W=92,242(14.3%) | N1=18,749(2.9%) | N2=242,193(37.6%) | N3=167,086(26.0%) | REM=123,064(19.1%)][0m
2026-08-15 21:07:33,445 | INFO | [92mtrain_move_targets[Negative=95,979(77.5%) | Positive=27,891(22.5%)][0m
2026-08-15 21:07:33,445 | INFO | [92mtrain_move_predictions[Negative=96,992(78.3%) | Positive=26,878(21.7%)][0m
2026-08-15 21:07:33,445 | INFO | [93mval_stage_targets[W=19,591(12.6%) | N1=9,460(6.1%) | N2=60,928(39.0%) | N3=39,199(25.1%) | REM=26,870(17.2%)][0m
2026-08-15 21:07:33,445 | INFO | [93mval_stage_predictions[W=26,646(17.1%) | N1=5,548(3.6%) | N2=73,384(47.0%) | N3=25,855(16.6%) | REM=24,615(15.8%)][0m
2026-08-15 21:07:33,445 | INFO | [94mtrain_tonic_targets[Negative=121,490(98.1%) | Positive=2,380(1.9%)][0m
2026-08-15 21:07:33,445 | INFO | [94mtrain_tonic_predictions[Negative=117,609(94.9%) | Positive=6,261(5.1%)][0m
2026-08-15 21:07:33,445 | INFO | [94mval_tonic_targets[Negative=26,770(99.6%) | Positive=100(0.4%)][0m
2026-08-15 21:07:33,446 | INFO | [94mval_tonic_predictions[Negative=26,170(97.4%) | Positive=700(2.6%)][0m
2026-08-15 21:07:33,446 | INFO | [95mtrain_phasic_targets[Negative=108,540(87.6%) | Positive=15,330(12.4%)][0m
2026-08-15 21:07:33,446 | INFO | [95mtrain_phasic_predictions[Negative=102,687(82.9%) | Positive=21,183(17.1%)][0m
2026-08-15 21:07:33,446 | INFO | [95mval_phasic_targets[Negative=24,820(92.4%) | Positive=2,050(7.6%)][0m
2026-08-15 21:07:33,446 | INFO | [95mval_phasic_predictions[Negative=25,530(95.0%) | Positive=1,340(5.0%)][0m
2026-08-15 21:07:33,446 | INFO | [38;5;214mtrain_any_targets[Negative=95,979(77.5%) | Positive=27,891(22.5%)][0m
2026-08-15 21:07:33,446 | INFO | [38;5;214mtrain_any_predictions[Negative=97,389(78.6%) | Positive=26,481(21.4%)][0m
2026-08-15 21:07:33,446 | INFO | [38;5;214mval_any_targets[Negative=22,569(84.0%) | Positive=4,301(16.0%)][0m
2026-08-15 21:07:33,446 | INFO | [38;5;214mval_any_predictions[Negative=22,971(85.5%) | Positive=3,899(14.5%)][0m
2026-08-15 21:08:15,227 | INFO | fold=0 ep=047 train=36.2s val=5.4s [92mtrain_stg_loss=0.3775 train_rswa_loss=0.3042 train_rswa_head_loss(t/p/a)=0.0873/0.1010/0.1159[0m | [93mval_stg_f1=0.6896 val_stg_kappa=0.6774 val_rswa_head_loss(t/p/a)=0.1050/0.1182/0.1374 val_f1(t/p/a)=0.227/0.747/0.848 val_f1_macro=0.6073[0m
2026-08-15 21:08:15,227 | INFO | [92mtrain_stage_targets[W=89,914(14.0%) | N1=24,786(3.9%) | N2=238,606(37.2%) | N3=157,200(24.5%) | REM=130,828(20.4%)][0m
2026-08-15 21:08:15,227 | INFO | [92mtrain_stage_predictions[W=92,601(14.4%) | N1=17,089(2.7%) | N2=254,101(39.6%) | N3=147,491(23.0%) | REM=130,052(20.3%)][0m
2026-08-15 21:08:15,228 | INFO | [92mtrain_move_targets[Negative=101,343(77.5%) | Positive=29,487(22.5%)][0m
2026-08-15 21:08:15,228 | INFO | [92mtrain_move_predictions[Negative=101,953(77.9%) | Positive=28,877(22.1%)][0m
2026-08-15 21:08:15,228 | INFO | [93mval_stage_targets[W=19,591(12.6%) | N1=9,460(6.1%) | N2=60,928(39.0%) | N3=39,199(25.1%) | REM=26,870(17.2%)][0m
2026-08-15 21:08:15,228 | INFO | [93mval_stage_predictions[W=22,490(14.4%) | N1=3,962(2.5%) | N2=75,754(48.5%) | N3=26,012(16.7%) | REM=27,830(17.8%)][0m
2026-08-15 21:08:15,228 | INFO | [94mtrain_tonic_targets[Negative=129,200(98.8%) | Positive=1,630(1.2%)][0m
2026-08-15 21:08:15,228 | INFO | [94mtrain_tonic_predictions[Negative=125,085(95.6%) | Positive=5,745(4.4%)][0m
2026-08-15 21:08:15,228 | INFO | [94mval_tonic_targets[Negative=26,770(99.6%) | Positive=100(0.4%)][0m
2026-08-15 21:08:15,228 | INFO | [94mval_tonic_predictions[Negative=26,090(97.1%) | Positive=780(2.9%)][0m
2026-08-15 21:08:15,228 | INFO | [95mtrain_phasic_targets[Negative=114,050(87.2%) | Positive=16,780(12.8%)][0m
2026-08-15 21:08:15,228 | INFO | [95mtrain_phasic_predictions[Negative=107,369(82.1%) | Positive=23,461(17.9%)][0m
2026-08-15 21:08:15,228 | INFO | [95mval_phasic_targets[Negative=24,820(92.4%) | Positive=2,050(7.6%)][0m
2026-08-15 21:08:15,229 | INFO | [95mval_phasic_predictions[Negative=25,250(94.0%) | Positive=1,620(6.0%)][0m
2026-08-15 21:08:15,229 | INFO | [38;5;214mtrain_any_targets[Negative=101,343(77.5%) | Positive=29,487(22.5%)][0m
2026-08-15 21:08:15,229 | INFO | [38;5;214mtrain_any_predictions[Negative=102,412(78.3%) | Positive=28,418(21.7%)][0m
2026-08-15 21:08:15,229 | INFO | [38;5;214mval_any_targets[Negative=22,569(84.0%) | Positive=4,301(16.0%)][0m
2026-08-15 21:08:15,229 | INFO | [38;5;214mval_any_predictions[Negative=22,481(83.7%) | Positive=4,389(16.3%)][0m
2026-08-15 21:08:57,141 | INFO | fold=0 ep=048 train=36.4s val=5.4s [92mtrain_stg_loss=0.3709 train_rswa_loss=0.2984 train_rswa_head_loss(t/p/a)=0.0770/0.1011/0.1203[0m | [93mval_stg_f1=0.6531 val_stg_kappa=0.6287 val_rswa_head_loss(t/p/a)=0.1057/0.1481/0.1793 val_f1(t/p/a)=0.253/0.708/0.825 val_f1_macro=0.5954[0m
2026-08-15 21:08:57,141 | INFO | [92mtrain_stage_targets[W=107,087(16.6%) | N1=29,369(4.5%) | N2=224,303(34.7%) | N3=166,098(25.7%) | REM=119,197(18.5%)][0m
2026-08-15 21:08:57,142 | INFO | [92mtrain_stage_predictions[W=106,505(16.5%) | N1=19,868(3.1%) | N2=240,050(37.2%) | N3=159,190(24.6%) | REM=120,441(18.6%)][0m
2026-08-15 21:08:57,142 | INFO | [92mtrain_move_targets[Negative=92,832(77.9%) | Positive=26,368(22.1%)][0m
2026-08-15 21:08:57,142 | INFO | [92mtrain_move_predictions[Negative=93,496(78.4%) | Positive=25,704(21.6%)][0m
2026-08-15 21:08:57,142 | INFO | [93mval_stage_targets[W=19,591(12.6%) | N1=9,460(6.1%) | N2=60,928(39.0%) | N3=39,199(25.1%) | REM=26,870(17.2%)][0m
2026-08-15 21:08:57,142 | INFO | [93mval_stage_predictions[W=33,239(21.3%) | N1=7,276(4.7%) | N2=67,375(43.2%) | N3=27,243(17.5%) | REM=20,915(13.4%)][0m
2026-08-15 21:08:57,142 | INFO | [94mtrain_tonic_targets[Negative=117,800(98.8%) | Positive=1,400(1.2%)][0m
2026-08-15 21:08:57,142 | INFO | [94mtrain_tonic_predictions[Negative=114,219(95.8%) | Positive=4,981(4.2%)][0m
2026-08-15 21:08:57,142 | INFO | [94mval_tonic_targets[Negative=26,770(99.6%) | Positive=100(0.4%)][0m
2026-08-15 21:08:57,142 | INFO | [94mval_tonic_predictions[Negative=26,180(97.4%) | Positive=690(2.6%)][0m
2026-08-15 21:08:57,143 | INFO | [95mtrain_phasic_targets[Negative=104,770(87.9%) | Positive=14,430(12.1%)][0m
2026-08-15 21:08:57,143 | INFO | [95mtrain_phasic_predictions[Negative=98,538(82.7%) | Positive=20,662(17.3%)][0m
2026-08-15 21:08:57,143 | INFO | [95mval_phasic_targets[Negative=24,820(92.4%) | Positive=2,050(7.6%)][0m
2026-08-15 21:08:57,143 | INFO | [95mval_phasic_predictions[Negative=25,530(95.0%) | Positive=1,340(5.0%)][0m
2026-08-15 21:08:57,143 | INFO | [38;5;214mtrain_any_targets[Negative=92,832(77.9%) | Positive=26,368(22.1%)][0m
2026-08-15 21:08:57,143 | INFO | [38;5;214mtrain_any_predictions[Negative=93,848(78.7%) | Positive=25,352(21.3%)][0m
2026-08-15 21:08:57,143 | INFO | [38;5;214mval_any_targets[Negative=22,569(84.0%) | Positive=4,301(16.0%)][0m
2026-08-15 21:08:57,143 | INFO | [38;5;214mval_any_predictions[Negative=23,111(86.0%) | Positive=3,759(14.0%)][0m
2026-08-15 21:09:39,609 | INFO | fold=0 ep=049 train=36.9s val=5.4s [92mtrain_stg_loss=0.3286 train_rswa_loss=0.2817 train_rswa_head_loss(t/p/a)=0.0750/0.0946/0.1121[0m | [93mval_stg_f1=0.6778 val_stg_kappa=0.6729 val_rswa_head_loss(t/p/a)=0.1105/0.1136/0.1381 val_f1(t/p/a)=0.217/0.743/0.848 val_f1_macro=0.6030[0m
2026-08-15 21:09:39,610 | INFO | [92mtrain_stage_targets[W=91,071(13.9%) | N1=26,388(4.0%) | N2=243,617(37.2%) | N3=161,239(24.6%) | REM=132,029(20.2%)][0m
2026-08-15 21:09:39,610 | INFO | [92mtrain_stage_predictions[W=92,355(14.1%) | N1=20,125(3.1%) | N2=255,426(39.0%) | N3=155,414(23.8%) | REM=131,024(20.0%)][0m
2026-08-15 21:09:39,610 | INFO | [92mtrain_move_targets[Negative=102,781(77.8%) | Positive=29,249(22.2%)][0m
2026-08-15 21:09:39,610 | INFO | [92mtrain_move_predictions[Negative=103,770(78.6%) | Positive=28,260(21.4%)][0m
2026-08-15 21:09:39,610 | INFO | [93mval_stage_targets[W=19,591(12.6%) | N1=9,460(6.1%) | N2=60,928(39.0%) | N3=39,199(25.1%) | REM=26,870(17.2%)][0m
2026-08-15 21:09:39,610 | INFO | [93mval_stage_predictions[W=25,941(16.6%) | N1=3,017(1.9%) | N2=69,104(44.3%) | N3=35,208(22.6%) | REM=22,778(14.6%)][0m
2026-08-15 21:09:39,610 | INFO | [94mtrain_tonic_targets[Negative=129,650(98.2%) | Positive=2,380(1.8%)][0m
2026-08-15 21:09:39,611 | INFO | [94mtrain_tonic_predictions[Negative=126,151(95.5%) | Positive=5,879(4.5%)][0m
2026-08-15 21:09:39,611 | INFO | [94mval_tonic_targets[Negative=26,770(99.6%) | Positive=100(0.4%)][0m
2026-08-15 21:09:39,611 | INFO | [94mval_tonic_predictions[Negative=26,050(96.9%) | Positive=820(3.1%)][0m
2026-08-15 21:09:39,611 | INFO | [95mtrain_phasic_targets[Negative=116,230(88.0%) | Positive=15,800(12.0%)][0m
2026-08-15 21:09:39,611 | INFO | [95mtrain_phasic_predictions[Negative=109,857(83.2%) | Positive=22,173(16.8%)][0m
2026-08-15 21:09:39,611 | INFO | [95mval_phasic_targets[Negative=24,820(92.4%) | Positive=2,050(7.6%)][0m
2026-08-15 21:09:39,611 | INFO | [95mval_phasic_predictions[Negative=25,100(93.4%) | Positive=1,770(6.6%)][0m
2026-08-15 21:09:39,611 | INFO | [38;5;214mtrain_any_targets[Negative=102,781(77.8%) | Positive=29,249(22.2%)][0m
2026-08-15 21:09:39,611 | INFO | [38;5;214mtrain_any_predictions[Negative=104,205(78.9%) | Positive=27,825(21.1%)][0m
2026-08-15 21:09:39,611 | INFO | [38;5;214mval_any_targets[Negative=22,569(84.0%) | Positive=4,301(16.0%)][0m
2026-08-15 21:09:39,611 | INFO | [38;5;214mval_any_predictions[Negative=22,157(82.5%) | Positive=4,713(17.5%)][0m
2026-08-15 21:10:22,461 | INFO | fold=0 ep=050 train=37.3s val=5.4s [92mtrain_stg_loss=0.3463 train_rswa_loss=0.3096 train_rswa_head_loss(t/p/a)=0.0870/0.1023/0.1204[0m | [93mval_stg_f1=0.6852 val_stg_kappa=0.6861 val_rswa_head_loss(t/p/a)=0.1144/0.1191/0.1336 val_f1(t/p/a)=0.217/0.747/0.859 val_f1_macro=0.6076[0m
2026-08-15 21:10:22,461 | INFO | [92mtrain_stage_targets[W=111,254(16.8%) | N1=28,049(4.2%) | N2=237,234(35.8%) | N3=161,240(24.3%) | REM=124,447(18.8%)][0m
2026-08-15 21:10:22,462 | INFO | [92mtrain_stage_predictions[W=113,225(17.1%) | N1=17,598(2.7%) | N2=250,232(37.8%) | N3=154,934(23.4%) | REM=126,235(19.1%)][0m
2026-08-15 21:10:22,462 | INFO | [92mtrain_move_targets[Negative=94,999(76.3%) | Positive=29,451(23.7%)][0m
2026-08-15 21:10:22,462 | INFO | [92mtrain_move_predictions[Negative=95,734(76.9%) | Positive=28,716(23.1%)][0m
2026-08-15 21:10:22,462 | INFO | [93mval_stage_targets[W=19,591(12.6%) | N1=9,460(6.1%) | N2=60,928(39.0%) | N3=39,199(25.1%) | REM=26,870(17.2%)][0m
2026-08-15 21:10:22,462 | INFO | [93mval_stage_predictions[W=24,343(15.6%) | N1=2,663(1.7%) | N2=63,370(40.6%) | N3=38,827(24.9%) | REM=26,845(17.2%)][0m
2026-08-15 21:10:22,462 | INFO | [94mtrain_tonic_targets[Negative=122,490(98.4%) | Positive=1,960(1.6%)][0m
2026-08-15 21:10:22,462 | INFO | [94mtrain_tonic_predictions[Negative=118,262(95.0%) | Positive=6,188(5.0%)][0m
2026-08-15 21:10:22,462 | INFO | [94mval_tonic_targets[Negative=26,770(99.6%) | Positive=100(0.4%)][0m
2026-08-15 21:10:22,462 | INFO | [94mval_tonic_predictions[Negative=26,050(96.9%) | Positive=820(3.1%)][0m
2026-08-15 21:10:22,463 | INFO | [95mtrain_phasic_targets[Negative=107,700(86.5%) | Positive=16,750(13.5%)][0m
2026-08-15 21:10:22,463 | INFO | [95mtrain_phasic_predictions[Negative=101,429(81.5%) | Positive=23,021(18.5%)][0m
2026-08-15 21:10:22,463 | INFO | [95mval_phasic_targets[Negative=24,820(92.4%) | Positive=2,050(7.6%)][0m
2026-08-15 21:10:22,463 | INFO | [95mval_phasic_predictions[Negative=25,330(94.3%) | Positive=1,540(5.7%)][0m
2026-08-15 21:10:22,463 | INFO | [38;5;214mtrain_any_targets[Negative=94,999(76.3%) | Positive=29,451(23.7%)][0m
2026-08-15 21:10:22,463 | INFO | [38;5;214mtrain_any_predictions[Negative=96,104(77.2%) | Positive=28,346(22.8%)][0m
2026-08-15 21:10:22,463 | INFO | [38;5;214mval_any_targets[Negative=22,569(84.0%) | Positive=4,301(16.0%)][0m
2026-08-15 21:10:22,463 | INFO | [38;5;214mval_any_predictions[Negative=22,578(84.0%) | Positive=4,292(16.0%)][0m
2026-08-15 21:10:36,972 | INFO | Fold 1 TREINO: exames=63 | estágios[W=135,990(20.7%) | N1=31,220(4.8%) | N2=226,300(34.5%) | N3=149,850(22.9%) | REM=112,110(17.1%)] | movimento=23,155/112,110 (20.65% das avaliáveis; avaliáveis=17.1% do total de 655,470 mini-épocas)
2026-08-15 21:10:36,972 | INFO | Fold 1 VALIDAÇÃO: exames=16 | estágios[W=22,920(14.7%) | N1=7,350(4.7%) | N2=64,040(41.0%) | N3=36,960(23.7%) | REM=24,950(16.0%)] | movimento=4,871/24,950 (19.52% das avaliáveis; avaliáveis=16.0% do total de 156,220 mini-épocas)
2026-08-15 21:10:36,975 | INFO | Fold 1: sujeitos com tonic -> treino=30/63 validação=8/16 | oversample_tonic_subjects=True tonic_subject_weight=20.00
2026-08-15 21:10:37,032 | INFO | [MODEL] shared_joint_system | trainable_params=1,443,952
2026-08-15 21:10:37,033 | INFO | SharedBiMambaJointSystem(
  (staging_encoder): StagingCNNEncoder(
    (branches): ModuleList(
      (0): MultiKernelCNNBranch(
        (paths): ModuleList(
          (0): Sequential(
            (0): Conv1d(3, 22, kernel_size=(30,), stride=(1,), padding=(15,), bias=False)
            (1): GroupNorm(2, 22, eps=1e-05, affine=True)
            (2): ReLU(inplace=True)
            (3): MaxPool1d(kernel_size=2, stride=2, padding=0, dilation=1, ceil_mode=False)
          )
          (1): Sequential(
            (0): Conv1d(3, 21, kernel_size=(70,), stride=(1,), padding=(35,), bias=False)
            (1): GroupNorm(7, 21, eps=1e-05, affine=True)
            (2): ReLU(inplace=True)
            (3): MaxPool1d(kernel_size=2, stride=2, padding=0, dilation=1, ceil_mode=False)
          )
          (2): Sequential(
            (0): Conv1d(3, 21, kernel_size=(150,), stride=(1,), padding=(75,), bias=False)
            (1): GroupNorm(7, 21, eps=1e-05, affine=True)
            (2): ReLU(inplace=True)
            (3): MaxPool1d(kernel_size=2, stride=2, padding=0, dilation=1, ceil_mode=False)
          )
        )
        (drop): Dropout(p=0.35, inplace=False)
      )
      (1): MultiKernelCNNBranch(
        (paths): ModuleList(
          (0): Sequential(
            (0): Conv1d(1, 22, kernel_size=(50,), stride=(1,), padding=(25,), bias=False)
            (1): GroupNorm(2, 22, eps=1e-05, affine=True)
            (2): ReLU(inplace=True)
            (3): MaxPool1d(kernel_size=2, stride=2, padding=0, dilation=1, ceil_mode=False)
          )
          (1): Sequential(
            (0): Conv1d(1, 21, kernel_size=(150,), stride=(1,), padding=(75,), bias=False)
            (1): GroupNorm(7, 21, eps=1e-05, affine=True)
            (2): ReLU(inplace=True)
            (3): MaxPool1d(kernel_size=2, stride=2, padding=0, dilation=1, ceil_mode=False)
          )
          (2): Sequential(
            (0): Conv1d(1, 21, kernel_size=(250,), stride=(1,), padding=(125,), bias=False)
            (1): GroupNorm(7, 21, eps=1e-05, affine=True)
            (2): ReLU(inplace=True)
            (3): MaxPool1d(kernel_size=2, stride=2, padding=0, dilation=1, ceil_mode=False)
          )
        )
        (drop): Dropout(p=0.35, inplace=False)
      )
    )
    (se_global): SEBlock(
      (fc): Sequential(
        (0): AdaptiveAvgPool1d(output_size=1)
        (1): Flatten(start_dim=1, end_dim=-1)
        (2): Linear(in_features=128, out_features=16, bias=False)
        (3): ReLU(inplace=True)
        (4): Linear(in_features=16, out_features=128, bias=False)
        (5): Sigmoid()
      )
    )
    (refine): Sequential(
      (0): Conv1d(128, 128, kernel_size=(5,), stride=(1,), padding=(2,), bias=False)
      (1): GroupNorm(8, 128, eps=1e-05, affine=True)
      (2): ReLU(inplace=True)
      (3): MaxPool1d(kernel_size=2, stride=2, padding=0, dilation=1, ceil_mode=False)
      (4): Conv1d(128, 256, kernel_size=(3,), stride=(1,), padding=(1,), bias=False)
      (5): GroupNorm(8, 256, eps=1e-05, affine=True)
      (6): ReLU(inplace=True)
    )
    (pool): AdaptiveAvgPool1d(output_size=1)
  )
  (rswa_encoder): RSWAFeatureEncoder(
    (paths): ModuleList(
      (0): Sequential(
        (0): Conv1d(2, 22, kernel_size=(50,), stride=(1,), padding=(25,), bias=False)
        (1): GroupNorm(2, 22, eps=1e-05, affine=True)
        (2): ReLU(inplace=True)
        (3): MaxPool1d(kernel_size=2, stride=2, padding=0, dilation=1, ceil_mode=False)
      )
      (1): Sequential(
        (0): Conv1d(2, 21, kernel_size=(150,), stride=(1,), padding=(75,), bias=False)
        (1): GroupNorm(7, 21, eps=1e-05, affine=True)
        (2): ReLU(inplace=True)
        (3): MaxPool1d(kernel_size=2, stride=2, padding=0, dilation=1, ceil_mode=False)
      )
      (2): Sequential(
        (0): Conv1d(2, 21, kernel_size=(300,), stride=(1,), padding=(150,), bias=False)
        (1): GroupNorm(7, 21, eps=1e-05, affine=True)
        (2): ReLU(inplace=True)
        (3): MaxPool1d(kernel_size=2, stride=2, padding=0, dilation=1, ceil_mode=False)
      )
    )
    (drop): Dropout(p=0.35, inplace=False)
    (se): SEBlock(
      (fc): Sequential(
        (0): AdaptiveAvgPool1d(output_size=1)
        (1): Flatten(start_dim=1, end_dim=-1)
        (2): Linear(in_features=64, out_features=8, bias=False)
        (3): ReLU(inplace=True)
        (4): Linear(in_features=8, out_features=64, bias=False)
        (5): Sigmoid()
      )
    )
    (refine): Sequential(
      (0): Conv1d(64, 64, kernel_size=(5,), stride=(1,), padding=(2,), bias=False)
      (1): GroupNorm(8, 64, eps=1e-05, affine=True)
      (2): ReLU(inplace=True)
      (3): MaxPool1d(kernel_size=2, stride=2, padding=0, dilation=1, ceil_mode=False)
      (4): Conv1d(64, 256, kernel_size=(3,), stride=(1,), padding=(1,), bias=False)
      (5): GroupNorm(8, 256, eps=1e-05, affine=True)
      (6): ReLU(inplace=True)
    )
    (pool): AdaptiveAvgPool1d(output_size=1)
  )
  (fusion): Sequential(
    (0): Linear(in_features=512, out_features=256, bias=False)
    (1): LayerNorm((256,), eps=1e-05, elementwise_affine=True)
    (2): ReLU(inplace=True)
    (3): Dropout(p=0.35, inplace=False)
  )
  (temporal): MambaStack(
    (blocks): ModuleList(
      (0): BidirMambaBlock(
        sequence_impl=mamba
        (norm): LayerNorm((256,), eps=1e-05, elementwise_affine=True)
        (drop): Dropout(p=0.35, inplace=False)
        (fwd): Mamba(
          (in_proj): Linear(in_features=256, out_features=1024, bias=False)
          (conv1d): Conv1d(512, 512, kernel_size=(4,), stride=(1,), padding=(3,), groups=512)
          (act): SiLU()
          (x_proj): Linear(in_features=512, out_features=48, bias=False)
          (dt_proj): Linear(in_features=16, out_features=512, bias=True)
          (out_proj): Linear(in_features=512, out_features=256, bias=False)
        )
        (bwd): Mamba(
          (in_proj): Linear(in_features=256, out_features=1024, bias=False)
          (conv1d): Conv1d(512, 512, kernel_size=(4,), stride=(1,), padding=(3,), groups=512)
          (act): SiLU()
          (x_proj): Linear(in_features=512, out_features=48, bias=False)
          (dt_proj): Linear(in_features=16, out_features=512, bias=True)
          (out_proj): Linear(in_features=512, out_features=256, bias=False)
        )
      )
    )
    (norm_out): LayerNorm((256,), eps=1e-05, elementwise_affine=True)
  )
  (staging_classifier): Sequential(
    (0): Linear(in_features=256, out_features=128, bias=True)
    (1): ReLU(inplace=True)
    (2): Dropout(p=0.35, inplace=False)
    (3): Linear(in_features=128, out_features=5, bias=True)
  )
  (tonic_head): Sequential(
    (0): Linear(in_features=256, out_features=128, bias=True)
    (1): ReLU(inplace=True)
    (2): Dropout(p=0.35, inplace=False)
    (3): Linear(in_features=128, out_features=1, bias=True)
  )
  (phasic_head): Sequential(
    (0): Linear(in_features=256, out_features=128, bias=True)
    (1): ReLU(inplace=True)
    (2): Dropout(p=0.35, inplace=False)
    (3): Linear(in_features=128, out_features=1, bias=True)
  )
  (any_head): Sequential(
    (0): Linear(in_features=256, out_features=128, bias=True)
    (1): ReLU(inplace=True)
    (2): Dropout(p=0.35, inplace=False)
    (3): Linear(in_features=128, out_features=1, bias=True)
  )
)
2026-08-15 21:10:37,068 | INFO | [MODEL] shared_joint_staging_encoder | trainable_params=210,684
2026-08-15 21:10:37,068 | INFO | StagingCNNEncoder(
  (branches): ModuleList(
    (0): MultiKernelCNNBranch(
      (paths): ModuleList(
        (0): Sequential(
          (0): Conv1d(3, 22, kernel_size=(30,), stride=(1,), padding=(15,), bias=False)
          (1): GroupNorm(2, 22, eps=1e-05, affine=True)
          (2): ReLU(inplace=True)
          (3): MaxPool1d(kernel_size=2, stride=2, padding=0, dilation=1, ceil_mode=False)
        )
        (1): Sequential(
          (0): Conv1d(3, 21, kernel_size=(70,), stride=(1,), padding=(35,), bias=False)
          (1): GroupNorm(7, 21, eps=1e-05, affine=True)
          (2): ReLU(inplace=True)
          (3): MaxPool1d(kernel_size=2, stride=2, padding=0, dilation=1, ceil_mode=False)
        )
        (2): Sequential(
          (0): Conv1d(3, 21, kernel_size=(150,), stride=(1,), padding=(75,), bias=False)
          (1): GroupNorm(7, 21, eps=1e-05, affine=True)
          (2): ReLU(inplace=True)
          (3): MaxPool1d(kernel_size=2, stride=2, padding=0, dilation=1, ceil_mode=False)
        )
      )
      (drop): Dropout(p=0.35, inplace=False)
    )
    (1): MultiKernelCNNBranch(
      (paths): ModuleList(
        (0): Sequential(
          (0): Conv1d(1, 22, kernel_size=(50,), stride=(1,), padding=(25,), bias=False)
          (1): GroupNorm(2, 22, eps=1e-05, affine=True)
          (2): ReLU(inplace=True)
          (3): MaxPool1d(kernel_size=2, stride=2, padding=0, dilation=1, ceil_mode=False)
        )
        (1): Sequential(
          (0): Conv1d(1, 21, kernel_size=(150,), stride=(1,), padding=(75,), bias=False)
          (1): GroupNorm(7, 21, eps=1e-05, affine=True)
          (2): ReLU(inplace=True)
          (3): MaxPool1d(kernel_size=2, stride=2, padding=0, dilation=1, ceil_mode=False)
        )
        (2): Sequential(
          (0): Conv1d(1, 21, kernel_size=(250,), stride=(1,), padding=(125,), bias=False)
          (1): GroupNorm(7, 21, eps=1e-05, affine=True)
          (2): ReLU(inplace=True)
          (3): MaxPool1d(kernel_size=2, stride=2, padding=0, dilation=1, ceil_mode=False)
        )
      )
      (drop): Dropout(p=0.35, inplace=False)
    )
  )
  (se_global): SEBlock(
    (fc): Sequential(
      (0): AdaptiveAvgPool1d(output_size=1)
      (1): Flatten(start_dim=1, end_dim=-1)
      (2): Linear(in_features=128, out_features=16, bias=False)
      (3): ReLU(inplace=True)
      (4): Linear(in_features=16, out_features=128, bias=False)
      (5): Sigmoid()
    )
  )
  (refine): Sequential(
    (0): Conv1d(128, 128, kernel_size=(5,), stride=(1,), padding=(2,), bias=False)
    (1): GroupNorm(8, 128, eps=1e-05, affine=True)
    (2): ReLU(inplace=True)
    (3): MaxPool1d(kernel_size=2, stride=2, padding=0, dilation=1, ceil_mode=False)
    (4): Conv1d(128, 256, kernel_size=(3,), stride=(1,), padding=(1,), bias=False)
    (5): GroupNorm(8, 256, eps=1e-05, affine=True)
    (6): ReLU(inplace=True)
  )
  (pool): AdaptiveAvgPool1d(output_size=1)
)
2026-08-15 21:10:37,069 | INFO | [MODEL] shared_joint_rswa_encoder | trainable_params=92,524
2026-08-15 21:10:37,069 | INFO | RSWAFeatureEncoder(
  (paths): ModuleList(
    (0): Sequential(
      (0): Conv1d(2, 22, kernel_size=(50,), stride=(1,), padding=(25,), bias=False)
      (1): GroupNorm(2, 22, eps=1e-05, affine=True)
      (2): ReLU(inplace=True)
      (3): MaxPool1d(kernel_size=2, stride=2, padding=0, dilation=1, ceil_mode=False)
    )
    (1): Sequential(
      (0): Conv1d(2, 21, kernel_size=(150,), stride=(1,), padding=(75,), bias=False)
      (1): GroupNorm(7, 21, eps=1e-05, affine=True)
      (2): ReLU(inplace=True)
      (3): MaxPool1d(kernel_size=2, stride=2, padding=0, dilation=1, ceil_mode=False)
    )
    (2): Sequential(
      (0): Conv1d(2, 21, kernel_size=(300,), stride=(1,), padding=(150,), bias=False)
      (1): GroupNorm(7, 21, eps=1e-05, affine=True)
      (2): ReLU(inplace=True)
      (3): MaxPool1d(kernel_size=2, stride=2, padding=0, dilation=1, ceil_mode=False)
    )
  )
  (drop): Dropout(p=0.35, inplace=False)
  (se): SEBlock(
    (fc): Sequential(
      (0): AdaptiveAvgPool1d(output_size=1)
      (1): Flatten(start_dim=1, end_dim=-1)
      (2): Linear(in_features=64, out_features=8, bias=False)
      (3): ReLU(inplace=True)
      (4): Linear(in_features=8, out_features=64, bias=False)
      (5): Sigmoid()
    )
  )
  (refine): Sequential(
    (0): Conv1d(64, 64, kernel_size=(5,), stride=(1,), padding=(2,), bias=False)
    (1): GroupNorm(8, 64, eps=1e-05, affine=True)
    (2): ReLU(inplace=True)
    (3): MaxPool1d(kernel_size=2, stride=2, padding=0, dilation=1, ceil_mode=False)
    (4): Conv1d(64, 256, kernel_size=(3,), stride=(1,), padding=(1,), bias=False)
    (5): GroupNorm(8, 256, eps=1e-05, affine=True)
    (6): ReLU(inplace=True)
  )
  (pool): AdaptiveAvgPool1d(output_size=1)
)
2026-08-15 21:10:37,070 | INFO | [MODEL] shared_joint_temporal | trainable_params=876,544
2026-08-15 21:10:37,070 | INFO | MambaStack(
  (blocks): ModuleList(
    (0): BidirMambaBlock(
      sequence_impl=mamba
      (norm): LayerNorm((256,), eps=1e-05, elementwise_affine=True)
      (drop): Dropout(p=0.35, inplace=False)
      (fwd): Mamba(
        (in_proj): Linear(in_features=256, out_features=1024, bias=False)
        (conv1d): Conv1d(512, 512, kernel_size=(4,), stride=(1,), padding=(3,), groups=512)
        (act): SiLU()
        (x_proj): Linear(in_features=512, out_features=48, bias=False)
        (dt_proj): Linear(in_features=16, out_features=512, bias=True)
        (out_proj): Linear(in_features=512, out_features=256, bias=False)
      )
      (bwd): Mamba(
        (in_proj): Linear(in_features=256, out_features=1024, bias=False)
        (conv1d): Conv1d(512, 512, kernel_size=(4,), stride=(1,), padding=(3,), groups=512)
        (act): SiLU()
        (x_proj): Linear(in_features=512, out_features=48, bias=False)
        (dt_proj): Linear(in_features=16, out_features=512, bias=True)
        (out_proj): Linear(in_features=512, out_features=256, bias=False)
      )
    )
  )
  (norm_out): LayerNorm((256,), eps=1e-05, elementwise_affine=True)
)
2026-08-15 21:10:37,168 | INFO | [MODEL] joint_system | trainable_params=1,443,952
2026-08-15 21:10:37,169 | INFO | SharedBiMambaJointSystem(
  (staging_encoder): StagingCNNEncoder(
    (branches): ModuleList(
      (0): MultiKernelCNNBranch(
        (paths): ModuleList(
          (0): Sequential(
            (0): Conv1d(3, 22, kernel_size=(30,), stride=(1,), padding=(15,), bias=False)
            (1): GroupNorm(2, 22, eps=1e-05, affine=True)
            (2): ReLU(inplace=True)
            (3): MaxPool1d(kernel_size=2, stride=2, padding=0, dilation=1, ceil_mode=False)
          )
          (1): Sequential(
            (0): Conv1d(3, 21, kernel_size=(70,), stride=(1,), padding=(35,), bias=False)
            (1): GroupNorm(7, 21, eps=1e-05, affine=True)
            (2): ReLU(inplace=True)
            (3): MaxPool1d(kernel_size=2, stride=2, padding=0, dilation=1, ceil_mode=False)
          )
          (2): Sequential(
            (0): Conv1d(3, 21, kernel_size=(150,), stride=(1,), padding=(75,), bias=False)
            (1): GroupNorm(7, 21, eps=1e-05, affine=True)
            (2): ReLU(inplace=True)
            (3): MaxPool1d(kernel_size=2, stride=2, padding=0, dilation=1, ceil_mode=False)
          )
        )
        (drop): Dropout(p=0.35, inplace=False)
      )
      (1): MultiKernelCNNBranch(
        (paths): ModuleList(
          (0): Sequential(
            (0): Conv1d(1, 22, kernel_size=(50,), stride=(1,), padding=(25,), bias=False)
            (1): GroupNorm(2, 22, eps=1e-05, affine=True)
            (2): ReLU(inplace=True)
            (3): MaxPool1d(kernel_size=2, stride=2, padding=0, dilation=1, ceil_mode=False)
          )
          (1): Sequential(
            (0): Conv1d(1, 21, kernel_size=(150,), stride=(1,), padding=(75,), bias=False)
            (1): GroupNorm(7, 21, eps=1e-05, affine=True)
            (2): ReLU(inplace=True)
            (3): MaxPool1d(kernel_size=2, stride=2, padding=0, dilation=1, ceil_mode=False)
          )
          (2): Sequential(
            (0): Conv1d(1, 21, kernel_size=(250,), stride=(1,), padding=(125,), bias=False)
            (1): GroupNorm(7, 21, eps=1e-05, affine=True)
            (2): ReLU(inplace=True)
            (3): MaxPool1d(kernel_size=2, stride=2, padding=0, dilation=1, ceil_mode=False)
          )
        )
        (drop): Dropout(p=0.35, inplace=False)
      )
    )
    (se_global): SEBlock(
      (fc): Sequential(
        (0): AdaptiveAvgPool1d(output_size=1)
        (1): Flatten(start_dim=1, end_dim=-1)
        (2): Linear(in_features=128, out_features=16, bias=False)
        (3): ReLU(inplace=True)
        (4): Linear(in_features=16, out_features=128, bias=False)
        (5): Sigmoid()
      )
    )
    (refine): Sequential(
      (0): Conv1d(128, 128, kernel_size=(5,), stride=(1,), padding=(2,), bias=False)
      (1): GroupNorm(8, 128, eps=1e-05, affine=True)
      (2): ReLU(inplace=True)
      (3): MaxPool1d(kernel_size=2, stride=2, padding=0, dilation=1, ceil_mode=False)
      (4): Conv1d(128, 256, kernel_size=(3,), stride=(1,), padding=(1,), bias=False)
      (5): GroupNorm(8, 256, eps=1e-05, affine=True)
      (6): ReLU(inplace=True)
    )
    (pool): AdaptiveAvgPool1d(output_size=1)
  )
  (rswa_encoder): RSWAFeatureEncoder(
    (paths): ModuleList(
      (0): Sequential(
        (0): Conv1d(2, 22, kernel_size=(50,), stride=(1,), padding=(25,), bias=False)
        (1): GroupNorm(2, 22, eps=1e-05, affine=True)
        (2): ReLU(inplace=True)
        (3): MaxPool1d(kernel_size=2, stride=2, padding=0, dilation=1, ceil_mode=False)
      )
      (1): Sequential(
        (0): Conv1d(2, 21, kernel_size=(150,), stride=(1,), padding=(75,), bias=False)
        (1): GroupNorm(7, 21, eps=1e-05, affine=True)
        (2): ReLU(inplace=True)
        (3): MaxPool1d(kernel_size=2, stride=2, padding=0, dilation=1, ceil_mode=False)
      )
      (2): Sequential(
        (0): Conv1d(2, 21, kernel_size=(300,), stride=(1,), padding=(150,), bias=False)
        (1): GroupNorm(7, 21, eps=1e-05, affine=True)
        (2): ReLU(inplace=True)
        (3): MaxPool1d(kernel_size=2, stride=2, padding=0, dilation=1, ceil_mode=False)
      )
    )
    (drop): Dropout(p=0.35, inplace=False)
    (se): SEBlock(
      (fc): Sequential(
        (0): AdaptiveAvgPool1d(output_size=1)
        (1): Flatten(start_dim=1, end_dim=-1)
        (2): Linear(in_features=64, out_features=8, bias=False)
        (3): ReLU(inplace=True)
        (4): Linear(in_features=8, out_features=64, bias=False)
        (5): Sigmoid()
      )
    )
    (refine): Sequential(
      (0): Conv1d(64, 64, kernel_size=(5,), stride=(1,), padding=(2,), bias=False)
      (1): GroupNorm(8, 64, eps=1e-05, affine=True)
      (2): ReLU(inplace=True)
      (3): MaxPool1d(kernel_size=2, stride=2, padding=0, dilation=1, ceil_mode=False)
      (4): Conv1d(64, 256, kernel_size=(3,), stride=(1,), padding=(1,), bias=False)
      (5): GroupNorm(8, 256, eps=1e-05, affine=True)
      (6): ReLU(inplace=True)
    )
    (pool): AdaptiveAvgPool1d(output_size=1)
  )
  (fusion): Sequential(
    (0): Linear(in_features=512, out_features=256, bias=False)
    (1): LayerNorm((256,), eps=1e-05, elementwise_affine=True)
    (2): ReLU(inplace=True)
    (3): Dropout(p=0.35, inplace=False)
  )
  (temporal): MambaStack(
    (blocks): ModuleList(
      (0): BidirMambaBlock(
        sequence_impl=mamba
        (norm): LayerNorm((256,), eps=1e-05, elementwise_affine=True)
        (drop): Dropout(p=0.35, inplace=False)
        (fwd): Mamba(
          (in_proj): Linear(in_features=256, out_features=1024, bias=False)
          (conv1d): Conv1d(512, 512, kernel_size=(4,), stride=(1,), padding=(3,), groups=512)
          (act): SiLU()
          (x_proj): Linear(in_features=512, out_features=48, bias=False)
          (dt_proj): Linear(in_features=16, out_features=512, bias=True)
          (out_proj): Linear(in_features=512, out_features=256, bias=False)
        )
        (bwd): Mamba(
          (in_proj): Linear(in_features=256, out_features=1024, bias=False)
          (conv1d): Conv1d(512, 512, kernel_size=(4,), stride=(1,), padding=(3,), groups=512)
          (act): SiLU()
          (x_proj): Linear(in_features=512, out_features=48, bias=False)
          (dt_proj): Linear(in_features=16, out_features=512, bias=True)
          (out_proj): Linear(in_features=512, out_features=256, bias=False)
        )
      )
    )
    (norm_out): LayerNorm((256,), eps=1e-05, elementwise_affine=True)
  )
  (staging_classifier): Sequential(
    (0): Linear(in_features=256, out_features=128, bias=True)
    (1): ReLU(inplace=True)
    (2): Dropout(p=0.35, inplace=False)
    (3): Linear(in_features=128, out_features=5, bias=True)
  )
  (tonic_head): Sequential(
    (0): Linear(in_features=256, out_features=128, bias=True)
    (1): ReLU(inplace=True)
    (2): Dropout(p=0.35, inplace=False)
    (3): Linear(in_features=128, out_features=1, bias=True)
  )
  (phasic_head): Sequential(
    (0): Linear(in_features=256, out_features=128, bias=True)
    (1): ReLU(inplace=True)
    (2): Dropout(p=0.35, inplace=False)
    (3): Linear(in_features=128, out_features=1, bias=True)
  )
  (any_head): Sequential(
    (0): Linear(in_features=256, out_features=128, bias=True)
    (1): ReLU(inplace=True)
    (2): Dropout(p=0.35, inplace=False)
    (3): Linear(in_features=128, out_features=1, bias=True)
  )
)
2026-08-15 21:10:37,178 | INFO | Fold 1: treino=63 validação=16
2026-08-15 21:11:20,341 | INFO | fold=1 ep=001 train=37.3s val=5.8s [92mtrain_stg_loss=1.4881 train_rswa_loss=1.8385 train_rswa_head_loss(t/p/a)=0.8370/0.4675/0.5339[0m | [93mval_stg_f1=0.1163 val_stg_kappa=0.0000 val_rswa_head_loss(t/p/a)=0.8128/0.4376/0.5183 val_f1(t/p/a)=0.000/0.000/0.000 val_f1_macro=0.0000[0m
2026-08-15 21:11:20,341 | INFO | [92mtrain_stage_targets[W=93,227(14.3%) | N1=29,426(4.5%) | N2=224,621(34.4%) | N3=184,470(28.2%) | REM=121,910(18.7%)][0m
2026-08-15 21:11:20,341 | INFO | [92mtrain_stage_predictions[W=8,409(1.3%) | N1=3,270(0.5%) | N2=442,701(67.7%) | N3=183,821(28.1%) | REM=15,453(2.4%)][0m
2026-08-15 21:11:20,341 | INFO | [92mtrain_move_targets[Negative=95,425(78.3%) | Positive=26,485(21.7%)][0m
2026-08-15 21:11:20,341 | INFO | [92mtrain_move_predictions[Negative=120,938(99.2%) | Positive=972(0.8%)][0m
2026-08-15 21:11:20,341 | INFO | [93mval_stage_targets[W=22,890(14.7%) | N1=7,350(4.7%) | N2=64,039(41.0%) | N3=36,960(23.7%) | REM=24,949(16.0%)][0m
2026-08-15 21:11:20,342 | INFO | [93mval_stage_predictions[W=0(0.0%) | N1=0(0.0%) | N2=156,188(100.0%) | N3=0(0.0%) | REM=0(0.0%)][0m
2026-08-15 21:11:20,342 | INFO | [94mtrain_tonic_targets[Negative=120,790(99.1%) | Positive=1,120(0.9%)][0m
2026-08-15 21:11:20,342 | INFO | [94mtrain_tonic_predictions[Negative=121,650(99.8%) | Positive=260(0.2%)][0m
2026-08-15 21:11:20,342 | INFO | [94mval_tonic_targets[Negative=24,600(98.6%) | Positive=350(1.4%)][0m
2026-08-15 21:11:20,342 | INFO | [94mval_tonic_predictions[Negative=24,950(100.0%) | Positive=0(0.0%)][0m
2026-08-15 21:11:20,342 | INFO | [95mtrain_phasic_targets[Negative=106,670(87.5%) | Positive=15,240(12.5%)][0m
2026-08-15 21:11:20,342 | INFO | [95mtrain_phasic_predictions[Negative=121,858(100.0%) | Positive=52(0.0%)][0m
2026-08-15 21:11:20,342 | INFO | [95mval_phasic_targets[Negative=22,520(90.3%) | Positive=2,430(9.7%)][0m
2026-08-15 21:11:20,343 | INFO | [95mval_phasic_predictions[Negative=24,950(100.0%) | Positive=0(0.0%)][0m
2026-08-15 21:11:20,343 | INFO | [38;5;214mtrain_any_targets[Negative=95,425(78.3%) | Positive=26,485(21.7%)][0m
2026-08-15 21:11:20,343 | INFO | [38;5;214mtrain_any_predictions[Negative=121,166(99.4%) | Positive=744(0.6%)][0m
2026-08-15 21:11:20,343 | INFO | [38;5;214mval_any_targets[Negative=20,079(80.5%) | Positive=4,871(19.5%)][0m
2026-08-15 21:11:20,343 | INFO | [38;5;214mval_any_predictions[Negative=24,950(100.0%) | Positive=0(0.0%)][0m
2026-08-15 21:11:20,521 | INFO | Fold 1: novo melhor checkpoint na época 1, staging_f1_macro=0.1163
2026-08-15 21:12:01,858 | INFO | fold=1 ep=002 train=35.9s val=5.4s [92mtrain_stg_loss=1.3878 train_rswa_loss=1.6842 train_rswa_head_loss(t/p/a)=0.7706/0.4244/0.4892[0m | [93mval_stg_f1=0.2606 val_stg_kappa=0.1773 val_rswa_head_loss(t/p/a)=0.4532/0.3352/0.3823 val_f1(t/p/a)=0.386/0.140/0.415 val_f1_macro=0.3139[0m
2026-08-15 21:12:01,858 | INFO | [92mtrain_stage_targets[W=95,964(15.1%) | N1=28,138(4.4%) | N2=231,328(36.5%) | N3=162,744(25.7%) | REM=115,270(18.2%)][0m
2026-08-15 21:12:01,859 | INFO | [92mtrain_stage_predictions[W=6,306(1.0%) | N1=67(0.0%) | N2=474,302(74.9%) | N3=116,675(18.4%) | REM=36,094(5.7%)][0m
2026-08-15 21:12:01,859 | INFO | [92mtrain_move_targets[Negative=89,278(77.5%) | Positive=25,992(22.5%)][0m
2026-08-15 21:12:01,859 | INFO | [92mtrain_move_predictions[Negative=108,368(94.0%) | Positive=6,902(6.0%)][0m
2026-08-15 21:12:01,859 | INFO | [93mval_stage_targets[W=22,890(14.7%) | N1=7,350(4.7%) | N2=64,039(41.0%) | N3=36,960(23.7%) | REM=24,949(16.0%)][0m
2026-08-15 21:12:01,859 | INFO | [93mval_stage_predictions[W=3,624(2.3%) | N1=0(0.0%) | N2=60,658(38.8%) | N3=6,768(4.3%) | REM=85,138(54.5%)][0m
2026-08-15 21:12:01,859 | INFO | [94mtrain_tonic_targets[Negative=113,610(98.6%) | Positive=1,660(1.4%)][0m
2026-08-15 21:12:01,859 | INFO | [94mtrain_tonic_predictions[Negative=109,370(94.9%) | Positive=5,900(5.1%)][0m
2026-08-15 21:12:01,859 | INFO | [94mval_tonic_targets[Negative=24,600(98.6%) | Positive=350(1.4%)][0m
2026-08-15 21:12:01,860 | INFO | [94mval_tonic_predictions[Negative=24,420(97.9%) | Positive=530(2.1%)][0m
2026-08-15 21:12:01,860 | INFO | [95mtrain_phasic_targets[Negative=100,880(87.5%) | Positive=14,390(12.5%)][0m
2026-08-15 21:12:01,860 | INFO | [95mtrain_phasic_predictions[Negative=113,591(98.5%) | Positive=1,679(1.5%)][0m
2026-08-15 21:12:01,860 | INFO | [95mval_phasic_targets[Negative=22,520(90.3%) | Positive=2,430(9.7%)][0m
2026-08-15 21:12:01,860 | INFO | [95mval_phasic_predictions[Negative=24,530(98.3%) | Positive=420(1.7%)][0m
2026-08-15 21:12:01,860 | INFO | [38;5;214mtrain_any_targets[Negative=89,278(77.5%) | Positive=25,992(22.5%)][0m
2026-08-15 21:12:01,860 | INFO | [38;5;214mtrain_any_predictions[Negative=111,728(96.9%) | Positive=3,542(3.1%)][0m
2026-08-15 21:12:01,860 | INFO | [38;5;214mval_any_targets[Negative=20,079(80.5%) | Positive=4,871(19.5%)][0m
2026-08-15 21:12:01,860 | INFO | [38;5;214mval_any_predictions[Negative=23,607(94.6%) | Positive=1,343(5.4%)][0m
2026-08-15 21:12:02,043 | INFO | Fold 1: novo melhor checkpoint na época 2, staging_f1_macro=0.2606
2026-08-15 21:12:42,854 | INFO | fold=1 ep=003 train=35.4s val=5.4s [92mtrain_stg_loss=1.2388 train_rswa_loss=0.9388 train_rswa_head_loss(t/p/a)=0.3875/0.2530/0.2982[0m | [93mval_stg_f1=0.3662 val_stg_kappa=0.3013 val_rswa_head_loss(t/p/a)=0.2132/0.1940/0.2453 val_f1(t/p/a)=0.360/0.680/0.805 val_f1_macro=0.6152[0m
2026-08-15 21:12:42,855 | INFO | [92mtrain_stage_targets[W=114,376(18.3%) | N1=36,848(5.9%) | N2=208,523(33.4%) | N3=158,377(25.3%) | REM=106,850(17.1%)][0m
2026-08-15 21:12:42,855 | INFO | [92mtrain_stage_predictions[W=124,973(20.0%) | N1=369(0.1%) | N2=235,424(37.7%) | N3=141,008(22.6%) | REM=123,200(19.7%)][0m
2026-08-15 21:12:42,855 | INFO | [92mtrain_move_targets[Negative=81,367(76.2%) | Positive=25,483(23.8%)][0m
2026-08-15 21:12:42,855 | INFO | [92mtrain_move_predictions[Negative=86,848(81.3%) | Positive=20,002(18.7%)][0m
2026-08-15 21:12:42,855 | INFO | [93mval_stage_targets[W=22,890(14.7%) | N1=7,350(4.7%) | N2=64,039(41.0%) | N3=36,960(23.7%) | REM=24,949(16.0%)][0m
2026-08-15 21:12:42,856 | INFO | [93mval_stage_predictions[W=37,279(23.9%) | N1=0(0.0%) | N2=18,084(11.6%) | N3=36,153(23.1%) | REM=64,672(41.4%)][0m
2026-08-15 21:12:42,856 | INFO | [94mtrain_tonic_targets[Negative=105,700(98.9%) | Positive=1,150(1.1%)][0m
2026-08-15 21:12:42,856 | INFO | [94mtrain_tonic_predictions[Negative=93,504(87.5%) | Positive=13,346(12.5%)][0m
2026-08-15 21:12:42,856 | INFO | [94mval_tonic_targets[Negative=24,600(98.6%) | Positive=350(1.4%)][0m
2026-08-15 21:12:42,856 | INFO | [94mval_tonic_predictions[Negative=23,410(93.8%) | Positive=1,540(6.2%)][0m
2026-08-15 21:12:42,856 | INFO | [95mtrain_phasic_targets[Negative=92,340(86.4%) | Positive=14,510(13.6%)][0m
2026-08-15 21:12:42,856 | INFO | [95mtrain_phasic_predictions[Negative=89,614(83.9%) | Positive=17,236(16.1%)][0m
2026-08-15 21:12:42,856 | INFO | [95mval_phasic_targets[Negative=22,520(90.3%) | Positive=2,430(9.7%)][0m
2026-08-15 21:12:42,856 | INFO | [95mval_phasic_predictions[Negative=22,560(90.4%) | Positive=2,390(9.6%)][0m
2026-08-15 21:12:42,856 | INFO | [38;5;214mtrain_any_targets[Negative=81,367(76.2%) | Positive=25,483(23.8%)][0m
2026-08-15 21:12:42,857 | INFO | [38;5;214mtrain_any_predictions[Negative=87,264(81.7%) | Positive=19,586(18.3%)][0m
2026-08-15 21:12:42,857 | INFO | [38;5;214mval_any_targets[Negative=20,079(80.5%) | Positive=4,871(19.5%)][0m
2026-08-15 21:12:42,857 | INFO | [38;5;214mval_any_predictions[Negative=21,216(85.0%) | Positive=3,734(15.0%)][0m
2026-08-15 21:12:43,037 | INFO | Fold 1: novo melhor checkpoint na época 3, staging_f1_macro=0.3662
2026-08-15 21:13:24,588 | INFO | fold=1 ep=004 train=36.1s val=5.4s [92mtrain_stg_loss=1.0705 train_rswa_loss=0.7566 train_rswa_head_loss(t/p/a)=0.3152/0.2003/0.2410[0m | [93mval_stg_f1=0.4426 val_stg_kappa=0.3986 val_rswa_head_loss(t/p/a)=0.2190/0.1724/0.2031 val_f1(t/p/a)=0.289/0.707/0.835 val_f1_macro=0.6105[0m
2026-08-15 21:13:24,589 | INFO | [92mtrain_stage_targets[W=115,292(17.9%) | N1=31,310(4.9%) | N2=216,663(33.7%) | N3=162,739(25.3%) | REM=117,390(18.2%)][0m
2026-08-15 21:13:24,589 | INFO | [92mtrain_stage_predictions[W=137,007(21.3%) | N1=140(0.0%) | N2=181,387(28.2%) | N3=182,820(28.4%) | REM=142,040(22.1%)][0m
2026-08-15 21:13:24,589 | INFO | [92mtrain_move_targets[Negative=90,663(77.2%) | Positive=26,727(22.8%)][0m
2026-08-15 21:13:24,589 | INFO | [92mtrain_move_predictions[Negative=92,639(78.9%) | Positive=24,751(21.1%)][0m
2026-08-15 21:13:24,589 | INFO | [93mval_stage_targets[W=22,890(14.7%) | N1=7,350(4.7%) | N2=64,039(41.0%) | N3=36,960(23.7%) | REM=24,949(16.0%)][0m
2026-08-15 21:13:24,589 | INFO | [93mval_stage_predictions[W=30,528(19.5%) | N1=0(0.0%) | N2=34,470(22.1%) | N3=45,557(29.2%) | REM=45,633(29.2%)][0m
2026-08-15 21:13:24,589 | INFO | [94mtrain_tonic_targets[Negative=116,020(98.8%) | Positive=1,370(1.2%)][0m
2026-08-15 21:13:24,589 | INFO | [94mtrain_tonic_predictions[Negative=104,123(88.7%) | Positive=13,267(11.3%)][0m
2026-08-15 21:13:24,590 | INFO | [94mval_tonic_targets[Negative=24,600(98.6%) | Positive=350(1.4%)][0m
2026-08-15 21:13:24,590 | INFO | [94mval_tonic_predictions[Negative=22,880(91.7%) | Positive=2,070(8.3%)][0m
2026-08-15 21:13:24,590 | INFO | [95mtrain_phasic_targets[Negative=102,480(87.3%) | Positive=14,910(12.7%)][0m
2026-08-15 21:13:24,590 | INFO | [95mtrain_phasic_predictions[Negative=94,643(80.6%) | Positive=22,747(19.4%)][0m
2026-08-15 21:13:24,590 | INFO | [95mval_phasic_targets[Negative=22,520(90.3%) | Positive=2,430(9.7%)][0m
2026-08-15 21:13:24,590 | INFO | [95mval_phasic_predictions[Negative=22,400(89.8%) | Positive=2,550(10.2%)][0m
2026-08-15 21:13:24,590 | INFO | [38;5;214mtrain_any_targets[Negative=90,663(77.2%) | Positive=26,727(22.8%)][0m
2026-08-15 21:13:24,590 | INFO | [38;5;214mtrain_any_predictions[Negative=92,750(79.0%) | Positive=24,640(21.0%)][0m
2026-08-15 21:13:24,590 | INFO | [38;5;214mval_any_targets[Negative=20,079(80.5%) | Positive=4,871(19.5%)][0m
2026-08-15 21:13:24,590 | INFO | [38;5;214mval_any_predictions[Negative=20,864(83.6%) | Positive=4,086(16.4%)][0m
2026-08-15 21:13:24,772 | INFO | Fold 1: novo melhor checkpoint na época 4, staging_f1_macro=0.4426
2026-08-15 21:14:06,001 | INFO | fold=1 ep=005 train=35.9s val=5.3s [92mtrain_stg_loss=0.9541 train_rswa_loss=0.6552 train_rswa_head_loss(t/p/a)=0.2415/0.1823/0.2314[0m | [93mval_stg_f1=0.4725 val_stg_kappa=0.4322 val_rswa_head_loss(t/p/a)=0.1899/0.1510/0.1819 val_f1(t/p/a)=0.453/0.740/0.858 val_f1_macro=0.6840[0m
2026-08-15 21:14:06,002 | INFO | [92mtrain_stage_targets[W=109,662(17.3%) | N1=34,438(5.4%) | N2=221,087(34.9%) | N3=152,377(24.1%) | REM=115,380(18.2%)][0m
2026-08-15 21:14:06,002 | INFO | [92mtrain_stage_predictions[W=130,771(20.7%) | N1=64(0.0%) | N2=219,082(34.6%) | N3=154,150(24.4%) | REM=128,877(20.4%)][0m
2026-08-15 21:14:06,002 | INFO | [92mtrain_move_targets[Negative=89,088(77.2%) | Positive=26,292(22.8%)][0m
2026-08-15 21:14:06,002 | INFO | [92mtrain_move_predictions[Negative=91,975(79.7%) | Positive=23,405(20.3%)][0m
2026-08-15 21:14:06,002 | INFO | [93mval_stage_targets[W=22,890(14.7%) | N1=7,350(4.7%) | N2=64,039(41.0%) | N3=36,960(23.7%) | REM=24,949(16.0%)][0m
2026-08-15 21:14:06,002 | INFO | [93mval_stage_predictions[W=26,357(16.9%) | N1=0(0.0%) | N2=49,345(31.6%) | N3=28,266(18.1%) | REM=52,220(33.4%)][0m
2026-08-15 21:14:06,002 | INFO | [94mtrain_tonic_targets[Negative=114,280(99.0%) | Positive=1,100(1.0%)][0m
2026-08-15 21:14:06,003 | INFO | [94mtrain_tonic_predictions[Negative=105,353(91.3%) | Positive=10,027(8.7%)][0m
2026-08-15 21:14:06,003 | INFO | [94mval_tonic_targets[Negative=24,600(98.6%) | Positive=350(1.4%)][0m
2026-08-15 21:14:06,003 | INFO | [94mval_tonic_predictions[Negative=23,800(95.4%) | Positive=1,150(4.6%)][0m
2026-08-15 21:14:06,003 | INFO | [95mtrain_phasic_targets[Negative=100,300(86.9%) | Positive=15,080(13.1%)][0m
2026-08-15 21:14:06,003 | INFO | [95mtrain_phasic_predictions[Negative=93,953(81.4%) | Positive=21,427(18.6%)][0m
2026-08-15 21:14:06,003 | INFO | [95mval_phasic_targets[Negative=22,520(90.3%) | Positive=2,430(9.7%)][0m
2026-08-15 21:14:06,003 | INFO | [95mval_phasic_predictions[Negative=22,220(89.1%) | Positive=2,730(10.9%)][0m
2026-08-15 21:14:06,003 | INFO | [38;5;214mtrain_any_targets[Negative=89,088(77.2%) | Positive=26,292(22.8%)][0m
2026-08-15 21:14:06,003 | INFO | [38;5;214mtrain_any_predictions[Negative=92,147(79.9%) | Positive=23,233(20.1%)][0m
2026-08-15 21:14:06,003 | INFO | [38;5;214mval_any_targets[Negative=20,079(80.5%) | Positive=4,871(19.5%)][0m
2026-08-15 21:14:06,003 | INFO | [38;5;214mval_any_predictions[Negative=20,629(82.7%) | Positive=4,321(17.3%)][0m
2026-08-15 21:14:06,191 | INFO | Fold 1: novo melhor checkpoint na época 5, staging_f1_macro=0.4725
2026-08-15 21:14:48,326 | INFO | fold=1 ep=006 train=36.7s val=5.4s [92mtrain_stg_loss=0.9490 train_rswa_loss=0.7403 train_rswa_head_loss(t/p/a)=0.3014/0.1941/0.2448[0m | [93mval_stg_f1=0.4633 val_stg_kappa=0.4171 val_rswa_head_loss(t/p/a)=0.1890/0.1407/0.1661 val_f1(t/p/a)=0.330/0.744/0.864 val_f1_macro=0.6463[0m
2026-08-15 21:14:48,327 | INFO | [92mtrain_stage_targets[W=130,885(20.1%) | N1=35,318(5.4%) | N2=224,195(34.4%) | N3=146,016(22.4%) | REM=115,560(17.7%)][0m
2026-08-15 21:14:48,327 | INFO | [92mtrain_stage_predictions[W=141,890(21.8%) | N1=20(0.0%) | N2=235,502(36.1%) | N3=139,577(21.4%) | REM=134,985(20.7%)][0m
2026-08-15 21:14:48,327 | INFO | [92mtrain_move_targets[Negative=86,031(74.4%) | Positive=29,529(25.6%)][0m
2026-08-15 21:14:48,327 | INFO | [92mtrain_move_predictions[Negative=88,557(76.6%) | Positive=27,003(23.4%)][0m
2026-08-15 21:14:48,327 | INFO | [93mval_stage_targets[W=22,890(14.7%) | N1=7,350(4.7%) | N2=64,039(41.0%) | N3=36,960(23.7%) | REM=24,949(16.0%)][0m
2026-08-15 21:14:48,327 | INFO | [93mval_stage_predictions[W=13,505(8.6%) | N1=0(0.0%) | N2=84,556(54.1%) | N3=40,750(26.1%) | REM=17,377(11.1%)][0m
2026-08-15 21:14:48,327 | INFO | [94mtrain_tonic_targets[Negative=114,250(98.9%) | Positive=1,310(1.1%)][0m
2026-08-15 21:14:48,327 | INFO | [94mtrain_tonic_predictions[Negative=104,102(90.1%) | Positive=11,458(9.9%)][0m
2026-08-15 21:14:48,327 | INFO | [94mval_tonic_targets[Negative=24,600(98.6%) | Positive=350(1.4%)][0m
2026-08-15 21:14:48,328 | INFO | [94mval_tonic_predictions[Negative=23,180(92.9%) | Positive=1,770(7.1%)][0m
2026-08-15 21:14:48,328 | INFO | [95mtrain_phasic_targets[Negative=97,960(84.8%) | Positive=17,600(15.2%)][0m
2026-08-15 21:14:48,328 | INFO | [95mtrain_phasic_predictions[Negative=91,137(78.9%) | Positive=24,423(21.1%)][0m
2026-08-15 21:14:48,328 | INFO | [95mval_phasic_targets[Negative=22,520(90.3%) | Positive=2,430(9.7%)][0m
2026-08-15 21:14:48,328 | INFO | [95mval_phasic_predictions[Negative=21,710(87.0%) | Positive=3,240(13.0%)][0m
2026-08-15 21:14:48,328 | INFO | [38;5;214mtrain_any_targets[Negative=86,031(74.4%) | Positive=29,529(25.6%)][0m
2026-08-15 21:14:48,328 | INFO | [38;5;214mtrain_any_predictions[Negative=88,790(76.8%) | Positive=26,770(23.2%)][0m
2026-08-15 21:14:48,328 | INFO | [38;5;214mval_any_targets[Negative=20,079(80.5%) | Positive=4,871(19.5%)][0m
2026-08-15 21:14:48,328 | INFO | [38;5;214mval_any_predictions[Negative=20,040(80.3%) | Positive=4,910(19.7%)][0m
2026-08-15 21:15:29,878 | INFO | fold=1 ep=007 train=36.0s val=5.4s [92mtrain_stg_loss=0.8504 train_rswa_loss=0.6100 train_rswa_head_loss(t/p/a)=0.2176/0.1693/0.2232[0m | [93mval_stg_f1=0.5251 val_stg_kappa=0.5075 val_rswa_head_loss(t/p/a)=0.1659/0.1564/0.1848 val_f1(t/p/a)=0.438/0.712/0.842 val_f1_macro=0.6638[0m
2026-08-15 21:15:29,878 | INFO | [92mtrain_stage_targets[W=89,268(14.0%) | N1=31,419(4.9%) | N2=220,046(34.6%) | N3=177,322(27.9%) | REM=118,399(18.6%)][0m
2026-08-15 21:15:29,878 | INFO | [92mtrain_stage_predictions[W=102,902(16.2%) | N1=528(0.1%) | N2=219,644(34.5%) | N3=189,379(29.8%) | REM=124,001(19.5%)][0m
2026-08-15 21:15:29,878 | INFO | [92mtrain_move_targets[Negative=91,486(77.3%) | Positive=26,914(22.7%)][0m
2026-08-15 21:15:29,878 | INFO | [92mtrain_move_predictions[Negative=93,143(78.7%) | Positive=25,257(21.3%)][0m
2026-08-15 21:15:29,878 | INFO | [93mval_stage_targets[W=22,890(14.7%) | N1=7,350(4.7%) | N2=64,039(41.0%) | N3=36,960(23.7%) | REM=24,949(16.0%)][0m
2026-08-15 21:15:29,878 | INFO | [93mval_stage_predictions[W=24,212(15.5%) | N1=106(0.1%) | N2=56,950(36.5%) | N3=39,378(25.2%) | REM=35,542(22.8%)][0m
2026-08-15 21:15:29,879 | INFO | [94mtrain_tonic_targets[Negative=117,420(99.2%) | Positive=980(0.8%)][0m
2026-08-15 21:15:29,879 | INFO | [94mtrain_tonic_predictions[Negative=108,423(91.6%) | Positive=9,977(8.4%)][0m
2026-08-15 21:15:29,879 | INFO | [94mval_tonic_targets[Negative=24,600(98.6%) | Positive=350(1.4%)][0m
2026-08-15 21:15:29,879 | INFO | [94mval_tonic_predictions[Negative=23,700(95.0%) | Positive=1,250(5.0%)][0m
2026-08-15 21:15:29,879 | INFO | [95mtrain_phasic_targets[Negative=103,900(87.8%) | Positive=14,500(12.2%)][0m
2026-08-15 21:15:29,879 | INFO | [95mtrain_phasic_predictions[Negative=95,777(80.9%) | Positive=22,623(19.1%)][0m
2026-08-15 21:15:29,879 | INFO | [95mval_phasic_targets[Negative=22,520(90.3%) | Positive=2,430(9.7%)][0m
2026-08-15 21:15:29,879 | INFO | [95mval_phasic_predictions[Negative=22,410(89.8%) | Positive=2,540(10.2%)][0m
2026-08-15 21:15:29,879 | INFO | [38;5;214mtrain_any_targets[Negative=91,486(77.3%) | Positive=26,914(22.7%)][0m
2026-08-15 21:15:29,879 | INFO | [38;5;214mtrain_any_predictions[Negative=93,479(79.0%) | Positive=24,921(21.0%)][0m
2026-08-15 21:15:29,879 | INFO | [38;5;214mval_any_targets[Negative=20,079(80.5%) | Positive=4,871(19.5%)][0m
2026-08-15 21:15:29,879 | INFO | [38;5;214mval_any_predictions[Negative=20,873(83.7%) | Positive=4,077(16.3%)][0m
2026-08-15 21:15:30,065 | INFO | Fold 1: novo melhor checkpoint na época 7, staging_f1_macro=0.5251
2026-08-15 21:16:12,639 | INFO | fold=1 ep=008 train=37.2s val=5.4s [92mtrain_stg_loss=0.7644 train_rswa_loss=0.6831 train_rswa_head_loss(t/p/a)=0.3318/0.1628/0.1886[0m | [93mval_stg_f1=0.4834 val_stg_kappa=0.4260 val_rswa_head_loss(t/p/a)=0.1773/0.2247/0.2597 val_f1(t/p/a)=0.515/0.608/0.770 val_f1_macro=0.6309[0m
2026-08-15 21:16:12,639 | INFO | [92mtrain_stage_targets[W=118,665(18.0%) | N1=30,998(4.7%) | N2=215,014(32.6%) | N3=174,297(26.4%) | REM=120,310(18.2%)][0m
2026-08-15 21:16:12,639 | INFO | [92mtrain_stage_predictions[W=121,933(18.5%) | N1=2,101(0.3%) | N2=228,328(34.6%) | N3=170,367(25.8%) | REM=136,555(20.7%)][0m
2026-08-15 21:16:12,640 | INFO | [92mtrain_move_targets[Negative=92,924(77.2%) | Positive=27,386(22.8%)][0m
2026-08-15 21:16:12,640 | INFO | [92mtrain_move_predictions[Negative=93,365(77.6%) | Positive=26,945(22.4%)][0m
2026-08-15 21:16:12,640 | INFO | [93mval_stage_targets[W=22,890(14.7%) | N1=7,350(4.7%) | N2=64,039(41.0%) | N3=36,960(23.7%) | REM=24,949(16.0%)][0m
2026-08-15 21:16:12,640 | INFO | [93mval_stage_predictions[W=29,623(19.0%) | N1=642(0.4%) | N2=36,344(23.3%) | N3=25,982(16.6%) | REM=63,597(40.7%)][0m
2026-08-15 21:16:12,640 | INFO | [94mtrain_tonic_targets[Negative=118,740(98.7%) | Positive=1,570(1.3%)][0m
2026-08-15 21:16:12,640 | INFO | [94mtrain_tonic_predictions[Negative=109,568(91.1%) | Positive=10,742(8.9%)][0m
2026-08-15 21:16:12,640 | INFO | [94mval_tonic_targets[Negative=24,600(98.6%) | Positive=350(1.4%)][0m
2026-08-15 21:16:12,640 | INFO | [94mval_tonic_predictions[Negative=23,940(96.0%) | Positive=1,010(4.0%)][0m
2026-08-15 21:16:12,640 | INFO | [95mtrain_phasic_targets[Negative=104,380(86.8%) | Positive=15,930(13.2%)][0m
2026-08-15 21:16:12,641 | INFO | [95mtrain_phasic_predictions[Negative=95,746(79.6%) | Positive=24,564(20.4%)][0m
2026-08-15 21:16:12,641 | INFO | [95mval_phasic_targets[Negative=22,520(90.3%) | Positive=2,430(9.7%)][0m
2026-08-15 21:16:12,641 | INFO | [95mval_phasic_predictions[Negative=23,070(92.5%) | Positive=1,880(7.5%)][0m
2026-08-15 21:16:12,641 | INFO | [38;5;214mtrain_any_targets[Negative=92,924(77.2%) | Positive=27,386(22.8%)][0m
2026-08-15 21:16:12,641 | INFO | [38;5;214mtrain_any_predictions[Negative=93,754(77.9%) | Positive=26,556(22.1%)][0m
2026-08-15 21:16:12,641 | INFO | [38;5;214mval_any_targets[Negative=20,079(80.5%) | Positive=4,871(19.5%)][0m
2026-08-15 21:16:12,641 | INFO | [38;5;214mval_any_predictions[Negative=21,671(86.9%) | Positive=3,279(13.1%)][0m
2026-08-15 21:16:53,077 | INFO | fold=1 ep=009 train=34.9s val=5.4s [92mtrain_stg_loss=0.8139 train_rswa_loss=0.5788 train_rswa_head_loss(t/p/a)=0.2351/0.1542/0.1895[0m | [93mval_stg_f1=0.5336 val_stg_kappa=0.4940 val_rswa_head_loss(t/p/a)=0.1586/0.1753/0.1944 val_f1(t/p/a)=0.479/0.695/0.833 val_f1_macro=0.6692[0m
2026-08-15 21:16:53,077 | INFO | [92mtrain_stage_targets[W=93,836(15.2%) | N1=33,890(5.5%) | N2=225,943(36.6%) | N3=153,675(24.9%) | REM=110,170(17.8%)][0m
2026-08-15 21:16:53,078 | INFO | [92mtrain_stage_predictions[W=102,847(16.7%) | N1=2,201(0.4%) | N2=236,099(38.2%) | N3=147,046(23.8%) | REM=129,321(20.9%)][0m
2026-08-15 21:16:53,078 | INFO | [92mtrain_move_targets[Negative=86,148(78.2%) | Positive=24,022(21.8%)][0m
2026-08-15 21:16:53,078 | INFO | [92mtrain_move_predictions[Negative=87,309(79.2%) | Positive=22,861(20.8%)][0m
2026-08-15 21:16:53,078 | INFO | [93mval_stage_targets[W=22,890(14.7%) | N1=7,350(4.7%) | N2=64,039(41.0%) | N3=36,960(23.7%) | REM=24,949(16.0%)][0m
2026-08-15 21:16:53,078 | INFO | [93mval_stage_predictions[W=25,217(16.1%) | N1=677(0.4%) | N2=47,935(30.7%) | N3=29,886(19.1%) | REM=52,473(33.6%)][0m
2026-08-15 21:16:53,078 | INFO | [94mtrain_tonic_targets[Negative=108,800(98.8%) | Positive=1,370(1.2%)][0m
2026-08-15 21:16:53,078 | INFO | [94mtrain_tonic_predictions[Negative=101,604(92.2%) | Positive=8,566(7.8%)][0m
2026-08-15 21:16:53,078 | INFO | [94mval_tonic_targets[Negative=24,600(98.6%) | Positive=350(1.4%)][0m
2026-08-15 21:16:53,079 | INFO | [94mval_tonic_predictions[Negative=23,840(95.6%) | Positive=1,110(4.4%)][0m
2026-08-15 21:16:53,079 | INFO | [95mtrain_phasic_targets[Negative=97,380(88.4%) | Positive=12,790(11.6%)][0m
2026-08-15 21:16:53,079 | INFO | [95mtrain_phasic_predictions[Negative=89,540(81.3%) | Positive=20,630(18.7%)][0m
2026-08-15 21:16:53,079 | INFO | [95mval_phasic_targets[Negative=22,520(90.3%) | Positive=2,430(9.7%)][0m
2026-08-15 21:16:53,079 | INFO | [95mval_phasic_predictions[Negative=22,600(90.6%) | Positive=2,350(9.4%)][0m
2026-08-15 21:16:53,079 | INFO | [38;5;214mtrain_any_targets[Negative=86,148(78.2%) | Positive=24,022(21.8%)][0m
2026-08-15 21:16:53,079 | INFO | [38;5;214mtrain_any_predictions[Negative=87,749(79.6%) | Positive=22,421(20.4%)][0m
2026-08-15 21:16:53,079 | INFO | [38;5;214mval_any_targets[Negative=20,079(80.5%) | Positive=4,871(19.5%)][0m
2026-08-15 21:16:53,079 | INFO | [38;5;214mval_any_predictions[Negative=21,019(84.2%) | Positive=3,931(15.8%)][0m
2026-08-15 21:16:53,260 | INFO | Fold 1: novo melhor checkpoint na época 9, staging_f1_macro=0.5336
2026-08-15 21:17:35,730 | INFO | fold=1 ep=010 train=37.1s val=5.3s [92mtrain_stg_loss=0.7879 train_rswa_loss=0.6279 train_rswa_head_loss(t/p/a)=0.2761/0.1668/0.1850[0m | [93mval_stg_f1=0.5476 val_stg_kappa=0.5154 val_rswa_head_loss(t/p/a)=0.2027/0.2626/0.2931 val_f1(t/p/a)=0.508/0.543/0.734 val_f1_macro=0.5952[0m
2026-08-15 21:17:35,730 | INFO | [92mtrain_stage_targets[W=111,473(16.9%) | N1=33,588(5.1%) | N2=226,857(34.5%) | N3=159,166(24.2%) | REM=126,730(19.3%)][0m
2026-08-15 21:17:35,730 | INFO | [92mtrain_stage_predictions[W=110,134(16.7%) | N1=2,087(0.3%) | N2=250,088(38.0%) | N3=152,683(23.2%) | REM=142,822(21.7%)][0m
2026-08-15 21:17:35,731 | INFO | [92mtrain_move_targets[Negative=96,420(76.1%) | Positive=30,310(23.9%)][0m
2026-08-15 21:17:35,731 | INFO | [92mtrain_move_predictions[Negative=97,250(76.7%) | Positive=29,480(23.3%)][0m
2026-08-15 21:17:35,731 | INFO | [93mval_stage_targets[W=22,890(14.7%) | N1=7,350(4.7%) | N2=64,039(41.0%) | N3=36,960(23.7%) | REM=24,949(16.0%)][0m
2026-08-15 21:17:35,731 | INFO | [93mval_stage_predictions[W=33,163(21.2%) | N1=814(0.5%) | N2=39,473(25.3%) | N3=33,189(21.2%) | REM=49,549(31.7%)][0m
2026-08-15 21:17:35,731 | INFO | [94mtrain_tonic_targets[Negative=125,100(98.7%) | Positive=1,630(1.3%)][0m
2026-08-15 21:17:35,731 | INFO | [94mtrain_tonic_predictions[Negative=115,523(91.2%) | Positive=11,207(8.8%)][0m
2026-08-15 21:17:35,732 | INFO | [94mval_tonic_targets[Negative=24,600(98.6%) | Positive=350(1.4%)][0m
2026-08-15 21:17:35,732 | INFO | [94mval_tonic_predictions[Negative=24,120(96.7%) | Positive=830(3.3%)][0m
2026-08-15 21:17:35,732 | INFO | [95mtrain_phasic_targets[Negative=109,110(86.1%) | Positive=17,620(13.9%)][0m
2026-08-15 21:17:35,732 | INFO | [95mtrain_phasic_predictions[Negative=100,447(79.3%) | Positive=26,283(20.7%)][0m
2026-08-15 21:17:35,732 | INFO | [95mval_phasic_targets[Negative=22,520(90.3%) | Positive=2,430(9.7%)][0m
2026-08-15 21:17:35,732 | INFO | [95mval_phasic_predictions[Negative=23,330(93.5%) | Positive=1,620(6.5%)][0m
2026-08-15 21:17:35,732 | INFO | [38;5;214mtrain_any_targets[Negative=96,420(76.1%) | Positive=30,310(23.9%)][0m
2026-08-15 21:17:35,732 | INFO | [38;5;214mtrain_any_predictions[Negative=97,637(77.0%) | Positive=29,093(23.0%)][0m
2026-08-15 21:17:35,732 | INFO | [38;5;214mval_any_targets[Negative=20,079(80.5%) | Positive=4,871(19.5%)][0m
2026-08-15 21:17:35,732 | INFO | [38;5;214mval_any_predictions[Negative=21,947(88.0%) | Positive=3,003(12.0%)][0m
2026-08-15 21:17:35,920 | INFO | Fold 1: novo melhor checkpoint na época 10, staging_f1_macro=0.5476
2026-08-15 21:18:17,138 | INFO | fold=1 ep=011 train=35.8s val=5.4s [92mtrain_stg_loss=0.6384 train_rswa_loss=0.5248 train_rswa_head_loss(t/p/a)=0.1917/0.1536/0.1795[0m | [93mval_stg_f1=0.5738 val_stg_kappa=0.5395 val_rswa_head_loss(t/p/a)=0.1582/0.1307/0.1421 val_f1(t/p/a)=0.412/0.747/0.860 val_f1_macro=0.6729[0m
2026-08-15 21:18:17,139 | INFO | [92mtrain_stage_targets[W=108,621(17.1%) | N1=30,329(4.8%) | N2=211,686(33.4%) | N3=165,208(26.1%) | REM=117,910(18.6%)][0m
2026-08-15 21:18:17,139 | INFO | [92mtrain_stage_predictions[W=117,583(18.6%) | N1=3,076(0.5%) | N2=221,865(35.0%) | N3=168,093(26.5%) | REM=123,137(19.4%)][0m
2026-08-15 21:18:17,139 | INFO | [92mtrain_move_targets[Negative=91,457(77.6%) | Positive=26,453(22.4%)][0m
2026-08-15 21:18:17,139 | INFO | [92mtrain_move_predictions[Negative=92,449(78.4%) | Positive=25,461(21.6%)][0m
2026-08-15 21:18:17,139 | INFO | [93mval_stage_targets[W=22,890(14.7%) | N1=7,350(4.7%) | N2=64,039(41.0%) | N3=36,960(23.7%) | REM=24,949(16.0%)][0m
2026-08-15 21:18:17,139 | INFO | [93mval_stage_predictions[W=30,185(19.3%) | N1=1,606(1.0%) | N2=32,022(20.5%) | N3=51,745(33.1%) | REM=40,630(26.0%)][0m
2026-08-15 21:18:17,140 | INFO | [94mtrain_tonic_targets[Negative=116,670(98.9%) | Positive=1,240(1.1%)][0m
2026-08-15 21:18:17,140 | INFO | [94mtrain_tonic_predictions[Negative=109,860(93.2%) | Positive=8,050(6.8%)][0m
2026-08-15 21:18:17,140 | INFO | [94mval_tonic_targets[Negative=24,600(98.6%) | Positive=350(1.4%)][0m
2026-08-15 21:18:17,140 | INFO | [94mval_tonic_predictions[Negative=23,600(94.6%) | Positive=1,350(5.4%)][0m
2026-08-15 21:18:17,140 | INFO | [95mtrain_phasic_targets[Negative=103,340(87.6%) | Positive=14,570(12.4%)][0m
2026-08-15 21:18:17,140 | INFO | [95mtrain_phasic_predictions[Negative=95,201(80.7%) | Positive=22,709(19.3%)][0m
2026-08-15 21:18:17,140 | INFO | [95mval_phasic_targets[Negative=22,520(90.3%) | Positive=2,430(9.7%)][0m
2026-08-15 21:18:17,140 | INFO | [95mval_phasic_predictions[Negative=22,160(88.8%) | Positive=2,790(11.2%)][0m
2026-08-15 21:18:17,140 | INFO | [38;5;214mtrain_any_targets[Negative=91,457(77.6%) | Positive=26,453(22.4%)][0m
2026-08-15 21:18:17,140 | INFO | [38;5;214mtrain_any_predictions[Negative=92,999(78.9%) | Positive=24,911(21.1%)][0m
2026-08-15 21:18:17,141 | INFO | [38;5;214mval_any_targets[Negative=20,079(80.5%) | Positive=4,871(19.5%)][0m
2026-08-15 21:18:17,141 | INFO | [38;5;214mval_any_predictions[Negative=20,375(81.7%) | Positive=4,575(18.3%)][0m
2026-08-15 21:18:17,332 | INFO | Fold 1: novo melhor checkpoint na época 11, staging_f1_macro=0.5738
2026-08-15 21:18:59,021 | INFO | fold=1 ep=012 train=36.3s val=5.4s [92mtrain_stg_loss=0.6505 train_rswa_loss=0.5603 train_rswa_head_loss(t/p/a)=0.2305/0.1562/0.1736[0m | [93mval_stg_f1=0.5155 val_stg_kappa=0.4970 val_rswa_head_loss(t/p/a)=0.2160/0.1969/0.2255 val_f1(t/p/a)=0.569/0.617/0.791 val_f1_macro=0.6589[0m
2026-08-15 21:18:59,021 | INFO | [92mtrain_stage_targets[W=108,725(16.9%) | N1=23,568(3.7%) | N2=215,296(33.4%) | N3=175,755(27.3%) | REM=121,350(18.8%)][0m
2026-08-15 21:18:59,021 | INFO | [92mtrain_stage_predictions[W=118,499(18.4%) | N1=4,197(0.7%) | N2=212,869(33.0%) | N3=174,471(27.1%) | REM=134,658(20.9%)][0m
2026-08-15 21:18:59,021 | INFO | [92mtrain_move_targets[Negative=95,411(78.6%) | Positive=25,939(21.4%)][0m
2026-08-15 21:18:59,021 | INFO | [92mtrain_move_predictions[Negative=96,407(79.4%) | Positive=24,943(20.6%)][0m
2026-08-15 21:18:59,022 | INFO | [93mval_stage_targets[W=22,890(14.7%) | N1=7,350(4.7%) | N2=64,039(41.0%) | N3=36,960(23.7%) | REM=24,949(16.0%)][0m
2026-08-15 21:18:59,022 | INFO | [93mval_stage_predictions[W=46,556(29.8%) | N1=259(0.2%) | N2=38,941(24.9%) | N3=30,479(19.5%) | REM=39,953(25.6%)][0m
2026-08-15 21:18:59,022 | INFO | [94mtrain_tonic_targets[Negative=119,700(98.6%) | Positive=1,650(1.4%)][0m
2026-08-15 21:18:59,022 | INFO | [94mtrain_tonic_predictions[Negative=112,291(92.5%) | Positive=9,059(7.5%)][0m
2026-08-15 21:18:59,022 | INFO | [94mval_tonic_targets[Negative=24,600(98.6%) | Positive=350(1.4%)][0m
2026-08-15 21:18:59,022 | INFO | [94mval_tonic_predictions[Negative=24,210(97.0%) | Positive=740(3.0%)][0m
2026-08-15 21:18:59,022 | INFO | [95mtrain_phasic_targets[Negative=106,890(88.1%) | Positive=14,460(11.9%)][0m
2026-08-15 21:18:59,022 | INFO | [95mtrain_phasic_predictions[Negative=99,332(81.9%) | Positive=22,018(18.1%)][0m
2026-08-15 21:18:59,022 | INFO | [95mval_phasic_targets[Negative=22,520(90.3%) | Positive=2,430(9.7%)][0m
2026-08-15 21:18:59,022 | INFO | [95mval_phasic_predictions[Negative=23,070(92.5%) | Positive=1,880(7.5%)][0m
2026-08-15 21:18:59,022 | INFO | [38;5;214mtrain_any_targets[Negative=95,411(78.6%) | Positive=25,939(21.4%)][0m
2026-08-15 21:18:59,023 | INFO | [38;5;214mtrain_any_predictions[Negative=96,850(79.8%) | Positive=24,500(20.2%)][0m
2026-08-15 21:18:59,023 | INFO | [38;5;214mval_any_targets[Negative=20,079(80.5%) | Positive=4,871(19.5%)][0m
2026-08-15 21:18:59,023 | INFO | [38;5;214mval_any_predictions[Negative=21,464(86.0%) | Positive=3,486(14.0%)][0m
2026-08-15 21:19:41,164 | INFO | fold=1 ep=013 train=36.7s val=5.3s [92mtrain_stg_loss=0.5826 train_rswa_loss=0.5496 train_rswa_head_loss(t/p/a)=0.1989/0.1577/0.1930[0m | [93mval_stg_f1=0.6286 val_stg_kappa=0.5857 val_rswa_head_loss(t/p/a)=0.1380/0.1384/0.1499 val_f1(t/p/a)=0.486/0.764/0.871 val_f1_macro=0.7071[0m
2026-08-15 21:19:41,164 | INFO | [92mtrain_stage_targets[W=109,086(16.7%) | N1=27,489(4.2%) | N2=224,775(34.5%) | N3=170,444(26.1%) | REM=120,140(18.4%)][0m
2026-08-15 21:19:41,164 | INFO | [92mtrain_stage_predictions[W=117,468(18.0%) | N1=5,997(0.9%) | N2=235,937(36.2%) | N3=163,033(25.0%) | REM=129,499(19.9%)][0m
2026-08-15 21:19:41,164 | INFO | [92mtrain_move_targets[Negative=93,915(78.2%) | Positive=26,225(21.8%)][0m
2026-08-15 21:19:41,165 | INFO | [92mtrain_move_predictions[Negative=95,547(79.5%) | Positive=24,593(20.5%)][0m
2026-08-15 21:19:41,165 | INFO | [93mval_stage_targets[W=22,890(14.7%) | N1=7,350(4.7%) | N2=64,039(41.0%) | N3=36,960(23.7%) | REM=24,949(16.0%)][0m
2026-08-15 21:19:41,165 | INFO | [93mval_stage_predictions[W=29,127(18.6%) | N1=5,283(3.4%) | N2=60,194(38.5%) | N3=25,133(16.1%) | REM=36,451(23.3%)][0m
2026-08-15 21:19:41,165 | INFO | [94mtrain_tonic_targets[Negative=118,950(99.0%) | Positive=1,190(1.0%)][0m
2026-08-15 21:19:41,165 | INFO | [94mtrain_tonic_predictions[Negative=112,774(93.9%) | Positive=7,366(6.1%)][0m
2026-08-15 21:19:41,165 | INFO | [94mval_tonic_targets[Negative=24,600(98.6%) | Positive=350(1.4%)][0m
2026-08-15 21:19:41,165 | INFO | [94mval_tonic_predictions[Negative=23,860(95.6%) | Positive=1,090(4.4%)][0m
2026-08-15 21:19:41,165 | INFO | [95mtrain_phasic_targets[Negative=105,690(88.0%) | Positive=14,450(12.0%)][0m
2026-08-15 21:19:41,165 | INFO | [95mtrain_phasic_predictions[Negative=98,351(81.9%) | Positive=21,789(18.1%)][0m
2026-08-15 21:19:41,165 | INFO | [95mval_phasic_targets[Negative=22,520(90.3%) | Positive=2,430(9.7%)][0m
2026-08-15 21:19:41,166 | INFO | [95mval_phasic_predictions[Negative=22,040(88.3%) | Positive=2,910(11.7%)][0m
2026-08-15 21:19:41,166 | INFO | [38;5;214mtrain_any_targets[Negative=93,915(78.2%) | Positive=26,225(21.8%)][0m
2026-08-15 21:19:41,166 | INFO | [38;5;214mtrain_any_predictions[Negative=96,102(80.0%) | Positive=24,038(20.0%)][0m
2026-08-15 21:19:41,166 | INFO | [38;5;214mval_any_targets[Negative=20,079(80.5%) | Positive=4,871(19.5%)][0m
2026-08-15 21:19:41,166 | INFO | [38;5;214mval_any_predictions[Negative=20,312(81.4%) | Positive=4,638(18.6%)][0m
2026-08-15 21:19:41,346 | INFO | Fold 1: novo melhor checkpoint na época 13, staging_f1_macro=0.6286
2026-08-15 21:20:23,180 | INFO | fold=1 ep=014 train=36.4s val=5.4s [92mtrain_stg_loss=0.5490 train_rswa_loss=0.4672 train_rswa_head_loss(t/p/a)=0.1609/0.1418/0.1645[0m | [93mval_stg_f1=0.6458 val_stg_kappa=0.6333 val_rswa_head_loss(t/p/a)=0.1401/0.1955/0.2164 val_f1(t/p/a)=0.409/0.681/0.828 val_f1_macro=0.6394[0m
2026-08-15 21:20:23,180 | INFO | [92mtrain_stage_targets[W=113,596(17.6%) | N1=28,767(4.5%) | N2=223,046(34.6%) | N3=156,885(24.4%) | REM=121,880(18.9%)][0m
2026-08-15 21:20:23,180 | INFO | [92mtrain_stage_predictions[W=120,810(18.8%) | N1=8,413(1.3%) | N2=230,011(35.7%) | N3=156,890(24.4%) | REM=128,050(19.9%)][0m
2026-08-15 21:20:23,181 | INFO | [92mtrain_move_targets[Negative=94,823(77.8%) | Positive=27,057(22.2%)][0m
2026-08-15 21:20:23,181 | INFO | [92mtrain_move_predictions[Negative=96,044(78.8%) | Positive=25,836(21.2%)][0m
2026-08-15 21:20:23,181 | INFO | [93mval_stage_targets[W=22,890(14.7%) | N1=7,350(4.7%) | N2=64,039(41.0%) | N3=36,960(23.7%) | REM=24,949(16.0%)][0m
2026-08-15 21:20:23,181 | INFO | [93mval_stage_predictions[W=18,937(12.1%) | N1=1,882(1.2%) | N2=57,087(36.6%) | N3=45,809(29.3%) | REM=32,473(20.8%)][0m
2026-08-15 21:20:23,181 | INFO | [94mtrain_tonic_targets[Negative=120,590(98.9%) | Positive=1,290(1.1%)][0m
2026-08-15 21:20:23,181 | INFO | [94mtrain_tonic_predictions[Negative=114,331(93.8%) | Positive=7,549(6.2%)][0m
2026-08-15 21:20:23,181 | INFO | [94mval_tonic_targets[Negative=24,600(98.6%) | Positive=350(1.4%)][0m
2026-08-15 21:20:23,181 | INFO | [94mval_tonic_predictions[Negative=23,590(94.5%) | Positive=1,360(5.5%)][0m
2026-08-15 21:20:23,182 | INFO | [95mtrain_phasic_targets[Negative=106,630(87.5%) | Positive=15,250(12.5%)][0m
2026-08-15 21:20:23,182 | INFO | [95mtrain_phasic_predictions[Negative=98,728(81.0%) | Positive=23,152(19.0%)][0m
2026-08-15 21:20:23,182 | INFO | [95mval_phasic_targets[Negative=22,520(90.3%) | Positive=2,430(9.7%)][0m
2026-08-15 21:20:23,182 | INFO | [95mval_phasic_predictions[Negative=22,650(90.8%) | Positive=2,300(9.2%)][0m
2026-08-15 21:20:23,182 | INFO | [38;5;214mtrain_any_targets[Negative=94,823(77.8%) | Positive=27,057(22.2%)][0m
2026-08-15 21:20:23,182 | INFO | [38;5;214mtrain_any_predictions[Negative=96,498(79.2%) | Positive=25,382(20.8%)][0m
2026-08-15 21:20:23,182 | INFO | [38;5;214mval_any_targets[Negative=20,079(80.5%) | Positive=4,871(19.5%)][0m
2026-08-15 21:20:23,182 | INFO | [38;5;214mval_any_predictions[Negative=21,015(84.2%) | Positive=3,935(15.8%)][0m
2026-08-15 21:20:23,381 | INFO | Fold 1: novo melhor checkpoint na época 14, staging_f1_macro=0.6458
2026-08-15 21:21:04,152 | INFO | fold=1 ep=015 train=35.3s val=5.4s [92mtrain_stg_loss=0.5425 train_rswa_loss=0.4671 train_rswa_head_loss(t/p/a)=0.1690/0.1415/0.1566[0m | [93mval_stg_f1=0.6035 val_stg_kappa=0.5994 val_rswa_head_loss(t/p/a)=0.1691/0.1385/0.1438 val_f1(t/p/a)=0.357/0.756/0.865 val_f1_macro=0.6593[0m
2026-08-15 21:21:04,152 | INFO | [92mtrain_stage_targets[W=104,372(16.7%) | N1=26,819(4.3%) | N2=218,605(35.0%) | N3=160,388(25.7%) | REM=114,030(18.3%)][0m
2026-08-15 21:21:04,153 | INFO | [92mtrain_stage_predictions[W=109,278(17.5%) | N1=8,661(1.4%) | N2=227,321(36.4%) | N3=159,937(25.6%) | REM=119,017(19.1%)][0m
2026-08-15 21:21:04,153 | INFO | [92mtrain_move_targets[Negative=90,763(79.6%) | Positive=23,267(20.4%)][0m
2026-08-15 21:21:04,153 | INFO | [92mtrain_move_predictions[Negative=91,868(80.6%) | Positive=22,162(19.4%)][0m
2026-08-15 21:21:04,153 | INFO | [93mval_stage_targets[W=22,890(14.7%) | N1=7,350(4.7%) | N2=64,039(41.0%) | N3=36,960(23.7%) | REM=24,949(16.0%)][0m
2026-08-15 21:21:04,153 | INFO | [93mval_stage_predictions[W=34,451(22.1%) | N1=1,297(0.8%) | N2=46,102(29.5%) | N3=38,738(24.8%) | REM=35,600(22.8%)][0m
2026-08-15 21:21:04,153 | INFO | [94mtrain_tonic_targets[Negative=112,610(98.8%) | Positive=1,420(1.2%)][0m
2026-08-15 21:21:04,154 | INFO | [94mtrain_tonic_predictions[Negative=107,605(94.4%) | Positive=6,425(5.6%)][0m
2026-08-15 21:21:04,154 | INFO | [94mval_tonic_targets[Negative=24,600(98.6%) | Positive=350(1.4%)][0m
2026-08-15 21:21:04,154 | INFO | [94mval_tonic_predictions[Negative=23,340(93.5%) | Positive=1,610(6.5%)][0m
2026-08-15 21:21:04,154 | INFO | [95mtrain_phasic_targets[Negative=101,650(89.1%) | Positive=12,380(10.9%)][0m
2026-08-15 21:21:04,154 | INFO | [95mtrain_phasic_predictions[Negative=94,558(82.9%) | Positive=19,472(17.1%)][0m
2026-08-15 21:21:04,154 | INFO | [95mval_phasic_targets[Negative=22,520(90.3%) | Positive=2,430(9.7%)][0m
2026-08-15 21:21:04,154 | INFO | [95mval_phasic_predictions[Negative=22,220(89.1%) | Positive=2,730(10.9%)][0m
2026-08-15 21:21:04,154 | INFO | [38;5;214mtrain_any_targets[Negative=90,763(79.6%) | Positive=23,267(20.4%)][0m
2026-08-15 21:21:04,154 | INFO | [38;5;214mtrain_any_predictions[Negative=92,316(81.0%) | Positive=21,714(19.0%)][0m
2026-08-15 21:21:04,154 | INFO | [38;5;214mval_any_targets[Negative=20,079(80.5%) | Positive=4,871(19.5%)][0m
2026-08-15 21:21:04,155 | INFO | [38;5;214mval_any_predictions[Negative=20,219(81.0%) | Positive=4,731(19.0%)][0m
2026-08-15 21:21:46,603 | INFO | fold=1 ep=016 train=37.0s val=5.3s [92mtrain_stg_loss=0.5459 train_rswa_loss=0.5253 train_rswa_head_loss(t/p/a)=0.1956/0.1542/0.1755[0m | [93mval_stg_f1=0.6431 val_stg_kappa=0.6167 val_rswa_head_loss(t/p/a)=0.1848/0.1325/0.1475 val_f1(t/p/a)=0.306/0.768/0.856 val_f1_macro=0.6432[0m
2026-08-15 21:21:46,603 | INFO | [92mtrain_stage_targets[W=104,985(16.0%) | N1=28,875(4.4%) | N2=225,897(34.4%) | N3=170,637(26.0%) | REM=127,110(19.3%)][0m
2026-08-15 21:21:46,603 | INFO | [92mtrain_stage_predictions[W=106,960(16.3%) | N1=8,213(1.2%) | N2=237,428(36.1%) | N3=168,931(25.7%) | REM=135,972(20.7%)][0m
2026-08-15 21:21:46,603 | INFO | [92mtrain_move_targets[Negative=98,317(77.3%) | Positive=28,793(22.7%)][0m
2026-08-15 21:21:46,603 | INFO | [92mtrain_move_predictions[Negative=99,030(77.9%) | Positive=28,080(22.1%)][0m
2026-08-15 21:21:46,603 | INFO | [93mval_stage_targets[W=22,890(14.7%) | N1=7,350(4.7%) | N2=64,039(41.0%) | N3=36,960(23.7%) | REM=24,949(16.0%)][0m
2026-08-15 21:21:46,604 | INFO | [93mval_stage_predictions[W=31,628(20.2%) | N1=3,504(2.2%) | N2=61,860(39.6%) | N3=26,522(17.0%) | REM=32,674(20.9%)][0m
2026-08-15 21:21:46,604 | INFO | [94mtrain_tonic_targets[Negative=125,830(99.0%) | Positive=1,280(1.0%)][0m
2026-08-15 21:21:46,604 | INFO | [94mtrain_tonic_predictions[Negative=118,400(93.1%) | Positive=8,710(6.9%)][0m
2026-08-15 21:21:46,604 | INFO | [94mval_tonic_targets[Negative=24,600(98.6%) | Positive=350(1.4%)][0m
2026-08-15 21:21:46,604 | INFO | [94mval_tonic_predictions[Negative=23,010(92.2%) | Positive=1,940(7.8%)][0m
2026-08-15 21:21:46,604 | INFO | [95mtrain_phasic_targets[Negative=110,540(87.0%) | Positive=16,570(13.0%)][0m
2026-08-15 21:21:46,604 | INFO | [95mtrain_phasic_predictions[Negative=102,176(80.4%) | Positive=24,934(19.6%)][0m
2026-08-15 21:21:46,604 | INFO | [95mval_phasic_targets[Negative=22,520(90.3%) | Positive=2,430(9.7%)][0m
2026-08-15 21:21:46,604 | INFO | [95mval_phasic_predictions[Negative=21,390(85.7%) | Positive=3,560(14.3%)][0m
2026-08-15 21:21:46,605 | INFO | [38;5;214mtrain_any_targets[Negative=98,317(77.3%) | Positive=28,793(22.7%)][0m
2026-08-15 21:21:46,605 | INFO | [38;5;214mtrain_any_predictions[Negative=99,576(78.3%) | Positive=27,534(21.7%)][0m
2026-08-15 21:21:46,605 | INFO | [38;5;214mval_any_targets[Negative=20,079(80.5%) | Positive=4,871(19.5%)][0m
2026-08-15 21:21:46,605 | INFO | [38;5;214mval_any_predictions[Negative=19,089(76.5%) | Positive=5,861(23.5%)][0m
2026-08-15 21:22:29,190 | INFO | fold=1 ep=017 train=37.1s val=5.4s [92mtrain_stg_loss=0.5541 train_rswa_loss=0.5383 train_rswa_head_loss(t/p/a)=0.2075/0.1542/0.1766[0m | [93mval_stg_f1=0.6362 val_stg_kappa=0.6101 val_rswa_head_loss(t/p/a)=0.1875/0.1785/0.1974 val_f1(t/p/a)=0.441/0.688/0.833 val_f1_macro=0.6538[0m
2026-08-15 21:22:29,190 | INFO | [92mtrain_stage_targets[W=116,316(17.7%) | N1=26,378(4.0%) | N2=216,876(32.9%) | N3=172,234(26.1%) | REM=127,000(19.3%)][0m
2026-08-15 21:22:29,191 | INFO | [92mtrain_stage_predictions[W=127,146(19.3%) | N1=8,609(1.3%) | N2=227,982(34.6%) | N3=164,148(24.9%) | REM=130,919(19.9%)][0m
2026-08-15 21:22:29,191 | INFO | [92mtrain_move_targets[Negative=97,743(77.0%) | Positive=29,257(23.0%)][0m
2026-08-15 21:22:29,191 | INFO | [92mtrain_move_predictions[Negative=99,328(78.2%) | Positive=27,672(21.8%)][0m
2026-08-15 21:22:29,191 | INFO | [93mval_stage_targets[W=22,890(14.7%) | N1=7,350(4.7%) | N2=64,039(41.0%) | N3=36,960(23.7%) | REM=24,949(16.0%)][0m
2026-08-15 21:22:29,191 | INFO | [93mval_stage_predictions[W=33,816(21.7%) | N1=4,597(2.9%) | N2=54,635(35.0%) | N3=30,317(19.4%) | REM=32,823(21.0%)][0m
2026-08-15 21:22:29,191 | INFO | [94mtrain_tonic_targets[Negative=125,850(99.1%) | Positive=1,150(0.9%)][0m
2026-08-15 21:22:29,191 | INFO | [94mtrain_tonic_predictions[Negative=119,785(94.3%) | Positive=7,215(5.7%)][0m
2026-08-15 21:22:29,191 | INFO | [94mval_tonic_targets[Negative=24,600(98.6%) | Positive=350(1.4%)][0m
2026-08-15 21:22:29,192 | INFO | [94mval_tonic_predictions[Negative=24,030(96.3%) | Positive=920(3.7%)][0m
2026-08-15 21:22:29,192 | INFO | [95mtrain_phasic_targets[Negative=110,050(86.7%) | Positive=16,950(13.3%)][0m
2026-08-15 21:22:29,192 | INFO | [95mtrain_phasic_predictions[Negative=102,238(80.5%) | Positive=24,762(19.5%)][0m
2026-08-15 21:22:29,192 | INFO | [95mval_phasic_targets[Negative=22,520(90.3%) | Positive=2,430(9.7%)][0m
2026-08-15 21:22:29,192 | INFO | [95mval_phasic_predictions[Negative=22,640(90.7%) | Positive=2,310(9.3%)][0m
2026-08-15 21:22:29,192 | INFO | [38;5;214mtrain_any_targets[Negative=97,743(77.0%) | Positive=29,257(23.0%)][0m
2026-08-15 21:22:29,192 | INFO | [38;5;214mtrain_any_predictions[Negative=100,034(78.8%) | Positive=26,966(21.2%)][0m
2026-08-15 21:22:29,192 | INFO | [38;5;214mval_any_targets[Negative=20,079(80.5%) | Positive=4,871(19.5%)][0m
2026-08-15 21:22:29,192 | INFO | [38;5;214mval_any_predictions[Negative=21,000(84.2%) | Positive=3,950(15.8%)][0m
2026-08-15 21:23:10,765 | INFO | fold=1 ep=018 train=36.1s val=5.4s [92mtrain_stg_loss=0.5958 train_rswa_loss=0.5132 train_rswa_head_loss(t/p/a)=0.1898/0.1545/0.1689[0m | [93mval_stg_f1=0.6278 val_stg_kappa=0.6003 val_rswa_head_loss(t/p/a)=0.1676/0.1669/0.1808 val_f1(t/p/a)=0.500/0.693/0.837 val_f1_macro=0.6767[0m
2026-08-15 21:23:10,765 | INFO | [92mtrain_stage_targets[W=106,484(16.7%) | N1=28,060(4.4%) | N2=221,253(34.7%) | N3=168,567(26.4%) | REM=113,320(17.8%)][0m
2026-08-15 21:23:10,765 | INFO | [92mtrain_stage_predictions[W=112,088(17.6%) | N1=14,887(2.3%) | N2=231,893(36.4%) | N3=161,829(25.4%) | REM=116,987(18.3%)][0m
2026-08-15 21:23:10,765 | INFO | [92mtrain_move_targets[Negative=86,854(76.6%) | Positive=26,466(23.4%)][0m
2026-08-15 21:23:10,765 | INFO | [92mtrain_move_predictions[Negative=87,210(77.0%) | Positive=26,110(23.0%)][0m
2026-08-15 21:23:10,766 | INFO | [93mval_stage_targets[W=22,890(14.7%) | N1=7,350(4.7%) | N2=64,039(41.0%) | N3=36,960(23.7%) | REM=24,949(16.0%)][0m
2026-08-15 21:23:10,766 | INFO | [93mval_stage_predictions[W=33,390(21.4%) | N1=3,215(2.1%) | N2=49,984(32.0%) | N3=34,271(21.9%) | REM=35,328(22.6%)][0m
2026-08-15 21:23:10,766 | INFO | [94mtrain_tonic_targets[Negative=111,610(98.5%) | Positive=1,710(1.5%)][0m
2026-08-15 21:23:10,766 | INFO | [94mtrain_tonic_predictions[Negative=105,999(93.5%) | Positive=7,321(6.5%)][0m
2026-08-15 21:23:10,766 | INFO | [94mval_tonic_targets[Negative=24,600(98.6%) | Positive=350(1.4%)][0m
2026-08-15 21:23:10,766 | INFO | [94mval_tonic_predictions[Negative=23,940(96.0%) | Positive=1,010(4.0%)][0m
2026-08-15 21:23:10,766 | INFO | [95mtrain_phasic_targets[Negative=99,000(87.4%) | Positive=14,320(12.6%)][0m
2026-08-15 21:23:10,766 | INFO | [95mtrain_phasic_predictions[Negative=90,408(79.8%) | Positive=22,912(20.2%)][0m
2026-08-15 21:23:10,766 | INFO | [95mval_phasic_targets[Negative=22,520(90.3%) | Positive=2,430(9.7%)][0m
2026-08-15 21:23:10,767 | INFO | [95mval_phasic_predictions[Negative=22,850(91.6%) | Positive=2,100(8.4%)][0m
2026-08-15 21:23:10,767 | INFO | [38;5;214mtrain_any_targets[Negative=86,854(76.6%) | Positive=26,466(23.4%)][0m
2026-08-15 21:23:10,767 | INFO | [38;5;214mtrain_any_predictions[Negative=87,626(77.3%) | Positive=25,694(22.7%)][0m
2026-08-15 21:23:10,767 | INFO | [38;5;214mval_any_targets[Negative=20,079(80.5%) | Positive=4,871(19.5%)][0m
2026-08-15 21:23:10,767 | INFO | [38;5;214mval_any_predictions[Negative=20,929(83.9%) | Positive=4,021(16.1%)][0m
2026-08-15 21:23:52,414 | INFO | fold=1 ep=019 train=36.2s val=5.3s [92mtrain_stg_loss=0.4992 train_rswa_loss=0.4875 train_rswa_head_loss(t/p/a)=0.1712/0.1481/0.1682[0m | [93mval_stg_f1=0.6834 val_stg_kappa=0.6629 val_rswa_head_loss(t/p/a)=0.1414/0.1364/0.1456 val_f1(t/p/a)=0.400/0.773/0.867 val_f1_macro=0.6802[0m
2026-08-15 21:23:52,415 | INFO | [92mtrain_stage_targets[W=108,753(17.0%) | N1=28,919(4.5%) | N2=216,357(33.7%) | N3=166,905(26.0%) | REM=120,500(18.8%)][0m
2026-08-15 21:23:52,415 | INFO | [92mtrain_stage_predictions[W=116,884(18.2%) | N1=13,327(2.1%) | N2=227,443(35.5%) | N3=159,071(24.8%) | REM=124,709(19.4%)][0m
2026-08-15 21:23:52,415 | INFO | [92mtrain_move_targets[Negative=93,557(77.6%) | Positive=26,943(22.4%)][0m
2026-08-15 21:23:52,415 | INFO | [92mtrain_move_predictions[Negative=94,684(78.6%) | Positive=25,816(21.4%)][0m
2026-08-15 21:23:52,415 | INFO | [93mval_stage_targets[W=22,890(14.7%) | N1=7,350(4.7%) | N2=64,039(41.0%) | N3=36,960(23.7%) | REM=24,949(16.0%)][0m
2026-08-15 21:23:52,415 | INFO | [93mval_stage_predictions[W=22,552(14.4%) | N1=3,787(2.4%) | N2=54,510(34.9%) | N3=41,662(26.7%) | REM=33,677(21.6%)][0m
2026-08-15 21:23:52,416 | INFO | [94mtrain_tonic_targets[Negative=119,190(98.9%) | Positive=1,310(1.1%)][0m
2026-08-15 21:23:52,416 | INFO | [94mtrain_tonic_predictions[Negative=113,041(93.8%) | Positive=7,459(6.2%)][0m
2026-08-15 21:23:52,416 | INFO | [94mval_tonic_targets[Negative=24,600(98.6%) | Positive=350(1.4%)][0m
2026-08-15 21:23:52,416 | INFO | [94mval_tonic_predictions[Negative=23,550(94.4%) | Positive=1,400(5.6%)][0m
2026-08-15 21:23:52,416 | INFO | [95mtrain_phasic_targets[Negative=105,290(87.4%) | Positive=15,210(12.6%)][0m
2026-08-15 21:23:52,416 | INFO | [95mtrain_phasic_predictions[Negative=97,692(81.1%) | Positive=22,808(18.9%)][0m
2026-08-15 21:23:52,416 | INFO | [95mval_phasic_targets[Negative=22,520(90.3%) | Positive=2,430(9.7%)][0m
2026-08-15 21:23:52,416 | INFO | [95mval_phasic_predictions[Negative=22,180(88.9%) | Positive=2,770(11.1%)][0m
2026-08-15 21:23:52,416 | INFO | [38;5;214mtrain_any_targets[Negative=93,557(77.6%) | Positive=26,943(22.4%)][0m
2026-08-15 21:23:52,416 | INFO | [38;5;214mtrain_any_predictions[Negative=95,219(79.0%) | Positive=25,281(21.0%)][0m
2026-08-15 21:23:52,416 | INFO | [38;5;214mval_any_targets[Negative=20,079(80.5%) | Positive=4,871(19.5%)][0m
2026-08-15 21:23:52,417 | INFO | [38;5;214mval_any_predictions[Negative=20,100(80.6%) | Positive=4,850(19.4%)][0m
2026-08-15 21:23:52,596 | INFO | Fold 1: novo melhor checkpoint na época 19, staging_f1_macro=0.6834
2026-08-15 21:24:34,116 | INFO | fold=1 ep=020 train=36.1s val=5.4s [92mtrain_stg_loss=0.4870 train_rswa_loss=0.4562 train_rswa_head_loss(t/p/a)=0.1568/0.1367/0.1627[0m | [93mval_stg_f1=0.6200 val_stg_kappa=0.6083 val_rswa_head_loss(t/p/a)=0.1372/0.1428/0.1508 val_f1(t/p/a)=0.429/0.762/0.861 val_f1_macro=0.6842[0m
2026-08-15 21:24:34,116 | INFO | [92mtrain_stage_targets[W=99,070(15.6%) | N1=31,950(5.0%) | N2=220,531(34.7%) | N3=162,743(25.6%) | REM=121,390(19.1%)][0m
2026-08-15 21:24:34,116 | INFO | [92mtrain_stage_predictions[W=102,531(16.1%) | N1=20,648(3.2%) | N2=228,250(35.9%) | N3=156,803(24.7%) | REM=127,452(20.0%)][0m
2026-08-15 21:24:34,116 | INFO | [92mtrain_move_targets[Negative=95,704(78.8%) | Positive=25,686(21.2%)][0m
2026-08-15 21:24:34,116 | INFO | [92mtrain_move_predictions[Negative=96,769(79.7%) | Positive=24,621(20.3%)][0m
2026-08-15 21:24:34,117 | INFO | [93mval_stage_targets[W=22,890(14.7%) | N1=7,350(4.7%) | N2=64,039(41.0%) | N3=36,960(23.7%) | REM=24,949(16.0%)][0m
2026-08-15 21:24:34,117 | INFO | [93mval_stage_predictions[W=36,250(23.2%) | N1=2,308(1.5%) | N2=47,602(30.5%) | N3=31,831(20.4%) | REM=38,197(24.5%)][0m
2026-08-15 21:24:34,117 | INFO | [94mtrain_tonic_targets[Negative=120,350(99.1%) | Positive=1,040(0.9%)][0m
2026-08-15 21:24:34,117 | INFO | [94mtrain_tonic_predictions[Negative=114,561(94.4%) | Positive=6,829(5.6%)][0m
2026-08-15 21:24:34,117 | INFO | [94mval_tonic_targets[Negative=24,600(98.6%) | Positive=350(1.4%)][0m
2026-08-15 21:24:34,117 | INFO | [94mval_tonic_predictions[Negative=23,670(94.9%) | Positive=1,280(5.1%)][0m
2026-08-15 21:24:34,117 | INFO | [95mtrain_phasic_targets[Negative=107,880(88.9%) | Positive=13,510(11.1%)][0m
2026-08-15 21:24:34,117 | INFO | [95mtrain_phasic_predictions[Negative=99,640(82.1%) | Positive=21,750(17.9%)][0m
2026-08-15 21:24:34,117 | INFO | [95mval_phasic_targets[Negative=22,520(90.3%) | Positive=2,430(9.7%)][0m
2026-08-15 21:24:34,117 | INFO | [95mval_phasic_predictions[Negative=22,630(90.7%) | Positive=2,320(9.3%)][0m
2026-08-15 21:24:34,118 | INFO | [38;5;214mtrain_any_targets[Negative=95,704(78.8%) | Positive=25,686(21.2%)][0m
2026-08-15 21:24:34,118 | INFO | [38;5;214mtrain_any_predictions[Negative=97,221(80.1%) | Positive=24,169(19.9%)][0m
2026-08-15 21:24:34,118 | INFO | [38;5;214mval_any_targets[Negative=20,079(80.5%) | Positive=4,871(19.5%)][0m
2026-08-15 21:24:34,118 | INFO | [38;5;214mval_any_predictions[Negative=20,589(82.5%) | Positive=4,361(17.5%)][0m
2026-08-15 21:25:15,408 | INFO | fold=1 ep=021 train=35.8s val=5.4s [92mtrain_stg_loss=0.4787 train_rswa_loss=0.5019 train_rswa_head_loss(t/p/a)=0.1975/0.1467/0.1578[0m | [93mval_stg_f1=0.6750 val_stg_kappa=0.6587 val_rswa_head_loss(t/p/a)=0.2621/0.1911/0.1982 val_f1(t/p/a)=0.485/0.650/0.819 val_f1_macro=0.6514[0m
2026-08-15 21:25:15,409 | INFO | [92mtrain_stage_targets[W=120,692(18.9%) | N1=33,067(5.2%) | N2=224,316(35.2%) | N3=148,469(23.3%) | REM=111,480(17.5%)][0m
2026-08-15 21:25:15,409 | INFO | [92mtrain_stage_predictions[W=126,638(19.8%) | N1=17,366(2.7%) | N2=237,725(37.3%) | N3=146,681(23.0%) | REM=109,614(17.2%)][0m
2026-08-15 21:25:15,409 | INFO | [92mtrain_move_targets[Negative=84,432(75.7%) | Positive=27,048(24.3%)][0m
2026-08-15 21:25:15,409 | INFO | [92mtrain_move_predictions[Negative=84,833(76.1%) | Positive=26,647(23.9%)][0m
2026-08-15 21:25:15,409 | INFO | [93mval_stage_targets[W=22,890(14.7%) | N1=7,350(4.7%) | N2=64,039(41.0%) | N3=36,960(23.7%) | REM=24,949(16.0%)][0m
2026-08-15 21:25:15,409 | INFO | [93mval_stage_predictions[W=23,717(15.2%) | N1=3,509(2.2%) | N2=57,037(36.5%) | N3=33,645(21.5%) | REM=38,280(24.5%)][0m
2026-08-15 21:25:15,409 | INFO | [94mtrain_tonic_targets[Negative=109,860(98.5%) | Positive=1,620(1.5%)][0m
2026-08-15 21:25:15,409 | INFO | [94mtrain_tonic_predictions[Negative=103,334(92.7%) | Positive=8,146(7.3%)][0m
2026-08-15 21:25:15,409 | INFO | [94mval_tonic_targets[Negative=24,600(98.6%) | Positive=350(1.4%)][0m
2026-08-15 21:25:15,410 | INFO | [94mval_tonic_predictions[Negative=24,310(97.4%) | Positive=640(2.6%)][0m
2026-08-15 21:25:15,410 | INFO | [95mtrain_phasic_targets[Negative=96,170(86.3%) | Positive=15,310(13.7%)][0m
2026-08-15 21:25:15,410 | INFO | [95mtrain_phasic_predictions[Negative=87,826(78.8%) | Positive=23,654(21.2%)][0m
2026-08-15 21:25:15,410 | INFO | [95mval_phasic_targets[Negative=22,520(90.3%) | Positive=2,430(9.7%)][0m
2026-08-15 21:25:15,410 | INFO | [95mval_phasic_predictions[Negative=22,920(91.9%) | Positive=2,030(8.1%)][0m
2026-08-15 21:25:15,410 | INFO | [38;5;214mtrain_any_targets[Negative=84,432(75.7%) | Positive=27,048(24.3%)][0m
2026-08-15 21:25:15,410 | INFO | [38;5;214mtrain_any_predictions[Negative=85,292(76.5%) | Positive=26,188(23.5%)][0m
2026-08-15 21:25:15,410 | INFO | [38;5;214mval_any_targets[Negative=20,079(80.5%) | Positive=4,871(19.5%)][0m
2026-08-15 21:25:15,410 | INFO | [38;5;214mval_any_predictions[Negative=21,076(84.5%) | Positive=3,874(15.5%)][0m
2026-08-15 21:25:57,140 | INFO | fold=1 ep=022 train=36.2s val=5.4s [92mtrain_stg_loss=0.4891 train_rswa_loss=0.4574 train_rswa_head_loss(t/p/a)=0.1648/0.1362/0.1564[0m | [93mval_stg_f1=0.6709 val_stg_kappa=0.6488 val_rswa_head_loss(t/p/a)=0.2110/0.1590/0.1732 val_f1(t/p/a)=0.454/0.725/0.845 val_f1_macro=0.6746[0m
2026-08-15 21:25:57,140 | INFO | [92mtrain_stage_targets[W=91,729(14.3%) | N1=27,818(4.3%) | N2=221,652(34.5%) | N3=174,375(27.1%) | REM=127,080(19.8%)][0m
2026-08-15 21:25:57,140 | INFO | [92mtrain_stage_predictions[W=97,929(15.2%) | N1=15,233(2.4%) | N2=228,978(35.6%) | N3=170,810(26.6%) | REM=129,704(20.2%)][0m
2026-08-15 21:25:57,140 | INFO | [92mtrain_move_targets[Negative=97,265(76.5%) | Positive=29,815(23.5%)][0m
2026-08-15 21:25:57,141 | INFO | [92mtrain_move_predictions[Negative=98,478(77.5%) | Positive=28,602(22.5%)][0m
2026-08-15 21:25:57,141 | INFO | [93mval_stage_targets[W=22,890(14.7%) | N1=7,350(4.7%) | N2=64,039(41.0%) | N3=36,960(23.7%) | REM=24,949(16.0%)][0m
2026-08-15 21:25:57,141 | INFO | [93mval_stage_predictions[W=32,595(20.9%) | N1=5,793(3.7%) | N2=60,075(38.5%) | N3=29,350(18.8%) | REM=28,375(18.2%)][0m
2026-08-15 21:25:57,141 | INFO | [94mtrain_tonic_targets[Negative=125,880(99.1%) | Positive=1,200(0.9%)][0m
2026-08-15 21:25:57,141 | INFO | [94mtrain_tonic_predictions[Negative=119,697(94.2%) | Positive=7,383(5.8%)][0m
2026-08-15 21:25:57,141 | INFO | [94mval_tonic_targets[Negative=24,600(98.6%) | Positive=350(1.4%)][0m
2026-08-15 21:25:57,141 | INFO | [94mval_tonic_predictions[Negative=24,110(96.6%) | Positive=840(3.4%)][0m
2026-08-15 21:25:57,141 | INFO | [95mtrain_phasic_targets[Negative=109,700(86.3%) | Positive=17,380(13.7%)][0m
2026-08-15 21:25:57,141 | INFO | [95mtrain_phasic_predictions[Negative=102,012(80.3%) | Positive=25,068(19.7%)][0m
2026-08-15 21:25:57,141 | INFO | [95mval_phasic_targets[Negative=22,520(90.3%) | Positive=2,430(9.7%)][0m
2026-08-15 21:25:57,141 | INFO | [95mval_phasic_predictions[Negative=22,720(91.1%) | Positive=2,230(8.9%)][0m
2026-08-15 21:25:57,142 | INFO | [38;5;214mtrain_any_targets[Negative=97,265(76.5%) | Positive=29,815(23.5%)][0m
2026-08-15 21:25:57,142 | INFO | [38;5;214mtrain_any_predictions[Negative=98,892(77.8%) | Positive=28,188(22.2%)][0m
2026-08-15 21:25:57,142 | INFO | [38;5;214mval_any_targets[Negative=20,079(80.5%) | Positive=4,871(19.5%)][0m
2026-08-15 21:25:57,142 | INFO | [38;5;214mval_any_predictions[Negative=20,749(83.2%) | Positive=4,201(16.8%)][0m
2026-08-15 21:26:38,249 | INFO | fold=1 ep=023 train=35.6s val=5.3s [92mtrain_stg_loss=0.4783 train_rswa_loss=0.4307 train_rswa_head_loss(t/p/a)=0.1392/0.1352/0.1562[0m | [93mval_stg_f1=0.6797 val_stg_kappa=0.6601 val_rswa_head_loss(t/p/a)=0.5234/0.1966/0.2104 val_f1(t/p/a)=0.455/0.623/0.804 val_f1_macro=0.6275[0m
2026-08-15 21:26:38,249 | INFO | [92mtrain_stage_targets[W=115,763(18.3%) | N1=35,038(5.5%) | N2=210,365(33.3%) | N3=151,318(24.0%) | REM=119,100(18.9%)][0m
2026-08-15 21:26:38,249 | INFO | [92mtrain_stage_predictions[W=120,749(19.1%) | N1=16,894(2.7%) | N2=226,358(35.8%) | N3=148,064(23.4%) | REM=119,519(18.9%)][0m
2026-08-15 21:26:38,249 | INFO | [92mtrain_move_targets[Negative=91,573(76.9%) | Positive=27,527(23.1%)][0m
2026-08-15 21:26:38,249 | INFO | [92mtrain_move_predictions[Negative=92,589(77.7%) | Positive=26,511(22.3%)][0m
2026-08-15 21:26:38,249 | INFO | [93mval_stage_targets[W=22,890(14.7%) | N1=7,350(4.7%) | N2=64,039(41.0%) | N3=36,960(23.7%) | REM=24,949(16.0%)][0m
2026-08-15 21:26:38,250 | INFO | [93mval_stage_predictions[W=26,953(17.3%) | N1=4,562(2.9%) | N2=58,853(37.7%) | N3=32,443(20.8%) | REM=33,377(21.4%)][0m
2026-08-15 21:26:38,250 | INFO | [94mtrain_tonic_targets[Negative=118,000(99.1%) | Positive=1,100(0.9%)][0m
2026-08-15 21:26:38,250 | INFO | [94mtrain_tonic_predictions[Negative=112,771(94.7%) | Positive=6,329(5.3%)][0m
2026-08-15 21:26:38,250 | INFO | [94mval_tonic_targets[Negative=24,600(98.6%) | Positive=350(1.4%)][0m
2026-08-15 21:26:38,250 | INFO | [94mval_tonic_predictions[Negative=24,290(97.4%) | Positive=660(2.6%)][0m
2026-08-15 21:26:38,250 | INFO | [95mtrain_phasic_targets[Negative=103,560(87.0%) | Positive=15,540(13.0%)][0m
2026-08-15 21:26:38,250 | INFO | [95mtrain_phasic_predictions[Negative=95,750(80.4%) | Positive=23,350(19.6%)][0m
2026-08-15 21:26:38,250 | INFO | [95mval_phasic_targets[Negative=22,520(90.3%) | Positive=2,430(9.7%)][0m
2026-08-15 21:26:38,250 | INFO | [95mval_phasic_predictions[Negative=23,240(93.1%) | Positive=1,710(6.9%)][0m
2026-08-15 21:26:38,250 | INFO | [38;5;214mtrain_any_targets[Negative=91,573(76.9%) | Positive=27,527(23.1%)][0m
2026-08-15 21:26:38,251 | INFO | [38;5;214mtrain_any_predictions[Negative=93,011(78.1%) | Positive=26,089(21.9%)][0m
2026-08-15 21:26:38,251 | INFO | [38;5;214mval_any_targets[Negative=20,079(80.5%) | Positive=4,871(19.5%)][0m
2026-08-15 21:26:38,251 | INFO | [38;5;214mval_any_predictions[Negative=21,150(84.8%) | Positive=3,800(15.2%)][0m
2026-08-15 21:27:18,828 | INFO | fold=1 ep=024 train=35.1s val=5.3s [92mtrain_stg_loss=0.4511 train_rswa_loss=0.4223 train_rswa_head_loss(t/p/a)=0.1504/0.1256/0.1464[0m | [93mval_stg_f1=0.6464 val_stg_kappa=0.6244 val_rswa_head_loss(t/p/a)=0.1176/0.1589/0.1713 val_f1(t/p/a)=0.476/0.740/0.859 val_f1_macro=0.6917[0m
2026-08-15 21:27:18,828 | INFO | [92mtrain_stage_targets[W=93,469(15.0%) | N1=30,627(4.9%) | N2=218,082(35.0%) | N3=165,386(26.6%) | REM=115,220(18.5%)][0m
2026-08-15 21:27:18,828 | INFO | [92mtrain_stage_predictions[W=94,047(15.1%) | N1=22,154(3.6%) | N2=228,831(36.7%) | N3=160,950(25.8%) | REM=116,802(18.8%)][0m
2026-08-15 21:27:18,828 | INFO | [92mtrain_move_targets[Negative=90,439(78.5%) | Positive=24,781(21.5%)][0m
2026-08-15 21:27:18,829 | INFO | [92mtrain_move_predictions[Negative=91,431(79.4%) | Positive=23,789(20.6%)][0m
2026-08-15 21:27:18,829 | INFO | [93mval_stage_targets[W=22,890(14.7%) | N1=7,350(4.7%) | N2=64,039(41.0%) | N3=36,960(23.7%) | REM=24,949(16.0%)][0m
2026-08-15 21:27:18,829 | INFO | [93mval_stage_predictions[W=38,463(24.6%) | N1=3,935(2.5%) | N2=50,631(32.4%) | N3=31,040(19.9%) | REM=32,119(20.6%)][0m
2026-08-15 21:27:18,829 | INFO | [94mtrain_tonic_targets[Negative=114,080(99.0%) | Positive=1,140(1.0%)][0m
2026-08-15 21:27:18,829 | INFO | [94mtrain_tonic_predictions[Negative=109,039(94.6%) | Positive=6,181(5.4%)][0m
2026-08-15 21:27:18,829 | INFO | [94mval_tonic_targets[Negative=24,600(98.6%) | Positive=350(1.4%)][0m
2026-08-15 21:27:18,829 | INFO | [94mval_tonic_predictions[Negative=23,830(95.5%) | Positive=1,120(4.5%)][0m
2026-08-15 21:27:18,829 | INFO | [95mtrain_phasic_targets[Negative=101,730(88.3%) | Positive=13,490(11.7%)][0m
2026-08-15 21:27:18,829 | INFO | [95mtrain_phasic_predictions[Negative=94,374(81.9%) | Positive=20,846(18.1%)][0m
2026-08-15 21:27:18,829 | INFO | [95mval_phasic_targets[Negative=22,520(90.3%) | Positive=2,430(9.7%)][0m
2026-08-15 21:27:18,830 | INFO | [95mval_phasic_predictions[Negative=22,920(91.9%) | Positive=2,030(8.1%)][0m
2026-08-15 21:27:18,830 | INFO | [38;5;214mtrain_any_targets[Negative=90,439(78.5%) | Positive=24,781(21.5%)][0m
2026-08-15 21:27:18,830 | INFO | [38;5;214mtrain_any_predictions[Negative=91,940(79.8%) | Positive=23,280(20.2%)][0m
2026-08-15 21:27:18,830 | INFO | [38;5;214mval_any_targets[Negative=20,079(80.5%) | Positive=4,871(19.5%)][0m
2026-08-15 21:27:18,830 | INFO | [38;5;214mval_any_predictions[Negative=20,691(82.9%) | Positive=4,259(17.1%)][0m
2026-08-15 21:28:00,563 | INFO | fold=1 ep=025 train=36.2s val=5.4s [92mtrain_stg_loss=0.4067 train_rswa_loss=0.3898 train_rswa_head_loss(t/p/a)=0.1328/0.1210/0.1361[0m | [93mval_stg_f1=0.6166 val_stg_kappa=0.6045 val_rswa_head_loss(t/p/a)=0.0964/0.1311/0.1404 val_f1(t/p/a)=0.496/0.781/0.872 val_f1_macro=0.7164[0m
2026-08-15 21:28:00,563 | INFO | [92mtrain_stage_targets[W=104,644(16.3%) | N1=26,457(4.1%) | N2=235,418(36.7%) | N3=158,656(24.8%) | REM=115,449(18.0%)][0m
2026-08-15 21:28:00,564 | INFO | [92mtrain_stage_predictions[W=105,283(16.4%) | N1=16,363(2.6%) | N2=249,409(38.9%) | N3=152,108(23.7%) | REM=117,461(18.3%)][0m
2026-08-15 21:28:00,564 | INFO | [92mtrain_move_targets[Negative=88,682(76.8%) | Positive=26,768(23.2%)][0m
2026-08-15 21:28:00,564 | INFO | [92mtrain_move_predictions[Negative=89,432(77.5%) | Positive=26,018(22.5%)][0m
2026-08-15 21:28:00,564 | INFO | [93mval_stage_targets[W=22,890(14.7%) | N1=7,350(4.7%) | N2=64,039(41.0%) | N3=36,960(23.7%) | REM=24,949(16.0%)][0m
2026-08-15 21:28:00,565 | INFO | [93mval_stage_predictions[W=38,403(24.6%) | N1=3,193(2.0%) | N2=48,329(30.9%) | N3=30,398(19.5%) | REM=35,865(23.0%)][0m
2026-08-15 21:28:00,565 | INFO | [94mtrain_tonic_targets[Negative=114,090(98.8%) | Positive=1,360(1.2%)][0m
2026-08-15 21:28:00,565 | INFO | [94mtrain_tonic_predictions[Negative=109,038(94.4%) | Positive=6,412(5.6%)][0m
2026-08-15 21:28:00,565 | INFO | [94mval_tonic_targets[Negative=24,600(98.6%) | Positive=350(1.4%)][0m
2026-08-15 21:28:00,565 | INFO | [94mval_tonic_predictions[Negative=23,890(95.8%) | Positive=1,060(4.2%)][0m
2026-08-15 21:28:00,566 | INFO | [95mtrain_phasic_targets[Negative=99,620(86.3%) | Positive=15,830(13.7%)][0m
2026-08-15 21:28:00,566 | INFO | [95mtrain_phasic_predictions[Negative=93,167(80.7%) | Positive=22,283(19.3%)][0m
2026-08-15 21:28:00,566 | INFO | [95mval_phasic_targets[Negative=22,520(90.3%) | Positive=2,430(9.7%)][0m
2026-08-15 21:28:00,566 | INFO | [95mval_phasic_predictions[Negative=22,590(90.5%) | Positive=2,360(9.5%)][0m
2026-08-15 21:28:00,566 | INFO | [38;5;214mtrain_any_targets[Negative=88,682(76.8%) | Positive=26,768(23.2%)][0m
2026-08-15 21:28:00,567 | INFO | [38;5;214mtrain_any_predictions[Negative=89,739(77.7%) | Positive=25,711(22.3%)][0m
2026-08-15 21:28:00,567 | INFO | [38;5;214mval_any_targets[Negative=20,079(80.5%) | Positive=4,871(19.5%)][0m
2026-08-15 21:28:00,567 | INFO | [38;5;214mval_any_predictions[Negative=20,129(80.7%) | Positive=4,821(19.3%)][0m
2026-08-15 21:28:42,183 | INFO | fold=1 ep=026 train=36.1s val=5.4s [92mtrain_stg_loss=0.4952 train_rswa_loss=0.4114 train_rswa_head_loss(t/p/a)=0.1353/0.1267/0.1493[0m | [93mval_stg_f1=0.7061 val_stg_kappa=0.6812 val_rswa_head_loss(t/p/a)=0.1048/0.1211/0.1320 val_f1(t/p/a)=0.412/0.802/0.878 val_f1_macro=0.6972[0m
2026-08-15 21:28:42,183 | INFO | [92mtrain_stage_targets[W=111,855(17.5%) | N1=33,467(5.2%) | N2=212,683(33.2%) | N3=174,759(27.3%) | REM=107,410(16.8%)][0m
2026-08-15 21:28:42,183 | INFO | [92mtrain_stage_predictions[W=112,303(17.5%) | N1=22,652(3.5%) | N2=226,520(35.4%) | N3=168,330(26.3%) | REM=110,369(17.2%)][0m
2026-08-15 21:28:42,184 | INFO | [92mtrain_move_targets[Negative=82,997(77.3%) | Positive=24,413(22.7%)][0m
2026-08-15 21:28:42,184 | INFO | [92mtrain_move_predictions[Negative=83,807(78.0%) | Positive=23,603(22.0%)][0m
2026-08-15 21:28:42,184 | INFO | [93mval_stage_targets[W=22,890(14.7%) | N1=7,350(4.7%) | N2=64,039(41.0%) | N3=36,960(23.7%) | REM=24,949(16.0%)][0m
2026-08-15 21:28:42,184 | INFO | [93mval_stage_predictions[W=22,909(14.7%) | N1=8,612(5.5%) | N2=61,776(39.6%) | N3=30,293(19.4%) | REM=32,598(20.9%)][0m
2026-08-15 21:28:42,184 | INFO | [94mtrain_tonic_targets[Negative=106,240(98.9%) | Positive=1,170(1.1%)][0m
2026-08-15 21:28:42,184 | INFO | [94mtrain_tonic_predictions[Negative=102,063(95.0%) | Positive=5,347(5.0%)][0m
2026-08-15 21:28:42,184 | INFO | [94mval_tonic_targets[Negative=24,600(98.6%) | Positive=350(1.4%)][0m
2026-08-15 21:28:42,184 | INFO | [94mval_tonic_predictions[Negative=23,600(94.6%) | Positive=1,350(5.4%)][0m
2026-08-15 21:28:42,184 | INFO | [95mtrain_phasic_targets[Negative=93,860(87.4%) | Positive=13,550(12.6%)][0m
2026-08-15 21:28:42,184 | INFO | [95mtrain_phasic_predictions[Negative=87,065(81.1%) | Positive=20,345(18.9%)][0m
2026-08-15 21:28:42,184 | INFO | [95mval_phasic_targets[Negative=22,520(90.3%) | Positive=2,430(9.7%)][0m
2026-08-15 21:28:42,185 | INFO | [95mval_phasic_predictions[Negative=22,490(90.1%) | Positive=2,460(9.9%)][0m
2026-08-15 21:28:42,185 | INFO | [38;5;214mtrain_any_targets[Negative=82,997(77.3%) | Positive=24,413(22.7%)][0m
2026-08-15 21:28:42,185 | INFO | [38;5;214mtrain_any_predictions[Negative=84,185(78.4%) | Positive=23,225(21.6%)][0m
2026-08-15 21:28:42,185 | INFO | [38;5;214mval_any_targets[Negative=20,079(80.5%) | Positive=4,871(19.5%)][0m
2026-08-15 21:28:42,185 | INFO | [38;5;214mval_any_predictions[Negative=19,909(79.8%) | Positive=5,041(20.2%)][0m
2026-08-15 21:28:42,368 | INFO | Fold 1: novo melhor checkpoint na época 26, staging_f1_macro=0.7061
2026-08-15 21:29:24,195 | INFO | fold=1 ep=027 train=36.4s val=5.4s [92mtrain_stg_loss=0.4076 train_rswa_loss=0.3518 train_rswa_head_loss(t/p/a)=0.1156/0.1127/0.1235[0m | [93mval_stg_f1=0.6879 val_stg_kappa=0.6737 val_rswa_head_loss(t/p/a)=0.2657/0.1703/0.1725 val_f1(t/p/a)=0.523/0.697/0.845 val_f1_macro=0.6886[0m
2026-08-15 21:29:24,196 | INFO | [92mtrain_stage_targets[W=113,678(17.6%) | N1=22,660(3.5%) | N2=212,221(32.9%) | N3=172,305(26.7%) | REM=124,450(19.3%)][0m
2026-08-15 21:29:24,196 | INFO | [92mtrain_stage_predictions[W=118,053(18.3%) | N1=14,288(2.2%) | N2=219,297(34.0%) | N3=166,889(25.9%) | REM=126,787(19.6%)][0m
2026-08-15 21:29:24,196 | INFO | [92mtrain_move_targets[Negative=100,235(80.5%) | Positive=24,215(19.5%)][0m
2026-08-15 21:29:24,196 | INFO | [92mtrain_move_predictions[Negative=101,191(81.3%) | Positive=23,259(18.7%)][0m
2026-08-15 21:29:24,196 | INFO | [93mval_stage_targets[W=22,890(14.7%) | N1=7,350(4.7%) | N2=64,039(41.0%) | N3=36,960(23.7%) | REM=24,949(16.0%)][0m
2026-08-15 21:29:24,196 | INFO | [93mval_stage_predictions[W=23,358(15.0%) | N1=3,026(1.9%) | N2=53,172(34.0%) | N3=41,189(26.4%) | REM=35,443(22.7%)][0m
2026-08-15 21:29:24,196 | INFO | [94mtrain_tonic_targets[Negative=123,050(98.9%) | Positive=1,400(1.1%)][0m
2026-08-15 21:29:24,196 | INFO | [94mtrain_tonic_predictions[Negative=118,124(94.9%) | Positive=6,326(5.1%)][0m
2026-08-15 21:29:24,196 | INFO | [94mval_tonic_targets[Negative=24,600(98.6%) | Positive=350(1.4%)][0m
2026-08-15 21:29:24,196 | INFO | [94mval_tonic_predictions[Negative=24,230(97.1%) | Positive=720(2.9%)][0m
2026-08-15 21:29:24,197 | INFO | [95mtrain_phasic_targets[Negative=111,770(89.8%) | Positive=12,680(10.2%)][0m
2026-08-15 21:29:24,197 | INFO | [95mtrain_phasic_predictions[Negative=104,421(83.9%) | Positive=20,029(16.1%)][0m
2026-08-15 21:29:24,197 | INFO | [95mval_phasic_targets[Negative=22,520(90.3%) | Positive=2,430(9.7%)][0m
2026-08-15 21:29:24,197 | INFO | [95mval_phasic_predictions[Negative=23,050(92.4%) | Positive=1,900(7.6%)][0m
2026-08-15 21:29:24,197 | INFO | [38;5;214mtrain_any_targets[Negative=100,235(80.5%) | Positive=24,215(19.5%)][0m
2026-08-15 21:29:24,197 | INFO | [38;5;214mtrain_any_predictions[Negative=101,578(81.6%) | Positive=22,872(18.4%)][0m
2026-08-15 21:29:24,197 | INFO | [38;5;214mval_any_targets[Negative=20,079(80.5%) | Positive=4,871(19.5%)][0m
2026-08-15 21:29:24,197 | INFO | [38;5;214mval_any_predictions[Negative=20,759(83.2%) | Positive=4,191(16.8%)][0m
2026-08-15 21:30:06,121 | INFO | fold=1 ep=028 train=36.4s val=5.4s [92mtrain_stg_loss=0.4492 train_rswa_loss=0.4444 train_rswa_head_loss(t/p/a)=0.1384/0.1396/0.1664[0m | [93mval_stg_f1=0.6620 val_stg_kappa=0.6431 val_rswa_head_loss(t/p/a)=0.0975/0.1348/0.1433 val_f1(t/p/a)=0.438/0.782/0.875 val_f1_macro=0.6984[0m
2026-08-15 21:30:06,121 | INFO | [92mtrain_stage_targets[W=112,994(17.6%) | N1=29,758(4.6%) | N2=217,966(33.9%) | N3=159,916(24.9%) | REM=122,610(19.1%)][0m
2026-08-15 21:30:06,121 | INFO | [92mtrain_stage_predictions[W=117,448(18.3%) | N1=16,279(2.5%) | N2=229,227(35.6%) | N3=157,407(24.5%) | REM=122,883(19.1%)][0m
2026-08-15 21:30:06,121 | INFO | [92mtrain_move_targets[Negative=92,736(75.6%) | Positive=29,874(24.4%)][0m
2026-08-15 21:30:06,121 | INFO | [92mtrain_move_predictions[Negative=93,355(76.1%) | Positive=29,255(23.9%)][0m
2026-08-15 21:30:06,121 | INFO | [93mval_stage_targets[W=22,890(14.7%) | N1=7,350(4.7%) | N2=64,039(41.0%) | N3=36,960(23.7%) | REM=24,949(16.0%)][0m
2026-08-15 21:30:06,122 | INFO | [93mval_stage_predictions[W=31,906(20.4%) | N1=4,809(3.1%) | N2=45,543(29.2%) | N3=39,084(25.0%) | REM=34,846(22.3%)][0m
2026-08-15 21:30:06,122 | INFO | [94mtrain_tonic_targets[Negative=121,330(99.0%) | Positive=1,280(1.0%)][0m
2026-08-15 21:30:06,122 | INFO | [94mtrain_tonic_predictions[Negative=115,943(94.6%) | Positive=6,667(5.4%)][0m
2026-08-15 21:30:06,122 | INFO | [94mval_tonic_targets[Negative=24,600(98.6%) | Positive=350(1.4%)][0m
2026-08-15 21:30:06,122 | INFO | [94mval_tonic_predictions[Negative=23,700(95.0%) | Positive=1,250(5.0%)][0m
2026-08-15 21:30:06,122 | INFO | [95mtrain_phasic_targets[Negative=105,030(85.7%) | Positive=17,580(14.3%)][0m
2026-08-15 21:30:06,122 | INFO | [95mtrain_phasic_predictions[Negative=97,643(79.6%) | Positive=24,967(20.4%)][0m
2026-08-15 21:30:06,122 | INFO | [95mval_phasic_targets[Negative=22,520(90.3%) | Positive=2,430(9.7%)][0m
2026-08-15 21:30:06,122 | INFO | [95mval_phasic_predictions[Negative=22,880(91.7%) | Positive=2,070(8.3%)][0m
2026-08-15 21:30:06,122 | INFO | [38;5;214mtrain_any_targets[Negative=92,736(75.6%) | Positive=29,874(24.4%)][0m
2026-08-15 21:30:06,122 | INFO | [38;5;214mtrain_any_predictions[Negative=93,882(76.6%) | Positive=28,728(23.4%)][0m
2026-08-15 21:30:06,123 | INFO | [38;5;214mval_any_targets[Negative=20,079(80.5%) | Positive=4,871(19.5%)][0m
2026-08-15 21:30:06,123 | INFO | [38;5;214mval_any_predictions[Negative=20,411(81.8%) | Positive=4,539(18.2%)][0m
2026-08-15 21:30:47,949 | INFO | fold=1 ep=029 train=36.3s val=5.4s [92mtrain_stg_loss=0.4356 train_rswa_loss=0.4065 train_rswa_head_loss(t/p/a)=0.1316/0.1299/0.1450[0m | [93mval_stg_f1=0.6827 val_stg_kappa=0.6692 val_rswa_head_loss(t/p/a)=0.0866/0.1214/0.1321 val_f1(t/p/a)=0.500/0.819/0.882 val_f1_macro=0.7334[0m
2026-08-15 21:30:47,949 | INFO | [92mtrain_stage_targets[W=107,442(16.7%) | N1=27,758(4.3%) | N2=220,427(34.2%) | N3=168,507(26.2%) | REM=119,450(18.6%)][0m
2026-08-15 21:30:47,949 | INFO | [92mtrain_stage_predictions[W=104,820(16.3%) | N1=17,508(2.7%) | N2=235,900(36.7%) | N3=164,059(25.5%) | REM=121,297(18.8%)][0m
2026-08-15 21:30:47,950 | INFO | [92mtrain_move_targets[Negative=92,415(77.4%) | Positive=27,035(22.6%)][0m
2026-08-15 21:30:47,950 | INFO | [92mtrain_move_predictions[Negative=92,908(77.8%) | Positive=26,542(22.2%)][0m
2026-08-15 21:30:47,950 | INFO | [93mval_stage_targets[W=22,890(14.7%) | N1=7,350(4.7%) | N2=64,039(41.0%) | N3=36,960(23.7%) | REM=24,949(16.0%)][0m
2026-08-15 21:30:47,950 | INFO | [93mval_stage_predictions[W=24,117(15.4%) | N1=3,625(2.3%) | N2=58,635(37.5%) | N3=31,735(20.3%) | REM=38,076(24.4%)][0m
2026-08-15 21:30:47,950 | INFO | [94mtrain_tonic_targets[Negative=118,020(98.8%) | Positive=1,430(1.2%)][0m
2026-08-15 21:30:47,950 | INFO | [94mtrain_tonic_predictions[Negative=112,887(94.5%) | Positive=6,563(5.5%)][0m
2026-08-15 21:30:47,950 | INFO | [94mval_tonic_targets[Negative=24,600(98.6%) | Positive=350(1.4%)][0m
2026-08-15 21:30:47,950 | INFO | [94mval_tonic_predictions[Negative=23,900(95.8%) | Positive=1,050(4.2%)][0m
2026-08-15 21:30:47,950 | INFO | [95mtrain_phasic_targets[Negative=103,920(87.0%) | Positive=15,530(13.0%)][0m
2026-08-15 21:30:47,951 | INFO | [95mtrain_phasic_predictions[Negative=96,501(80.8%) | Positive=22,949(19.2%)][0m
2026-08-15 21:30:47,951 | INFO | [95mval_phasic_targets[Negative=22,520(90.3%) | Positive=2,430(9.7%)][0m
2026-08-15 21:30:47,951 | INFO | [95mval_phasic_predictions[Negative=22,470(90.1%) | Positive=2,480(9.9%)][0m
2026-08-15 21:30:47,951 | INFO | [38;5;214mtrain_any_targets[Negative=92,415(77.4%) | Positive=27,035(22.6%)][0m
2026-08-15 21:30:47,951 | INFO | [38;5;214mtrain_any_predictions[Negative=93,345(78.1%) | Positive=26,105(21.9%)][0m
2026-08-15 21:30:47,951 | INFO | [38;5;214mval_any_targets[Negative=20,079(80.5%) | Positive=4,871(19.5%)][0m
2026-08-15 21:30:47,951 | INFO | [38;5;214mval_any_predictions[Negative=19,982(80.1%) | Positive=4,968(19.9%)][0m
2026-08-15 21:31:29,317 | INFO | fold=1 ep=030 train=35.9s val=5.3s [92mtrain_stg_loss=0.4836 train_rswa_loss=0.4164 train_rswa_head_loss(t/p/a)=0.1440/0.1270/0.1455[0m | [93mval_stg_f1=0.7238 val_stg_kappa=0.7121 val_rswa_head_loss(t/p/a)=0.0897/0.1316/0.1420 val_f1(t/p/a)=0.507/0.782/0.872 val_f1_macro=0.7205[0m
2026-08-15 21:31:29,317 | INFO | [92mtrain_stage_targets[W=110,817(17.3%) | N1=32,119(5.0%) | N2=218,393(34.2%) | N3=158,875(24.9%) | REM=118,830(18.6%)][0m
2026-08-15 21:31:29,317 | INFO | [92mtrain_stage_predictions[W=118,450(18.5%) | N1=13,177(2.1%) | N2=235,198(36.8%) | N3=149,201(23.3%) | REM=123,008(19.2%)][0m
2026-08-15 21:31:29,317 | INFO | [92mtrain_move_targets[Negative=89,884(75.6%) | Positive=28,946(24.4%)][0m
2026-08-15 21:31:29,317 | INFO | [92mtrain_move_predictions[Negative=91,145(76.7%) | Positive=27,685(23.3%)][0m
2026-08-15 21:31:29,317 | INFO | [93mval_stage_targets[W=22,890(14.7%) | N1=7,350(4.7%) | N2=64,039(41.0%) | N3=36,960(23.7%) | REM=24,949(16.0%)][0m
2026-08-15 21:31:29,318 | INFO | [93mval_stage_predictions[W=19,941(12.8%) | N1=4,431(2.8%) | N2=67,384(43.1%) | N3=38,375(24.6%) | REM=26,057(16.7%)][0m
2026-08-15 21:31:29,318 | INFO | [94mtrain_tonic_targets[Negative=117,280(98.7%) | Positive=1,550(1.3%)][0m
2026-08-15 21:31:29,318 | INFO | [94mtrain_tonic_predictions[Negative=111,920(94.2%) | Positive=6,910(5.8%)][0m
2026-08-15 21:31:29,318 | INFO | [94mval_tonic_targets[Negative=24,600(98.6%) | Positive=350(1.4%)][0m
2026-08-15 21:31:29,318 | INFO | [94mval_tonic_predictions[Negative=23,920(95.9%) | Positive=1,030(4.1%)][0m
2026-08-15 21:31:29,318 | INFO | [95mtrain_phasic_targets[Negative=102,120(85.9%) | Positive=16,710(14.1%)][0m
2026-08-15 21:31:29,318 | INFO | [95mtrain_phasic_predictions[Negative=95,891(80.7%) | Positive=22,939(19.3%)][0m
2026-08-15 21:31:29,318 | INFO | [95mval_phasic_targets[Negative=22,520(90.3%) | Positive=2,430(9.7%)][0m
2026-08-15 21:31:29,318 | INFO | [95mval_phasic_predictions[Negative=22,830(91.5%) | Positive=2,120(8.5%)][0m
2026-08-15 21:31:29,318 | INFO | [38;5;214mtrain_any_targets[Negative=89,884(75.6%) | Positive=28,946(24.4%)][0m
2026-08-15 21:31:29,318 | INFO | [38;5;214mtrain_any_predictions[Negative=91,629(77.1%) | Positive=27,201(22.9%)][0m
2026-08-15 21:31:29,318 | INFO | [38;5;214mval_any_targets[Negative=20,079(80.5%) | Positive=4,871(19.5%)][0m
2026-08-15 21:31:29,319 | INFO | [38;5;214mval_any_predictions[Negative=20,155(80.8%) | Positive=4,795(19.2%)][0m
2026-08-15 21:31:29,499 | INFO | Fold 1: novo melhor checkpoint na época 30, staging_f1_macro=0.7238
2026-08-15 21:32:11,717 | INFO | fold=1 ep=031 train=36.8s val=5.4s [92mtrain_stg_loss=0.4446 train_rswa_loss=0.3631 train_rswa_head_loss(t/p/a)=0.1253/0.1144/0.1235[0m | [93mval_stg_f1=0.6771 val_stg_kappa=0.6541 val_rswa_head_loss(t/p/a)=0.0902/0.1271/0.1363 val_f1(t/p/a)=0.486/0.803/0.877 val_f1_macro=0.7223[0m
2026-08-15 21:32:11,717 | INFO | [92mtrain_stage_targets[W=117,708(18.1%) | N1=34,278(5.3%) | N2=228,671(35.1%) | N3=151,817(23.3%) | REM=118,420(18.2%)][0m
2026-08-15 21:32:11,717 | INFO | [92mtrain_stage_predictions[W=120,428(18.5%) | N1=19,699(3.0%) | N2=243,284(37.4%) | N3=147,561(22.7%) | REM=119,922(18.4%)][0m
2026-08-15 21:32:11,718 | INFO | [92mtrain_move_targets[Negative=92,598(78.2%) | Positive=25,822(21.8%)][0m
2026-08-15 21:32:11,718 | INFO | [92mtrain_move_predictions[Negative=93,306(78.8%) | Positive=25,114(21.2%)][0m
2026-08-15 21:32:11,718 | INFO | [93mval_stage_targets[W=22,890(14.7%) | N1=7,350(4.7%) | N2=64,039(41.0%) | N3=36,960(23.7%) | REM=24,949(16.0%)][0m
2026-08-15 21:32:11,718 | INFO | [93mval_stage_predictions[W=30,038(19.2%) | N1=6,220(4.0%) | N2=49,388(31.6%) | N3=37,994(24.3%) | REM=32,548(20.8%)][0m
2026-08-15 21:32:11,718 | INFO | [94mtrain_tonic_targets[Negative=116,990(98.8%) | Positive=1,430(1.2%)][0m
2026-08-15 21:32:11,718 | INFO | [94mtrain_tonic_predictions[Negative=112,361(94.9%) | Positive=6,059(5.1%)][0m
2026-08-15 21:32:11,718 | INFO | [94mval_tonic_targets[Negative=24,600(98.6%) | Positive=350(1.4%)][0m
2026-08-15 21:32:11,718 | INFO | [94mval_tonic_predictions[Negative=23,860(95.6%) | Positive=1,090(4.4%)][0m
2026-08-15 21:32:11,719 | INFO | [95mtrain_phasic_targets[Negative=103,850(87.7%) | Positive=14,570(12.3%)][0m
2026-08-15 21:32:11,719 | INFO | [95mtrain_phasic_predictions[Negative=97,108(82.0%) | Positive=21,312(18.0%)][0m
2026-08-15 21:32:11,719 | INFO | [95mval_phasic_targets[Negative=22,520(90.3%) | Positive=2,430(9.7%)][0m
2026-08-15 21:32:11,719 | INFO | [95mval_phasic_predictions[Negative=22,750(91.2%) | Positive=2,200(8.8%)][0m
2026-08-15 21:32:11,719 | INFO | [38;5;214mtrain_any_targets[Negative=92,598(78.2%) | Positive=25,822(21.8%)][0m
2026-08-15 21:32:11,719 | INFO | [38;5;214mtrain_any_predictions[Negative=93,723(79.1%) | Positive=24,697(20.9%)][0m
2026-08-15 21:32:11,719 | INFO | [38;5;214mval_any_targets[Negative=20,079(80.5%) | Positive=4,871(19.5%)][0m
2026-08-15 21:32:11,719 | INFO | [38;5;214mval_any_predictions[Negative=20,216(81.0%) | Positive=4,734(19.0%)][0m
2026-08-15 21:32:53,979 | INFO | fold=1 ep=032 train=36.7s val=5.5s [92mtrain_stg_loss=0.4283 train_rswa_loss=0.3751 train_rswa_head_loss(t/p/a)=0.1142/0.1225/0.1384[0m | [93mval_stg_f1=0.6721 val_stg_kappa=0.6605 val_rswa_head_loss(t/p/a)=0.1098/0.1325/0.1470 val_f1(t/p/a)=0.534/0.783/0.878 val_f1_macro=0.7317[0m
2026-08-15 21:32:53,980 | INFO | [92mtrain_stage_targets[W=106,846(16.4%) | N1=29,789(4.6%) | N2=219,864(33.8%) | N3=175,385(26.9%) | REM=118,900(18.3%)][0m
2026-08-15 21:32:53,980 | INFO | [92mtrain_stage_predictions[W=104,666(16.1%) | N1=22,587(3.5%) | N2=231,410(35.6%) | N3=172,677(26.5%) | REM=119,444(18.4%)][0m
2026-08-15 21:32:53,980 | INFO | [92mtrain_move_targets[Negative=93,631(78.7%) | Positive=25,269(21.3%)][0m
2026-08-15 21:32:53,980 | INFO | [92mtrain_move_predictions[Negative=94,038(79.1%) | Positive=24,862(20.9%)][0m
2026-08-15 21:32:53,980 | INFO | [93mval_stage_targets[W=22,890(14.7%) | N1=7,350(4.7%) | N2=64,039(41.0%) | N3=36,960(23.7%) | REM=24,949(16.0%)][0m
2026-08-15 21:32:53,980 | INFO | [93mval_stage_predictions[W=32,997(21.1%) | N1=5,083(3.3%) | N2=56,133(35.9%) | N3=31,002(19.8%) | REM=30,973(19.8%)][0m
2026-08-15 21:32:53,980 | INFO | [94mtrain_tonic_targets[Negative=117,410(98.7%) | Positive=1,490(1.3%)][0m
2026-08-15 21:32:53,980 | INFO | [94mtrain_tonic_predictions[Negative=113,410(95.4%) | Positive=5,490(4.6%)][0m
2026-08-15 21:32:53,981 | INFO | [94mval_tonic_targets[Negative=24,600(98.6%) | Positive=350(1.4%)][0m
2026-08-15 21:32:53,981 | INFO | [94mval_tonic_predictions[Negative=23,990(96.2%) | Positive=960(3.8%)][0m
2026-08-15 21:32:53,981 | INFO | [95mtrain_phasic_targets[Negative=105,610(88.8%) | Positive=13,290(11.2%)][0m
2026-08-15 21:32:53,981 | INFO | [95mtrain_phasic_predictions[Negative=98,078(82.5%) | Positive=20,822(17.5%)][0m
2026-08-15 21:32:53,981 | INFO | [95mval_phasic_targets[Negative=22,520(90.3%) | Positive=2,430(9.7%)][0m
2026-08-15 21:32:53,981 | INFO | [95mval_phasic_predictions[Negative=22,810(91.4%) | Positive=2,140(8.6%)][0m
2026-08-15 21:32:53,981 | INFO | [38;5;214mtrain_any_targets[Negative=93,631(78.7%) | Positive=25,269(21.3%)][0m
2026-08-15 21:32:53,981 | INFO | [38;5;214mtrain_any_predictions[Negative=94,518(79.5%) | Positive=24,382(20.5%)][0m
2026-08-15 21:32:53,982 | INFO | [38;5;214mval_any_targets[Negative=20,079(80.5%) | Positive=4,871(19.5%)][0m
2026-08-15 21:32:53,982 | INFO | [38;5;214mval_any_predictions[Negative=20,449(82.0%) | Positive=4,501(18.0%)][0m
2026-08-15 21:33:35,857 | INFO | fold=1 ep=033 train=36.3s val=5.4s [92mtrain_stg_loss=0.4102 train_rswa_loss=0.3624 train_rswa_head_loss(t/p/a)=0.1062/0.1188/0.1374[0m | [93mval_stg_f1=0.6464 val_stg_kappa=0.6143 val_rswa_head_loss(t/p/a)=0.1028/0.1273/0.1323 val_f1(t/p/a)=0.424/0.794/0.885 val_f1_macro=0.7012[0m
2026-08-15 21:33:35,857 | INFO | [92mtrain_stage_targets[W=97,103(15.1%) | N1=34,048(5.3%) | N2=231,376(36.0%) | N3=159,907(24.9%) | REM=121,050(18.8%)][0m
2026-08-15 21:33:35,857 | INFO | [92mtrain_stage_predictions[W=96,946(15.1%) | N1=24,223(3.8%) | N2=241,256(37.5%) | N3=159,638(24.8%) | REM=121,421(18.9%)][0m
2026-08-15 21:33:35,858 | INFO | [92mtrain_move_targets[Negative=92,179(76.1%) | Positive=28,871(23.9%)][0m
2026-08-15 21:33:35,858 | INFO | [92mtrain_move_predictions[Negative=93,238(77.0%) | Positive=27,812(23.0%)][0m
2026-08-15 21:33:35,858 | INFO | [93mval_stage_targets[W=22,890(14.7%) | N1=7,350(4.7%) | N2=64,039(41.0%) | N3=36,960(23.7%) | REM=24,949(16.0%)][0m
2026-08-15 21:33:35,858 | INFO | [93mval_stage_predictions[W=38,383(24.6%) | N1=11,110(7.1%) | N2=48,891(31.3%) | N3=33,227(21.3%) | REM=24,577(15.7%)][0m
2026-08-15 21:33:35,858 | INFO | [94mtrain_tonic_targets[Negative=119,580(98.8%) | Positive=1,470(1.2%)][0m
2026-08-15 21:33:35,858 | INFO | [94mtrain_tonic_predictions[Negative=115,060(95.1%) | Positive=5,990(4.9%)][0m
2026-08-15 21:33:35,858 | INFO | [94mval_tonic_targets[Negative=24,600(98.6%) | Positive=350(1.4%)][0m
2026-08-15 21:33:35,859 | INFO | [94mval_tonic_predictions[Negative=23,650(94.8%) | Positive=1,300(5.2%)][0m
2026-08-15 21:33:35,859 | INFO | [95mtrain_phasic_targets[Negative=105,170(86.9%) | Positive=15,880(13.1%)][0m
2026-08-15 21:33:35,859 | INFO | [95mtrain_phasic_predictions[Negative=97,498(80.5%) | Positive=23,552(19.5%)][0m
2026-08-15 21:33:35,859 | INFO | [95mval_phasic_targets[Negative=22,520(90.3%) | Positive=2,430(9.7%)][0m
2026-08-15 21:33:35,859 | INFO | [95mval_phasic_predictions[Negative=22,420(89.9%) | Positive=2,530(10.1%)][0m
2026-08-15 21:33:35,859 | INFO | [38;5;214mtrain_any_targets[Negative=92,179(76.1%) | Positive=28,871(23.9%)][0m
2026-08-15 21:33:35,859 | INFO | [38;5;214mtrain_any_predictions[Negative=93,734(77.4%) | Positive=27,316(22.6%)][0m
2026-08-15 21:33:35,859 | INFO | [38;5;214mval_any_targets[Negative=20,079(80.5%) | Positive=4,871(19.5%)][0m
2026-08-15 21:33:35,860 | INFO | [38;5;214mval_any_predictions[Negative=19,687(78.9%) | Positive=5,263(21.1%)][0m
2026-08-15 21:34:17,067 | INFO | fold=1 ep=034 train=35.7s val=5.4s [92mtrain_stg_loss=0.4677 train_rswa_loss=0.3571 train_rswa_head_loss(t/p/a)=0.1053/0.1172/0.1346[0m | [93mval_stg_f1=0.6565 val_stg_kappa=0.6448 val_rswa_head_loss(t/p/a)=0.1003/0.1243/0.1378 val_f1(t/p/a)=0.543/0.797/0.881 val_f1_macro=0.7403[0m
2026-08-15 21:34:17,067 | INFO | [92mtrain_stage_targets[W=99,368(15.6%) | N1=31,995(5.0%) | N2=228,265(35.9%) | N3=155,807(24.5%) | REM=119,879(18.9%)][0m
2026-08-15 21:34:17,067 | INFO | [92mtrain_stage_predictions[W=97,660(15.4%) | N1=24,625(3.9%) | N2=243,835(38.4%) | N3=146,662(23.1%) | REM=122,532(19.3%)][0m
2026-08-15 21:34:17,068 | INFO | [92mtrain_move_targets[Negative=91,757(76.5%) | Positive=28,123(23.5%)][0m
2026-08-15 21:34:17,068 | INFO | [92mtrain_move_predictions[Negative=92,527(77.2%) | Positive=27,353(22.8%)][0m
2026-08-15 21:34:17,068 | INFO | [93mval_stage_targets[W=22,890(14.7%) | N1=7,350(4.7%) | N2=64,039(41.0%) | N3=36,960(23.7%) | REM=24,949(16.0%)][0m
2026-08-15 21:34:17,068 | INFO | [93mval_stage_predictions[W=33,116(21.2%) | N1=5,061(3.2%) | N2=46,231(29.6%) | N3=40,844(26.2%) | REM=30,936(19.8%)][0m
2026-08-15 21:34:17,068 | INFO | [94mtrain_tonic_targets[Negative=118,460(98.8%) | Positive=1,420(1.2%)][0m
2026-08-15 21:34:17,068 | INFO | [94mtrain_tonic_predictions[Negative=114,153(95.2%) | Positive=5,727(4.8%)][0m
2026-08-15 21:34:17,068 | INFO | [94mval_tonic_targets[Negative=24,600(98.6%) | Positive=350(1.4%)][0m
2026-08-15 21:34:17,068 | INFO | [94mval_tonic_predictions[Negative=24,010(96.2%) | Positive=940(3.8%)][0m
2026-08-15 21:34:17,068 | INFO | [95mtrain_phasic_targets[Negative=103,520(86.4%) | Positive=16,360(13.6%)][0m
2026-08-15 21:34:17,068 | INFO | [95mtrain_phasic_predictions[Negative=97,015(80.9%) | Positive=22,865(19.1%)][0m
2026-08-15 21:34:17,068 | INFO | [95mval_phasic_targets[Negative=22,520(90.3%) | Positive=2,430(9.7%)][0m
2026-08-15 21:34:17,069 | INFO | [95mval_phasic_predictions[Negative=22,690(90.9%) | Positive=2,260(9.1%)][0m
2026-08-15 21:34:17,069 | INFO | [38;5;214mtrain_any_targets[Negative=91,757(76.5%) | Positive=28,123(23.5%)][0m
2026-08-15 21:34:17,069 | INFO | [38;5;214mtrain_any_predictions[Negative=92,901(77.5%) | Positive=26,979(22.5%)][0m
2026-08-15 21:34:17,069 | INFO | [38;5;214mval_any_targets[Negative=20,079(80.5%) | Positive=4,871(19.5%)][0m
2026-08-15 21:34:17,069 | INFO | [38;5;214mval_any_predictions[Negative=20,161(80.8%) | Positive=4,789(19.2%)][0m
2026-08-15 21:34:59,152 | INFO | fold=1 ep=035 train=36.5s val=5.4s [92mtrain_stg_loss=0.3992 train_rswa_loss=0.3484 train_rswa_head_loss(t/p/a)=0.0960/0.1162/0.1362[0m | [93mval_stg_f1=0.6774 val_stg_kappa=0.6634 val_rswa_head_loss(t/p/a)=0.1494/0.1304/0.1401 val_f1(t/p/a)=0.542/0.793/0.879 val_f1_macro=0.7381[0m
2026-08-15 21:34:59,153 | INFO | [92mtrain_stage_targets[W=111,692(17.2%) | N1=28,926(4.5%) | N2=225,617(34.8%) | N3=164,289(25.3%) | REM=118,270(18.2%)][0m
2026-08-15 21:34:59,153 | INFO | [92mtrain_stage_predictions[W=110,908(17.1%) | N1=18,429(2.8%) | N2=241,619(37.2%) | N3=161,043(24.8%) | REM=116,795(18.0%)][0m
2026-08-15 21:34:59,153 | INFO | [92mtrain_move_targets[Negative=91,406(77.3%) | Positive=26,864(22.7%)][0m
2026-08-15 21:34:59,153 | INFO | [92mtrain_move_predictions[Negative=92,100(77.9%) | Positive=26,170(22.1%)][0m
2026-08-15 21:34:59,153 | INFO | [93mval_stage_targets[W=22,890(14.7%) | N1=7,350(4.7%) | N2=64,039(41.0%) | N3=36,960(23.7%) | REM=24,949(16.0%)][0m
2026-08-15 21:34:59,153 | INFO | [93mval_stage_predictions[W=28,101(18.0%) | N1=6,758(4.3%) | N2=56,738(36.3%) | N3=31,564(20.2%) | REM=33,027(21.1%)][0m
2026-08-15 21:34:59,154 | INFO | [94mtrain_tonic_targets[Negative=117,230(99.1%) | Positive=1,040(0.9%)][0m
2026-08-15 21:34:59,154 | INFO | [94mtrain_tonic_predictions[Negative=113,125(95.6%) | Positive=5,145(4.4%)][0m
2026-08-15 21:34:59,154 | INFO | [94mval_tonic_targets[Negative=24,600(98.6%) | Positive=350(1.4%)][0m
2026-08-15 21:34:59,154 | INFO | [94mval_tonic_predictions[Negative=24,120(96.7%) | Positive=830(3.3%)][0m
2026-08-15 21:34:59,154 | INFO | [95mtrain_phasic_targets[Negative=102,650(86.8%) | Positive=15,620(13.2%)][0m
2026-08-15 21:34:59,154 | INFO | [95mtrain_phasic_predictions[Negative=96,232(81.4%) | Positive=22,038(18.6%)][0m
2026-08-15 21:34:59,154 | INFO | [95mval_phasic_targets[Negative=22,520(90.3%) | Positive=2,430(9.7%)][0m
2026-08-15 21:34:59,154 | INFO | [95mval_phasic_predictions[Negative=22,590(90.5%) | Positive=2,360(9.5%)][0m
2026-08-15 21:34:59,155 | INFO | [38;5;214mtrain_any_targets[Negative=91,406(77.3%) | Positive=26,864(22.7%)][0m
2026-08-15 21:34:59,155 | INFO | [38;5;214mtrain_any_predictions[Negative=92,548(78.3%) | Positive=25,722(21.7%)][0m
2026-08-15 21:34:59,155 | INFO | [38;5;214mval_any_targets[Negative=20,079(80.5%) | Positive=4,871(19.5%)][0m
2026-08-15 21:34:59,155 | INFO | [38;5;214mval_any_predictions[Negative=20,170(80.8%) | Positive=4,780(19.2%)][0m
2026-08-15 21:35:41,162 | INFO | fold=1 ep=036 train=36.6s val=5.3s [92mtrain_stg_loss=0.4184 train_rswa_loss=0.3674 train_rswa_head_loss(t/p/a)=0.0983/0.1264/0.1427[0m | [93mval_stg_f1=0.7020 val_stg_kappa=0.6836 val_rswa_head_loss(t/p/a)=0.3019/0.1615/0.1585 val_f1(t/p/a)=0.515/0.748/0.860 val_f1_macro=0.7078[0m
2026-08-15 21:35:41,162 | INFO | [92mtrain_stage_targets[W=124,104(19.1%) | N1=33,366(5.1%) | N2=215,566(33.2%) | N3=163,818(25.2%) | REM=113,250(17.4%)][0m
2026-08-15 21:35:41,162 | INFO | [92mtrain_stage_predictions[W=125,201(19.3%) | N1=22,514(3.5%) | N2=226,171(34.8%) | N3=161,092(24.8%) | REM=115,126(17.7%)][0m
2026-08-15 21:35:41,163 | INFO | [92mtrain_move_targets[Negative=85,481(75.5%) | Positive=27,769(24.5%)][0m
2026-08-15 21:35:41,163 | INFO | [92mtrain_move_predictions[Negative=85,805(75.8%) | Positive=27,445(24.2%)][0m
2026-08-15 21:35:41,163 | INFO | [93mval_stage_targets[W=22,890(14.7%) | N1=7,350(4.7%) | N2=64,039(41.0%) | N3=36,960(23.7%) | REM=24,949(16.0%)][0m
2026-08-15 21:35:41,163 | INFO | [93mval_stage_predictions[W=26,598(17.0%) | N1=5,362(3.4%) | N2=56,376(36.1%) | N3=35,052(22.4%) | REM=32,800(21.0%)][0m
2026-08-15 21:35:41,163 | INFO | [94mtrain_tonic_targets[Negative=111,420(98.4%) | Positive=1,830(1.6%)][0m
2026-08-15 21:35:41,163 | INFO | [94mtrain_tonic_predictions[Negative=107,641(95.0%) | Positive=5,609(5.0%)][0m
2026-08-15 21:35:41,163 | INFO | [94mval_tonic_targets[Negative=24,600(98.6%) | Positive=350(1.4%)][0m
2026-08-15 21:35:41,163 | INFO | [94mval_tonic_predictions[Negative=24,330(97.5%) | Positive=620(2.5%)][0m
2026-08-15 21:35:41,163 | INFO | [95mtrain_phasic_targets[Negative=96,870(85.5%) | Positive=16,380(14.5%)][0m
2026-08-15 21:35:41,163 | INFO | [95mtrain_phasic_predictions[Negative=90,660(80.1%) | Positive=22,590(19.9%)][0m
2026-08-15 21:35:41,163 | INFO | [95mval_phasic_targets[Negative=22,520(90.3%) | Positive=2,430(9.7%)][0m
2026-08-15 21:35:41,163 | INFO | [95mval_phasic_predictions[Negative=22,940(91.9%) | Positive=2,010(8.1%)][0m
2026-08-15 21:35:41,164 | INFO | [38;5;214mtrain_any_targets[Negative=85,481(75.5%) | Positive=27,769(24.5%)][0m
2026-08-15 21:35:41,164 | INFO | [38;5;214mtrain_any_predictions[Negative=86,266(76.2%) | Positive=26,984(23.8%)][0m
2026-08-15 21:35:41,164 | INFO | [38;5;214mval_any_targets[Negative=20,079(80.5%) | Positive=4,871(19.5%)][0m
2026-08-15 21:35:41,164 | INFO | [38;5;214mval_any_predictions[Negative=20,596(82.5%) | Positive=4,354(17.5%)][0m
2026-08-15 21:36:22,881 | INFO | fold=1 ep=037 train=36.2s val=5.4s [92mtrain_stg_loss=0.4072 train_rswa_loss=0.3574 train_rswa_head_loss(t/p/a)=0.1095/0.1125/0.1354[0m | [93mval_stg_f1=0.7358 val_stg_kappa=0.7246 val_rswa_head_loss(t/p/a)=0.0904/0.1196/0.1316 val_f1(t/p/a)=0.464/0.791/0.891 val_f1_macro=0.7153[0m
2026-08-15 21:36:22,881 | INFO | [92mtrain_stage_targets[W=106,916(16.7%) | N1=27,960(4.4%) | N2=216,034(33.8%) | N3=171,594(26.8%) | REM=117,270(18.3%)][0m
2026-08-15 21:36:22,881 | INFO | [92mtrain_stage_predictions[W=104,395(16.3%) | N1=19,675(3.1%) | N2=221,381(34.6%) | N3=169,532(26.5%) | REM=124,791(19.5%)][0m
2026-08-15 21:36:22,882 | INFO | [92mtrain_move_targets[Negative=91,536(78.1%) | Positive=25,734(21.9%)][0m
2026-08-15 21:36:22,882 | INFO | [92mtrain_move_predictions[Negative=91,971(78.4%) | Positive=25,299(21.6%)][0m
2026-08-15 21:36:22,882 | INFO | [93mval_stage_targets[W=22,890(14.7%) | N1=7,350(4.7%) | N2=64,039(41.0%) | N3=36,960(23.7%) | REM=24,949(16.0%)][0m
2026-08-15 21:36:22,882 | INFO | [93mval_stage_predictions[W=23,249(14.9%) | N1=5,692(3.6%) | N2=67,050(42.9%) | N3=34,210(21.9%) | REM=25,987(16.6%)][0m
2026-08-15 21:36:22,882 | INFO | [94mtrain_tonic_targets[Negative=116,140(99.0%) | Positive=1,130(1.0%)][0m
2026-08-15 21:36:22,882 | INFO | [94mtrain_tonic_predictions[Negative=111,836(95.4%) | Positive=5,434(4.6%)][0m
2026-08-15 21:36:22,882 | INFO | [94mval_tonic_targets[Negative=24,600(98.6%) | Positive=350(1.4%)][0m
2026-08-15 21:36:22,882 | INFO | [94mval_tonic_predictions[Negative=23,790(95.4%) | Positive=1,160(4.6%)][0m
2026-08-15 21:36:22,882 | INFO | [95mtrain_phasic_targets[Negative=102,890(87.7%) | Positive=14,380(12.3%)][0m
2026-08-15 21:36:22,882 | INFO | [95mtrain_phasic_predictions[Negative=96,229(82.1%) | Positive=21,041(17.9%)][0m
2026-08-15 21:36:22,883 | INFO | [95mval_phasic_targets[Negative=22,520(90.3%) | Positive=2,430(9.7%)][0m
2026-08-15 21:36:22,883 | INFO | [95mval_phasic_predictions[Negative=22,880(91.7%) | Positive=2,070(8.3%)][0m
2026-08-15 21:36:22,883 | INFO | [38;5;214mtrain_any_targets[Negative=91,536(78.1%) | Positive=25,734(21.9%)][0m
2026-08-15 21:36:22,883 | INFO | [38;5;214mtrain_any_predictions[Negative=92,388(78.8%) | Positive=24,882(21.2%)][0m
2026-08-15 21:36:22,883 | INFO | [38;5;214mval_any_targets[Negative=20,079(80.5%) | Positive=4,871(19.5%)][0m
2026-08-15 21:36:22,883 | INFO | [38;5;214mval_any_predictions[Negative=19,964(80.0%) | Positive=4,986(20.0%)][0m
2026-08-15 21:36:23,064 | INFO | Fold 1: novo melhor checkpoint na época 37, staging_f1_macro=0.7358
2026-08-15 21:37:04,552 | INFO | fold=1 ep=038 train=36.0s val=5.5s [92mtrain_stg_loss=0.3650 train_rswa_loss=0.3094 train_rswa_head_loss(t/p/a)=0.0828/0.1021/0.1245[0m | [93mval_stg_f1=0.7070 val_stg_kappa=0.6797 val_rswa_head_loss(t/p/a)=0.2257/0.1448/0.1569 val_f1(t/p/a)=0.505/0.759/0.870 val_f1_macro=0.7110[0m
2026-08-15 21:37:04,553 | INFO | [92mtrain_stage_targets[W=89,584(14.1%) | N1=29,868(4.7%) | N2=229,245(36.0%) | N3=171,587(26.9%) | REM=116,880(18.3%)][0m
2026-08-15 21:37:04,553 | INFO | [92mtrain_stage_predictions[W=90,207(14.2%) | N1=24,107(3.8%) | N2=236,732(37.2%) | N3=169,453(26.6%) | REM=116,665(18.3%)][0m
2026-08-15 21:37:04,553 | INFO | [92mtrain_move_targets[Negative=92,014(78.7%) | Positive=24,866(21.3%)][0m
2026-08-15 21:37:04,553 | INFO | [92mtrain_move_predictions[Negative=92,794(79.4%) | Positive=24,086(20.6%)][0m
2026-08-15 21:37:04,553 | INFO | [93mval_stage_targets[W=22,890(14.7%) | N1=7,350(4.7%) | N2=64,039(41.0%) | N3=36,960(23.7%) | REM=24,949(16.0%)][0m
2026-08-15 21:37:04,553 | INFO | [93mval_stage_predictions[W=22,399(14.3%) | N1=7,363(4.7%) | N2=63,313(40.5%) | N3=29,321(18.8%) | REM=33,792(21.6%)][0m
2026-08-15 21:37:04,553 | INFO | [94mtrain_tonic_targets[Negative=115,680(99.0%) | Positive=1,200(1.0%)][0m
2026-08-15 21:37:04,553 | INFO | [94mtrain_tonic_predictions[Negative=111,962(95.8%) | Positive=4,918(4.2%)][0m
2026-08-15 21:37:04,554 | INFO | [94mval_tonic_targets[Negative=24,600(98.6%) | Positive=350(1.4%)][0m
2026-08-15 21:37:04,554 | INFO | [94mval_tonic_predictions[Negative=24,190(97.0%) | Positive=760(3.0%)][0m
2026-08-15 21:37:04,554 | INFO | [95mtrain_phasic_targets[Negative=103,310(88.4%) | Positive=13,570(11.6%)][0m
2026-08-15 21:37:04,554 | INFO | [95mtrain_phasic_predictions[Negative=96,797(82.8%) | Positive=20,083(17.2%)][0m
2026-08-15 21:37:04,554 | INFO | [95mval_phasic_targets[Negative=22,520(90.3%) | Positive=2,430(9.7%)][0m
2026-08-15 21:37:04,554 | INFO | [95mval_phasic_predictions[Negative=22,980(92.1%) | Positive=1,970(7.9%)][0m
2026-08-15 21:37:04,554 | INFO | [38;5;214mtrain_any_targets[Negative=92,014(78.7%) | Positive=24,866(21.3%)][0m
2026-08-15 21:37:04,554 | INFO | [38;5;214mtrain_any_predictions[Negative=93,246(79.8%) | Positive=23,634(20.2%)][0m
2026-08-15 21:37:04,554 | INFO | [38;5;214mval_any_targets[Negative=20,079(80.5%) | Positive=4,871(19.5%)][0m
2026-08-15 21:37:04,554 | INFO | [38;5;214mval_any_predictions[Negative=20,584(82.5%) | Positive=4,366(17.5%)][0m
2026-08-15 21:37:47,351 | INFO | fold=1 ep=039 train=37.3s val=5.4s [92mtrain_stg_loss=0.4009 train_rswa_loss=0.3072 train_rswa_head_loss(t/p/a)=0.1013/0.0944/0.1115[0m | [93mval_stg_f1=0.6909 val_stg_kappa=0.6776 val_rswa_head_loss(t/p/a)=0.1266/0.1286/0.1400 val_f1(t/p/a)=0.565/0.791/0.878 val_f1_macro=0.7446[0m
2026-08-15 21:37:47,351 | INFO | [92mtrain_stage_targets[W=139,862(21.3%) | N1=33,618(5.1%) | N2=203,981(31.0%) | N3=166,413(25.3%) | REM=114,010(17.3%)][0m
2026-08-15 21:37:47,351 | INFO | [92mtrain_stage_predictions[W=132,227(20.1%) | N1=24,707(3.8%) | N2=218,769(33.3%) | N3=162,162(24.6%) | REM=120,019(18.2%)][0m
2026-08-15 21:37:47,351 | INFO | [92mtrain_move_targets[Negative=90,636(79.5%) | Positive=23,374(20.5%)][0m
2026-08-15 21:37:47,351 | INFO | [92mtrain_move_predictions[Negative=91,142(79.9%) | Positive=22,868(20.1%)][0m
2026-08-15 21:37:47,352 | INFO | [93mval_stage_targets[W=22,890(14.7%) | N1=7,350(4.7%) | N2=64,039(41.0%) | N3=36,960(23.7%) | REM=24,949(16.0%)][0m
2026-08-15 21:37:47,352 | INFO | [93mval_stage_predictions[W=27,770(17.8%) | N1=7,111(4.6%) | N2=58,044(37.2%) | N3=34,727(22.2%) | REM=28,536(18.3%)][0m
2026-08-15 21:37:47,352 | INFO | [94mtrain_tonic_targets[Negative=113,110(99.2%) | Positive=900(0.8%)][0m
2026-08-15 21:37:47,352 | INFO | [94mtrain_tonic_predictions[Negative=108,937(95.6%) | Positive=5,073(4.4%)][0m
2026-08-15 21:37:47,352 | INFO | [94mval_tonic_targets[Negative=24,600(98.6%) | Positive=350(1.4%)][0m
2026-08-15 21:37:47,352 | INFO | [94mval_tonic_predictions[Negative=24,060(96.4%) | Positive=890(3.6%)][0m
2026-08-15 21:37:47,352 | INFO | [95mtrain_phasic_targets[Negative=100,790(88.4%) | Positive=13,220(11.6%)][0m
2026-08-15 21:37:47,352 | INFO | [95mtrain_phasic_predictions[Negative=94,569(82.9%) | Positive=19,441(17.1%)][0m
2026-08-15 21:37:47,352 | INFO | [95mval_phasic_targets[Negative=22,520(90.3%) | Positive=2,430(9.7%)][0m
2026-08-15 21:37:47,353 | INFO | [95mval_phasic_predictions[Negative=22,780(91.3%) | Positive=2,170(8.7%)][0m
2026-08-15 21:37:47,353 | INFO | [38;5;214mtrain_any_targets[Negative=90,636(79.5%) | Positive=23,374(20.5%)][0m
2026-08-15 21:37:47,353 | INFO | [38;5;214mtrain_any_predictions[Negative=91,493(80.2%) | Positive=22,517(19.8%)][0m
2026-08-15 21:37:47,353 | INFO | [38;5;214mval_any_targets[Negative=20,079(80.5%) | Positive=4,871(19.5%)][0m
2026-08-15 21:37:47,353 | INFO | [38;5;214mval_any_predictions[Negative=20,111(80.6%) | Positive=4,839(19.4%)][0m
2026-08-15 21:38:30,254 | INFO | fold=1 ep=040 train=37.2s val=5.5s [92mtrain_stg_loss=0.3947 train_rswa_loss=0.3287 train_rswa_head_loss(t/p/a)=0.0836/0.1108/0.1344[0m | [93mval_stg_f1=0.6799 val_stg_kappa=0.6763 val_rswa_head_loss(t/p/a)=0.0862/0.1167/0.1325 val_f1(t/p/a)=0.493/0.819/0.888 val_f1_macro=0.7334[0m
2026-08-15 21:38:30,254 | INFO | [92mtrain_stage_targets[W=103,508(15.7%) | N1=29,760(4.5%) | N2=236,018(35.9%) | N3=170,138(25.9%) | REM=118,670(18.0%)][0m
2026-08-15 21:38:30,254 | INFO | [92mtrain_stage_predictions[W=102,738(15.6%) | N1=24,488(3.7%) | N2=252,075(38.3%) | N3=158,309(24.1%) | REM=120,484(18.3%)][0m
2026-08-15 21:38:30,254 | INFO | [92mtrain_move_targets[Negative=92,372(77.8%) | Positive=26,298(22.2%)][0m
2026-08-15 21:38:30,254 | INFO | [92mtrain_move_predictions[Negative=93,586(78.9%) | Positive=25,084(21.1%)][0m
2026-08-15 21:38:30,255 | INFO | [93mval_stage_targets[W=22,890(14.7%) | N1=7,350(4.7%) | N2=64,039(41.0%) | N3=36,960(23.7%) | REM=24,949(16.0%)][0m
2026-08-15 21:38:30,255 | INFO | [93mval_stage_predictions[W=31,045(19.9%) | N1=4,705(3.0%) | N2=57,277(36.7%) | N3=33,294(21.3%) | REM=29,867(19.1%)][0m
2026-08-15 21:38:30,255 | INFO | [94mtrain_tonic_targets[Negative=117,630(99.1%) | Positive=1,040(0.9%)][0m
2026-08-15 21:38:30,255 | INFO | [94mtrain_tonic_predictions[Negative=114,378(96.4%) | Positive=4,292(3.6%)][0m
2026-08-15 21:38:30,255 | INFO | [94mval_tonic_targets[Negative=24,600(98.6%) | Positive=350(1.4%)][0m
2026-08-15 21:38:30,255 | INFO | [94mval_tonic_predictions[Negative=23,880(95.7%) | Positive=1,070(4.3%)][0m
2026-08-15 21:38:30,255 | INFO | [95mtrain_phasic_targets[Negative=103,970(87.6%) | Positive=14,700(12.4%)][0m
2026-08-15 21:38:30,255 | INFO | [95mtrain_phasic_predictions[Negative=97,366(82.0%) | Positive=21,304(18.0%)][0m
2026-08-15 21:38:30,255 | INFO | [95mval_phasic_targets[Negative=22,520(90.3%) | Positive=2,430(9.7%)][0m
2026-08-15 21:38:30,255 | INFO | [95mval_phasic_predictions[Negative=22,620(90.7%) | Positive=2,330(9.3%)][0m
2026-08-15 21:38:30,256 | INFO | [38;5;214mtrain_any_targets[Negative=92,372(77.8%) | Positive=26,298(22.2%)][0m
2026-08-15 21:38:30,256 | INFO | [38;5;214mtrain_any_predictions[Negative=94,102(79.3%) | Positive=24,568(20.7%)][0m
2026-08-15 21:38:30,256 | INFO | [38;5;214mval_any_targets[Negative=20,079(80.5%) | Positive=4,871(19.5%)][0m
2026-08-15 21:38:30,256 | INFO | [38;5;214mval_any_predictions[Negative=19,736(79.1%) | Positive=5,214(20.9%)][0m
2026-08-15 21:39:12,263 | INFO | fold=1 ep=041 train=36.4s val=5.5s [92mtrain_stg_loss=0.3930 train_rswa_loss=0.3382 train_rswa_head_loss(t/p/a)=0.0945/0.1109/0.1327[0m | [93mval_stg_f1=0.6914 val_stg_kappa=0.6812 val_rswa_head_loss(t/p/a)=0.3730/0.1394/0.1494 val_f1(t/p/a)=0.532/0.778/0.878 val_f1_macro=0.7293[0m
2026-08-15 21:39:12,263 | INFO | [92mtrain_stage_targets[W=108,018(16.7%) | N1=32,639(5.1%) | N2=214,682(33.3%) | N3=171,035(26.5%) | REM=119,160(18.5%)][0m
2026-08-15 21:39:12,263 | INFO | [92mtrain_stage_predictions[W=110,205(17.1%) | N1=24,524(3.8%) | N2=218,997(33.9%) | N3=172,741(26.8%) | REM=119,067(18.4%)][0m
2026-08-15 21:39:12,263 | INFO | [92mtrain_move_targets[Negative=91,011(76.4%) | Positive=28,149(23.6%)][0m
2026-08-15 21:39:12,263 | INFO | [92mtrain_move_predictions[Negative=91,743(77.0%) | Positive=27,417(23.0%)][0m
2026-08-15 21:39:12,264 | INFO | [93mval_stage_targets[W=22,890(14.7%) | N1=7,350(4.7%) | N2=64,039(41.0%) | N3=36,960(23.7%) | REM=24,949(16.0%)][0m
2026-08-15 21:39:12,264 | INFO | [93mval_stage_predictions[W=26,989(17.3%) | N1=5,648(3.6%) | N2=58,999(37.8%) | N3=32,166(20.6%) | REM=32,386(20.7%)][0m
2026-08-15 21:39:12,264 | INFO | [94mtrain_tonic_targets[Negative=117,870(98.9%) | Positive=1,290(1.1%)][0m
2026-08-15 21:39:12,264 | INFO | [94mtrain_tonic_predictions[Negative=113,408(95.2%) | Positive=5,752(4.8%)][0m
2026-08-15 21:39:12,264 | INFO | [94mval_tonic_targets[Negative=24,600(98.6%) | Positive=350(1.4%)][0m
2026-08-15 21:39:12,264 | INFO | [94mval_tonic_predictions[Negative=24,360(97.6%) | Positive=590(2.4%)][0m
2026-08-15 21:39:12,264 | INFO | [95mtrain_phasic_targets[Negative=102,620(86.1%) | Positive=16,540(13.9%)][0m
2026-08-15 21:39:12,264 | INFO | [95mtrain_phasic_predictions[Negative=96,536(81.0%) | Positive=22,624(19.0%)][0m
2026-08-15 21:39:12,264 | INFO | [95mval_phasic_targets[Negative=22,520(90.3%) | Positive=2,430(9.7%)][0m
2026-08-15 21:39:12,264 | INFO | [95mval_phasic_predictions[Negative=22,780(91.3%) | Positive=2,170(8.7%)][0m
2026-08-15 21:39:12,265 | INFO | [38;5;214mtrain_any_targets[Negative=91,011(76.4%) | Positive=28,149(23.6%)][0m
2026-08-15 21:39:12,265 | INFO | [38;5;214mtrain_any_predictions[Negative=92,124(77.3%) | Positive=27,036(22.7%)][0m
2026-08-15 21:39:12,265 | INFO | [38;5;214mval_any_targets[Negative=20,079(80.5%) | Positive=4,871(19.5%)][0m
2026-08-15 21:39:12,265 | INFO | [38;5;214mval_any_predictions[Negative=20,419(81.8%) | Positive=4,531(18.2%)][0m
2026-08-15 21:39:53,949 | INFO | fold=1 ep=042 train=36.0s val=5.6s [92mtrain_stg_loss=0.3597 train_rswa_loss=0.3475 train_rswa_head_loss(t/p/a)=0.0908/0.1162/0.1405[0m | [93mval_stg_f1=0.6843 val_stg_kappa=0.6710 val_rswa_head_loss(t/p/a)=0.1160/0.1131/0.1302 val_f1(t/p/a)=0.588/0.831/0.887 val_f1_macro=0.7687[0m
2026-08-15 21:39:53,949 | INFO | [92mtrain_stage_targets[W=108,274(17.0%) | N1=28,560(4.5%) | N2=222,725(35.0%) | N3=157,245(24.7%) | REM=120,010(18.8%)][0m
2026-08-15 21:39:53,949 | INFO | [92mtrain_stage_predictions[W=109,116(17.1%) | N1=21,282(3.3%) | N2=231,729(36.4%) | N3=154,646(24.3%) | REM=120,041(18.9%)][0m
2026-08-15 21:39:53,949 | INFO | [92mtrain_move_targets[Negative=94,883(79.1%) | Positive=25,127(20.9%)][0m
2026-08-15 21:39:53,949 | INFO | [92mtrain_move_predictions[Negative=95,406(79.5%) | Positive=24,604(20.5%)][0m
2026-08-15 21:39:53,949 | INFO | [93mval_stage_targets[W=22,890(14.7%) | N1=7,350(4.7%) | N2=64,039(41.0%) | N3=36,960(23.7%) | REM=24,949(16.0%)][0m
2026-08-15 21:39:53,950 | INFO | [93mval_stage_predictions[W=28,900(18.5%) | N1=7,577(4.9%) | N2=55,741(35.7%) | N3=31,468(20.1%) | REM=32,502(20.8%)][0m
2026-08-15 21:39:53,950 | INFO | [94mtrain_tonic_targets[Negative=118,730(98.9%) | Positive=1,280(1.1%)][0m
2026-08-15 21:39:53,950 | INFO | [94mtrain_tonic_predictions[Negative=114,806(95.7%) | Positive=5,204(4.3%)][0m
2026-08-15 21:39:53,950 | INFO | [94mval_tonic_targets[Negative=24,600(98.6%) | Positive=350(1.4%)][0m
2026-08-15 21:39:53,950 | INFO | [94mval_tonic_predictions[Negative=24,110(96.6%) | Positive=840(3.4%)][0m
2026-08-15 21:39:53,950 | INFO | [95mtrain_phasic_targets[Negative=105,890(88.2%) | Positive=14,120(11.8%)][0m
2026-08-15 21:39:53,950 | INFO | [95mtrain_phasic_predictions[Negative=100,067(83.4%) | Positive=19,943(16.6%)][0m
2026-08-15 21:39:53,950 | INFO | [95mval_phasic_targets[Negative=22,520(90.3%) | Positive=2,430(9.7%)][0m
2026-08-15 21:39:53,950 | INFO | [95mval_phasic_predictions[Negative=22,640(90.7%) | Positive=2,310(9.3%)][0m
2026-08-15 21:39:53,950 | INFO | [38;5;214mtrain_any_targets[Negative=94,883(79.1%) | Positive=25,127(20.9%)][0m
2026-08-15 21:39:53,950 | INFO | [38;5;214mtrain_any_predictions[Negative=95,811(79.8%) | Positive=24,199(20.2%)][0m
2026-08-15 21:39:53,951 | INFO | [38;5;214mval_any_targets[Negative=20,079(80.5%) | Positive=4,871(19.5%)][0m
2026-08-15 21:39:53,951 | INFO | [38;5;214mval_any_predictions[Negative=19,950(80.0%) | Positive=5,000(20.0%)][0m
2026-08-15 21:40:36,535 | INFO | fold=1 ep=043 train=36.9s val=5.5s [92mtrain_stg_loss=0.3515 train_rswa_loss=0.2980 train_rswa_head_loss(t/p/a)=0.0778/0.1005/0.1197[0m | [93mval_stg_f1=0.6308 val_stg_kappa=0.5985 val_rswa_head_loss(t/p/a)=0.0937/0.1166/0.1210 val_f1(t/p/a)=0.476/0.799/0.894 val_f1_macro=0.7232[0m
2026-08-15 21:40:36,535 | INFO | [92mtrain_stage_targets[W=109,245(16.7%) | N1=32,469(5.0%) | N2=209,254(32.1%) | N3=186,176(28.5%) | REM=115,330(17.7%)][0m
2026-08-15 21:40:36,535 | INFO | [92mtrain_stage_predictions[W=108,819(16.7%) | N1=22,769(3.5%) | N2=218,170(33.4%) | N3=184,940(28.3%) | REM=117,776(18.1%)][0m
2026-08-15 21:40:36,535 | INFO | [92mtrain_move_targets[Negative=90,259(78.3%) | Positive=25,071(21.7%)][0m
2026-08-15 21:40:36,535 | INFO | [92mtrain_move_predictions[Negative=91,071(79.0%) | Positive=24,259(21.0%)][0m
2026-08-15 21:40:36,535 | INFO | [93mval_stage_targets[W=22,890(14.7%) | N1=7,350(4.7%) | N2=64,039(41.0%) | N3=36,960(23.7%) | REM=24,949(16.0%)][0m
2026-08-15 21:40:36,536 | INFO | [93mval_stage_predictions[W=37,391(23.9%) | N1=10,976(7.0%) | N2=58,705(37.6%) | N3=24,235(15.5%) | REM=24,881(15.9%)][0m
2026-08-15 21:40:36,536 | INFO | [94mtrain_tonic_targets[Negative=114,050(98.9%) | Positive=1,280(1.1%)][0m
2026-08-15 21:40:36,536 | INFO | [94mtrain_tonic_predictions[Negative=110,769(96.0%) | Positive=4,561(4.0%)][0m
2026-08-15 21:40:36,536 | INFO | [94mval_tonic_targets[Negative=24,600(98.6%) | Positive=350(1.4%)][0m
2026-08-15 21:40:36,536 | INFO | [94mval_tonic_predictions[Negative=23,830(95.5%) | Positive=1,120(4.5%)][0m
2026-08-15 21:40:36,536 | INFO | [95mtrain_phasic_targets[Negative=101,490(88.0%) | Positive=13,840(12.0%)][0m
2026-08-15 21:40:36,536 | INFO | [95mtrain_phasic_predictions[Negative=95,436(82.8%) | Positive=19,894(17.2%)][0m
2026-08-15 21:40:36,536 | INFO | [95mval_phasic_targets[Negative=22,520(90.3%) | Positive=2,430(9.7%)][0m
2026-08-15 21:40:36,536 | INFO | [95mval_phasic_predictions[Negative=22,850(91.6%) | Positive=2,100(8.4%)][0m
2026-08-15 21:40:36,536 | INFO | [38;5;214mtrain_any_targets[Negative=90,259(78.3%) | Positive=25,071(21.7%)][0m
2026-08-15 21:40:36,536 | INFO | [38;5;214mtrain_any_predictions[Negative=91,404(79.3%) | Positive=23,926(20.7%)][0m
2026-08-15 21:40:36,536 | INFO | [38;5;214mval_any_targets[Negative=20,079(80.5%) | Positive=4,871(19.5%)][0m
2026-08-15 21:40:36,537 | INFO | [38;5;214mval_any_predictions[Negative=19,947(79.9%) | Positive=5,003(20.1%)][0m
2026-08-15 21:41:17,911 | INFO | fold=1 ep=044 train=35.7s val=5.6s [92mtrain_stg_loss=0.3502 train_rswa_loss=0.2741 train_rswa_head_loss(t/p/a)=0.0766/0.0907/0.1068[0m | [93mval_stg_f1=0.7168 val_stg_kappa=0.6988 val_rswa_head_loss(t/p/a)=0.0958/0.1113/0.1281 val_f1(t/p/a)=0.522/0.817/0.891 val_f1_macro=0.7436[0m
2026-08-15 21:41:17,911 | INFO | [92mtrain_stage_targets[W=86,556(13.7%) | N1=27,646(4.4%) | N2=227,886(36.2%) | N3=163,626(26.0%) | REM=124,530(19.8%)][0m
2026-08-15 21:41:17,911 | INFO | [92mtrain_stage_predictions[W=89,404(14.2%) | N1=18,150(2.9%) | N2=235,788(37.4%) | N3=162,986(25.9%) | REM=123,916(19.7%)][0m
2026-08-15 21:41:17,911 | INFO | [92mtrain_move_targets[Negative=97,831(78.6%) | Positive=26,699(21.4%)][0m
2026-08-15 21:41:17,911 | INFO | [92mtrain_move_predictions[Negative=98,801(79.3%) | Positive=25,729(20.7%)][0m
2026-08-15 21:41:17,912 | INFO | [93mval_stage_targets[W=22,890(14.7%) | N1=7,350(4.7%) | N2=64,039(41.0%) | N3=36,960(23.7%) | REM=24,949(16.0%)][0m
2026-08-15 21:41:17,912 | INFO | [93mval_stage_predictions[W=22,366(14.3%) | N1=3,342(2.1%) | N2=58,247(37.3%) | N3=43,544(27.9%) | REM=28,689(18.4%)][0m
2026-08-15 21:41:17,912 | INFO | [94mtrain_tonic_targets[Negative=123,350(99.1%) | Positive=1,180(0.9%)][0m
2026-08-15 21:41:17,912 | INFO | [94mtrain_tonic_predictions[Negative=119,742(96.2%) | Positive=4,788(3.8%)][0m
2026-08-15 21:41:17,912 | INFO | [94mval_tonic_targets[Negative=24,600(98.6%) | Positive=350(1.4%)][0m
2026-08-15 21:41:17,912 | INFO | [94mval_tonic_predictions[Negative=23,960(96.0%) | Positive=990(4.0%)][0m
2026-08-15 21:41:17,912 | INFO | [95mtrain_phasic_targets[Negative=109,520(87.9%) | Positive=15,010(12.1%)][0m
2026-08-15 21:41:17,912 | INFO | [95mtrain_phasic_predictions[Negative=103,127(82.8%) | Positive=21,403(17.2%)][0m
2026-08-15 21:41:17,912 | INFO | [95mval_phasic_targets[Negative=22,520(90.3%) | Positive=2,430(9.7%)][0m
2026-08-15 21:41:17,912 | INFO | [95mval_phasic_predictions[Negative=22,680(90.9%) | Positive=2,270(9.1%)][0m
2026-08-15 21:41:17,912 | INFO | [38;5;214mtrain_any_targets[Negative=97,831(78.6%) | Positive=26,699(21.4%)][0m
2026-08-15 21:41:17,912 | INFO | [38;5;214mtrain_any_predictions[Negative=99,201(79.7%) | Positive=25,329(20.3%)][0m
2026-08-15 21:41:17,913 | INFO | [38;5;214mval_any_targets[Negative=20,079(80.5%) | Positive=4,871(19.5%)][0m
2026-08-15 21:41:17,913 | INFO | [38;5;214mval_any_predictions[Negative=19,613(78.6%) | Positive=5,337(21.4%)][0m
2026-08-15 21:41:58,946 | INFO | fold=1 ep=045 train=35.3s val=5.6s [92mtrain_stg_loss=0.4158 train_rswa_loss=0.3096 train_rswa_head_loss(t/p/a)=0.0870/0.1012/0.1213[0m | [93mval_stg_f1=0.7417 val_stg_kappa=0.7250 val_rswa_head_loss(t/p/a)=0.0818/0.1086/0.1349 val_f1(t/p/a)=0.500/0.834/0.870 val_f1_macro=0.7348[0m
2026-08-15 21:41:58,946 | INFO | [92mtrain_stage_targets[W=98,320(15.6%) | N1=29,757(4.7%) | N2=218,074(34.7%) | N3=169,373(26.9%) | REM=113,690(18.1%)][0m
2026-08-15 21:41:58,946 | INFO | [92mtrain_stage_predictions[W=101,711(16.2%) | N1=24,266(3.9%) | N2=228,655(36.3%) | N3=163,437(26.0%) | REM=111,145(17.7%)][0m
2026-08-15 21:41:58,946 | INFO | [92mtrain_move_targets[Negative=89,587(78.8%) | Positive=24,103(21.2%)][0m
2026-08-15 21:41:58,946 | INFO | [92mtrain_move_predictions[Negative=90,337(79.5%) | Positive=23,353(20.5%)][0m
2026-08-15 21:41:58,947 | INFO | [93mval_stage_targets[W=22,890(14.7%) | N1=7,350(4.7%) | N2=64,039(41.0%) | N3=36,960(23.7%) | REM=24,949(16.0%)][0m
2026-08-15 21:41:58,947 | INFO | [93mval_stage_predictions[W=19,111(12.2%) | N1=5,568(3.6%) | N2=67,604(43.3%) | N3=36,793(23.6%) | REM=27,112(17.4%)][0m
2026-08-15 21:41:58,947 | INFO | [94mtrain_tonic_targets[Negative=112,290(98.8%) | Positive=1,400(1.2%)][0m
2026-08-15 21:41:58,947 | INFO | [94mtrain_tonic_predictions[Negative=109,179(96.0%) | Positive=4,511(4.0%)][0m
2026-08-15 21:41:58,947 | INFO | [94mval_tonic_targets[Negative=24,600(98.6%) | Positive=350(1.4%)][0m
2026-08-15 21:41:58,947 | INFO | [94mval_tonic_predictions[Negative=23,900(95.8%) | Positive=1,050(4.2%)][0m
2026-08-15 21:41:58,947 | INFO | [95mtrain_phasic_targets[Negative=100,670(88.5%) | Positive=13,020(11.5%)][0m
2026-08-15 21:41:58,947 | INFO | [95mtrain_phasic_predictions[Negative=94,413(83.0%) | Positive=19,277(17.0%)][0m
2026-08-15 21:41:58,947 | INFO | [95mval_phasic_targets[Negative=22,520(90.3%) | Positive=2,430(9.7%)][0m
2026-08-15 21:41:58,948 | INFO | [95mval_phasic_predictions[Negative=22,680(90.9%) | Positive=2,270(9.1%)][0m
2026-08-15 21:41:58,948 | INFO | [38;5;214mtrain_any_targets[Negative=89,587(78.8%) | Positive=24,103(21.2%)][0m
2026-08-15 21:41:58,948 | INFO | [38;5;214mtrain_any_predictions[Negative=90,682(79.8%) | Positive=23,008(20.2%)][0m
2026-08-15 21:41:58,948 | INFO | [38;5;214mval_any_targets[Negative=20,079(80.5%) | Positive=4,871(19.5%)][0m
2026-08-15 21:41:58,948 | INFO | [38;5;214mval_any_predictions[Negative=19,323(77.4%) | Positive=5,627(22.6%)][0m
2026-08-15 21:41:59,130 | INFO | Fold 1: novo melhor checkpoint na época 45, staging_f1_macro=0.7417
2026-08-15 21:42:40,567 | INFO | fold=1 ep=046 train=35.9s val=5.5s [92mtrain_stg_loss=0.3452 train_rswa_loss=0.2866 train_rswa_head_loss(t/p/a)=0.0765/0.0950/0.1151[0m | [93mval_stg_f1=0.7041 val_stg_kappa=0.6937 val_rswa_head_loss(t/p/a)=0.1119/0.1136/0.1285 val_f1(t/p/a)=0.574/0.824/0.891 val_f1_macro=0.7629[0m
2026-08-15 21:42:40,567 | INFO | [92mtrain_stage_targets[W=103,758(16.4%) | N1=24,568(3.9%) | N2=225,451(35.6%) | N3=159,877(25.2%) | REM=120,330(19.0%)][0m
2026-08-15 21:42:40,567 | INFO | [92mtrain_stage_predictions[W=104,318(16.5%) | N1=18,329(2.9%) | N2=234,510(37.0%) | N3=156,870(24.7%) | REM=119,957(18.9%)][0m
2026-08-15 21:42:40,567 | INFO | [92mtrain_move_targets[Negative=96,871(80.5%) | Positive=23,459(19.5%)][0m
2026-08-15 21:42:40,567 | INFO | [92mtrain_move_predictions[Negative=97,296(80.9%) | Positive=23,034(19.1%)][0m
2026-08-15 21:42:40,568 | INFO | [93mval_stage_targets[W=22,890(14.7%) | N1=7,350(4.7%) | N2=64,039(41.0%) | N3=36,960(23.7%) | REM=24,949(16.0%)][0m
2026-08-15 21:42:40,568 | INFO | [93mval_stage_predictions[W=24,518(15.7%) | N1=3,856(2.5%) | N2=59,288(38.0%) | N3=34,572(22.1%) | REM=33,954(21.7%)][0m
2026-08-15 21:42:40,568 | INFO | [94mtrain_tonic_targets[Negative=119,000(98.9%) | Positive=1,330(1.1%)][0m
2026-08-15 21:42:40,568 | INFO | [94mtrain_tonic_predictions[Negative=115,917(96.3%) | Positive=4,413(3.7%)][0m
2026-08-15 21:42:40,568 | INFO | [94mval_tonic_targets[Negative=24,600(98.6%) | Positive=350(1.4%)][0m
2026-08-15 21:42:40,568 | INFO | [94mval_tonic_predictions[Negative=24,080(96.5%) | Positive=870(3.5%)][0m
2026-08-15 21:42:40,568 | INFO | [95mtrain_phasic_targets[Negative=108,420(90.1%) | Positive=11,910(9.9%)][0m
2026-08-15 21:42:40,568 | INFO | [95mtrain_phasic_predictions[Negative=101,563(84.4%) | Positive=18,767(15.6%)][0m
2026-08-15 21:42:40,568 | INFO | [95mval_phasic_targets[Negative=22,520(90.3%) | Positive=2,430(9.7%)][0m
2026-08-15 21:42:40,568 | INFO | [95mval_phasic_predictions[Negative=22,840(91.5%) | Positive=2,110(8.5%)][0m
2026-08-15 21:42:40,568 | INFO | [38;5;214mtrain_any_targets[Negative=96,871(80.5%) | Positive=23,459(19.5%)][0m
2026-08-15 21:42:40,569 | INFO | [38;5;214mtrain_any_predictions[Negative=97,693(81.2%) | Positive=22,637(18.8%)][0m
2026-08-15 21:42:40,569 | INFO | [38;5;214mval_any_targets[Negative=20,079(80.5%) | Positive=4,871(19.5%)][0m
2026-08-15 21:42:40,569 | INFO | [38;5;214mval_any_predictions[Negative=20,223(81.1%) | Positive=4,727(18.9%)][0m
2026-08-15 21:43:23,462 | INFO | fold=1 ep=047 train=37.3s val=5.5s [92mtrain_stg_loss=0.3332 train_rswa_loss=0.2844 train_rswa_head_loss(t/p/a)=0.0692/0.0981/0.1171[0m | [93mval_stg_f1=0.7151 val_stg_kappa=0.7143 val_rswa_head_loss(t/p/a)=0.0859/0.1110/0.1262 val_f1(t/p/a)=0.547/0.823/0.892 val_f1_macro=0.7537[0m
2026-08-15 21:43:23,463 | INFO | [92mtrain_stage_targets[W=114,717(17.3%) | N1=24,337(3.7%) | N2=233,287(35.3%) | N3=165,943(25.1%) | REM=123,320(18.6%)][0m
2026-08-15 21:43:23,463 | INFO | [92mtrain_stage_predictions[W=115,713(17.5%) | N1=12,428(1.9%) | N2=246,409(37.2%) | N3=161,301(24.4%) | REM=125,753(19.0%)][0m
2026-08-15 21:43:23,463 | INFO | [92mtrain_move_targets[Negative=95,497(77.4%) | Positive=27,823(22.6%)][0m
2026-08-15 21:43:23,463 | INFO | [92mtrain_move_predictions[Negative=96,246(78.0%) | Positive=27,074(22.0%)][0m
2026-08-15 21:43:23,463 | INFO | [93mval_stage_targets[W=22,890(14.7%) | N1=7,350(4.7%) | N2=64,039(41.0%) | N3=36,960(23.7%) | REM=24,949(16.0%)][0m
2026-08-15 21:43:23,463 | INFO | [93mval_stage_predictions[W=27,305(17.5%) | N1=3,201(2.0%) | N2=55,959(35.8%) | N3=43,740(28.0%) | REM=25,983(16.6%)][0m
2026-08-15 21:43:23,463 | INFO | [94mtrain_tonic_targets[Negative=121,250(98.3%) | Positive=2,070(1.7%)][0m
2026-08-15 21:43:23,463 | INFO | [94mtrain_tonic_predictions[Negative=117,880(95.6%) | Positive=5,440(4.4%)][0m
2026-08-15 21:43:23,463 | INFO | [94mval_tonic_targets[Negative=24,600(98.6%) | Positive=350(1.4%)][0m
2026-08-15 21:43:23,464 | INFO | [94mval_tonic_predictions[Negative=24,020(96.3%) | Positive=930(3.7%)][0m
2026-08-15 21:43:23,464 | INFO | [95mtrain_phasic_targets[Negative=108,320(87.8%) | Positive=15,000(12.2%)][0m
2026-08-15 21:43:23,464 | INFO | [95mtrain_phasic_predictions[Negative=101,782(82.5%) | Positive=21,538(17.5%)][0m
2026-08-15 21:43:23,464 | INFO | [95mval_phasic_targets[Negative=22,520(90.3%) | Positive=2,430(9.7%)][0m
2026-08-15 21:43:23,464 | INFO | [95mval_phasic_predictions[Negative=22,760(91.2%) | Positive=2,190(8.8%)][0m
2026-08-15 21:43:23,464 | INFO | [38;5;214mtrain_any_targets[Negative=95,497(77.4%) | Positive=27,823(22.6%)][0m
2026-08-15 21:43:23,464 | INFO | [38;5;214mtrain_any_predictions[Negative=96,654(78.4%) | Positive=26,666(21.6%)][0m
2026-08-15 21:43:23,464 | INFO | [38;5;214mval_any_targets[Negative=20,079(80.5%) | Positive=4,871(19.5%)][0m
2026-08-15 21:43:23,464 | INFO | [38;5;214mval_any_predictions[Negative=19,964(80.0%) | Positive=4,986(20.0%)][0m
2026-08-15 21:44:05,834 | INFO | fold=1 ep=048 train=36.7s val=5.5s [92mtrain_stg_loss=0.3355 train_rswa_loss=0.2740 train_rswa_head_loss(t/p/a)=0.0668/0.0945/0.1127[0m | [93mval_stg_f1=0.6802 val_stg_kappa=0.6637 val_rswa_head_loss(t/p/a)=0.0938/0.1177/0.1355 val_f1(t/p/a)=0.519/0.813/0.890 val_f1_macro=0.7403[0m
2026-08-15 21:44:05,834 | INFO | [92mtrain_stage_targets[W=110,136(17.0%) | N1=33,108(5.1%) | N2=221,803(34.2%) | N3=161,557(24.9%) | REM=122,460(18.9%)][0m
2026-08-15 21:44:05,835 | INFO | [92mtrain_stage_predictions[W=111,026(17.1%) | N1=24,100(3.7%) | N2=232,117(35.8%) | N3=157,814(24.3%) | REM=124,007(19.1%)][0m
2026-08-15 21:44:05,835 | INFO | [92mtrain_move_targets[Negative=96,327(78.7%) | Positive=26,133(21.3%)][0m
2026-08-15 21:44:05,835 | INFO | [92mtrain_move_predictions[Negative=96,965(79.2%) | Positive=25,495(20.8%)][0m
2026-08-15 21:44:05,835 | INFO | [93mval_stage_targets[W=22,890(14.7%) | N1=7,350(4.7%) | N2=64,039(41.0%) | N3=36,960(23.7%) | REM=24,949(16.0%)][0m
2026-08-15 21:44:05,835 | INFO | [93mval_stage_predictions[W=33,736(21.6%) | N1=8,277(5.3%) | N2=57,902(37.1%) | N3=30,725(19.7%) | REM=25,548(16.4%)][0m
2026-08-15 21:44:05,836 | INFO | [94mtrain_tonic_targets[Negative=121,290(99.0%) | Positive=1,170(1.0%)][0m
2026-08-15 21:44:05,836 | INFO | [94mtrain_tonic_predictions[Negative=118,025(96.4%) | Positive=4,435(3.6%)][0m
2026-08-15 21:44:05,836 | INFO | [94mval_tonic_targets[Negative=24,600(98.6%) | Positive=350(1.4%)][0m
2026-08-15 21:44:05,836 | INFO | [94mval_tonic_predictions[Negative=23,950(96.0%) | Positive=1,000(4.0%)][0m
2026-08-15 21:44:05,836 | INFO | [95mtrain_phasic_targets[Negative=107,490(87.8%) | Positive=14,970(12.2%)][0m
2026-08-15 21:44:05,837 | INFO | [95mtrain_phasic_predictions[Negative=101,453(82.8%) | Positive=21,007(17.2%)][0m
2026-08-15 21:44:05,837 | INFO | [95mval_phasic_targets[Negative=22,520(90.3%) | Positive=2,430(9.7%)][0m
2026-08-15 21:44:05,837 | INFO | [95mval_phasic_predictions[Negative=22,950(92.0%) | Positive=2,000(8.0%)][0m
2026-08-15 21:44:05,837 | INFO | [38;5;214mtrain_any_targets[Negative=96,327(78.7%) | Positive=26,133(21.3%)][0m
2026-08-15 21:44:05,837 | INFO | [38;5;214mtrain_any_predictions[Negative=97,319(79.5%) | Positive=25,141(20.5%)][0m
2026-08-15 21:44:05,838 | INFO | [38;5;214mval_any_targets[Negative=20,079(80.5%) | Positive=4,871(19.5%)][0m
2026-08-15 21:44:05,838 | INFO | [38;5;214mval_any_predictions[Negative=20,258(81.2%) | Positive=4,692(18.8%)][0m
2026-08-15 21:44:48,410 | INFO | fold=1 ep=049 train=36.9s val=5.5s [92mtrain_stg_loss=0.3748 train_rswa_loss=0.3002 train_rswa_head_loss(t/p/a)=0.0752/0.1001/0.1248[0m | [93mval_stg_f1=0.7206 val_stg_kappa=0.7150 val_rswa_head_loss(t/p/a)=0.1628/0.1183/0.1290 val_f1(t/p/a)=0.547/0.814/0.890 val_f1_macro=0.7504[0m
2026-08-15 21:44:48,410 | INFO | [92mtrain_stage_targets[W=103,296(15.8%) | N1=31,227(4.8%) | N2=231,913(35.5%) | N3=169,018(25.9%) | REM=117,620(18.0%)][0m
2026-08-15 21:44:48,411 | INFO | [92mtrain_stage_predictions[W=103,448(15.8%) | N1=25,540(3.9%) | N2=245,967(37.7%) | N3=160,559(24.6%) | REM=117,560(18.0%)][0m
2026-08-15 21:44:48,411 | INFO | [92mtrain_move_targets[Negative=91,957(78.2%) | Positive=25,663(21.8%)][0m
2026-08-15 21:44:48,411 | INFO | [92mtrain_move_predictions[Negative=93,609(79.6%) | Positive=24,011(20.4%)][0m
2026-08-15 21:44:48,411 | INFO | [93mval_stage_targets[W=22,890(14.7%) | N1=7,350(4.7%) | N2=64,039(41.0%) | N3=36,960(23.7%) | REM=24,949(16.0%)][0m
2026-08-15 21:44:48,411 | INFO | [93mval_stage_predictions[W=26,573(17.0%) | N1=3,799(2.4%) | N2=59,247(37.9%) | N3=39,241(25.1%) | REM=27,328(17.5%)][0m
2026-08-15 21:44:48,411 | INFO | [94mtrain_tonic_targets[Negative=116,520(99.1%) | Positive=1,100(0.9%)][0m
2026-08-15 21:44:48,411 | INFO | [94mtrain_tonic_predictions[Negative=113,456(96.5%) | Positive=4,164(3.5%)][0m
2026-08-15 21:44:48,411 | INFO | [94mval_tonic_targets[Negative=24,600(98.6%) | Positive=350(1.4%)][0m
2026-08-15 21:44:48,412 | INFO | [94mval_tonic_predictions[Negative=24,130(96.7%) | Positive=820(3.3%)][0m
2026-08-15 21:44:48,412 | INFO | [95mtrain_phasic_targets[Negative=103,300(87.8%) | Positive=14,320(12.2%)][0m
2026-08-15 21:44:48,412 | INFO | [95mtrain_phasic_predictions[Negative=97,614(83.0%) | Positive=20,006(17.0%)][0m
2026-08-15 21:44:48,412 | INFO | [95mval_phasic_targets[Negative=22,520(90.3%) | Positive=2,430(9.7%)][0m
2026-08-15 21:44:48,412 | INFO | [95mval_phasic_predictions[Negative=22,910(91.8%) | Positive=2,040(8.2%)][0m
2026-08-15 21:44:48,412 | INFO | [38;5;214mtrain_any_targets[Negative=91,957(78.2%) | Positive=25,663(21.8%)][0m
2026-08-15 21:44:48,412 | INFO | [38;5;214mtrain_any_predictions[Negative=93,996(79.9%) | Positive=23,624(20.1%)][0m
2026-08-15 21:44:48,412 | INFO | [38;5;214mval_any_targets[Negative=20,079(80.5%) | Positive=4,871(19.5%)][0m
2026-08-15 21:44:48,412 | INFO | [38;5;214mval_any_predictions[Negative=20,288(81.3%) | Positive=4,662(18.7%)][0m
2026-08-15 21:45:30,160 | INFO | fold=1 ep=050 train=36.1s val=5.5s [92mtrain_stg_loss=0.3617 train_rswa_loss=0.2815 train_rswa_head_loss(t/p/a)=0.0649/0.0980/0.1186[0m | [93mval_stg_f1=0.7496 val_stg_kappa=0.7240 val_rswa_head_loss(t/p/a)=0.0972/0.1066/0.1230 val_f1(t/p/a)=0.556/0.829/0.894 val_f1_macro=0.7598[0m
2026-08-15 21:45:30,160 | INFO | [92mtrain_stage_targets[W=101,078(15.8%) | N1=27,793(4.3%) | N2=240,645(37.5%) | N3=151,438(23.6%) | REM=120,690(18.8%)][0m
2026-08-15 21:45:30,160 | INFO | [92mtrain_stage_predictions[W=104,729(16.3%) | N1=20,680(3.2%) | N2=252,639(39.4%) | N3=145,824(22.7%) | REM=117,772(18.4%)][0m
2026-08-15 21:45:30,160 | INFO | [92mtrain_move_targets[Negative=91,934(76.2%) | Positive=28,756(23.8%)][0m
2026-08-15 21:45:30,161 | INFO | [92mtrain_move_predictions[Negative=92,613(76.7%) | Positive=28,077(23.3%)][0m
2026-08-15 21:45:30,161 | INFO | [93mval_stage_targets[W=22,890(14.7%) | N1=7,350(4.7%) | N2=64,039(41.0%) | N3=36,960(23.7%) | REM=24,949(16.0%)][0m
2026-08-15 21:45:30,161 | INFO | [93mval_stage_predictions[W=22,000(14.1%) | N1=6,085(3.9%) | N2=61,760(39.5%) | N3=38,639(24.7%) | REM=27,704(17.7%)][0m
2026-08-15 21:45:30,161 | INFO | [94mtrain_tonic_targets[Negative=119,010(98.6%) | Positive=1,680(1.4%)][0m
2026-08-15 21:45:30,161 | INFO | [94mtrain_tonic_predictions[Negative=116,050(96.2%) | Positive=4,640(3.8%)][0m
2026-08-15 21:45:30,161 | INFO | [94mval_tonic_targets[Negative=24,600(98.6%) | Positive=350(1.4%)][0m
2026-08-15 21:45:30,161 | INFO | [94mval_tonic_predictions[Negative=24,040(96.4%) | Positive=910(3.6%)][0m
2026-08-15 21:45:30,161 | INFO | [95mtrain_phasic_targets[Negative=103,700(85.9%) | Positive=16,990(14.1%)][0m
2026-08-15 21:45:30,161 | INFO | [95mtrain_phasic_predictions[Negative=97,923(81.1%) | Positive=22,767(18.9%)][0m
2026-08-15 21:45:30,162 | INFO | [95mval_phasic_targets[Negative=22,520(90.3%) | Positive=2,430(9.7%)][0m
2026-08-15 21:45:30,162 | INFO | [95mval_phasic_predictions[Negative=22,630(90.7%) | Positive=2,320(9.3%)][0m
2026-08-15 21:45:30,162 | INFO | [38;5;214mtrain_any_targets[Negative=91,934(76.2%) | Positive=28,756(23.8%)][0m
2026-08-15 21:45:30,162 | INFO | [38;5;214mtrain_any_predictions[Negative=93,026(77.1%) | Positive=27,664(22.9%)][0m
2026-08-15 21:45:30,162 | INFO | [38;5;214mval_any_targets[Negative=20,079(80.5%) | Positive=4,871(19.5%)][0m
2026-08-15 21:45:30,162 | INFO | [38;5;214mval_any_predictions[Negative=19,904(79.8%) | Positive=5,046(20.2%)][0m
2026-08-15 21:45:30,356 | INFO | Fold 1: novo melhor checkpoint na época 50, staging_f1_macro=0.7496
2026-08-15 21:45:44,687 | INFO | Fold 2 TREINO: exames=62 | estágios[W=110,430(17.7%) | N1=29,690(4.7%) | N2=230,410(36.9%) | N3=149,470(23.9%) | REM=105,240(16.8%)] | movimento=21,405/105,240 (20.34% das avaliáveis; avaliáveis=16.8% do total de 625,240 mini-épocas)
2026-08-15 21:45:44,687 | INFO | Fold 2 VALIDAÇÃO: exames=17 | estágios[W=48,480(26.0%) | N1=8,880(4.8%) | N2=59,930(32.1%) | N3=37,340(20.0%) | REM=31,820(17.1%)] | movimento=6,621/31,820 (20.81% das avaliáveis; avaliáveis=17.1% do total de 186,450 mini-épocas)
2026-08-15 21:45:44,690 | INFO | Fold 2: sujeitos com tonic -> treino=29/62 validação=9/17 | oversample_tonic_subjects=True tonic_subject_weight=20.00
2026-08-15 21:45:44,750 | INFO | [MODEL] shared_joint_system | trainable_params=1,443,952
2026-08-15 21:45:44,751 | INFO | SharedBiMambaJointSystem(
  (staging_encoder): StagingCNNEncoder(
    (branches): ModuleList(
      (0): MultiKernelCNNBranch(
        (paths): ModuleList(
          (0): Sequential(
            (0): Conv1d(3, 22, kernel_size=(30,), stride=(1,), padding=(15,), bias=False)
            (1): GroupNorm(2, 22, eps=1e-05, affine=True)
            (2): ReLU(inplace=True)
            (3): MaxPool1d(kernel_size=2, stride=2, padding=0, dilation=1, ceil_mode=False)
          )
          (1): Sequential(
            (0): Conv1d(3, 21, kernel_size=(70,), stride=(1,), padding=(35,), bias=False)
            (1): GroupNorm(7, 21, eps=1e-05, affine=True)
            (2): ReLU(inplace=True)
            (3): MaxPool1d(kernel_size=2, stride=2, padding=0, dilation=1, ceil_mode=False)
          )
          (2): Sequential(
            (0): Conv1d(3, 21, kernel_size=(150,), stride=(1,), padding=(75,), bias=False)
            (1): GroupNorm(7, 21, eps=1e-05, affine=True)
            (2): ReLU(inplace=True)
            (3): MaxPool1d(kernel_size=2, stride=2, padding=0, dilation=1, ceil_mode=False)
          )
        )
        (drop): Dropout(p=0.35, inplace=False)
      )
      (1): MultiKernelCNNBranch(
        (paths): ModuleList(
          (0): Sequential(
            (0): Conv1d(1, 22, kernel_size=(50,), stride=(1,), padding=(25,), bias=False)
            (1): GroupNorm(2, 22, eps=1e-05, affine=True)
            (2): ReLU(inplace=True)
            (3): MaxPool1d(kernel_size=2, stride=2, padding=0, dilation=1, ceil_mode=False)
          )
          (1): Sequential(
            (0): Conv1d(1, 21, kernel_size=(150,), stride=(1,), padding=(75,), bias=False)
            (1): GroupNorm(7, 21, eps=1e-05, affine=True)
            (2): ReLU(inplace=True)
            (3): MaxPool1d(kernel_size=2, stride=2, padding=0, dilation=1, ceil_mode=False)
          )
          (2): Sequential(
            (0): Conv1d(1, 21, kernel_size=(250,), stride=(1,), padding=(125,), bias=False)
            (1): GroupNorm(7, 21, eps=1e-05, affine=True)
            (2): ReLU(inplace=True)
            (3): MaxPool1d(kernel_size=2, stride=2, padding=0, dilation=1, ceil_mode=False)
          )
        )
        (drop): Dropout(p=0.35, inplace=False)
      )
    )
    (se_global): SEBlock(
      (fc): Sequential(
        (0): AdaptiveAvgPool1d(output_size=1)
        (1): Flatten(start_dim=1, end_dim=-1)
        (2): Linear(in_features=128, out_features=16, bias=False)
        (3): ReLU(inplace=True)
        (4): Linear(in_features=16, out_features=128, bias=False)
        (5): Sigmoid()
      )
    )
    (refine): Sequential(
      (0): Conv1d(128, 128, kernel_size=(5,), stride=(1,), padding=(2,), bias=False)
      (1): GroupNorm(8, 128, eps=1e-05, affine=True)
      (2): ReLU(inplace=True)
      (3): MaxPool1d(kernel_size=2, stride=2, padding=0, dilation=1, ceil_mode=False)
      (4): Conv1d(128, 256, kernel_size=(3,), stride=(1,), padding=(1,), bias=False)
      (5): GroupNorm(8, 256, eps=1e-05, affine=True)
      (6): ReLU(inplace=True)
    )
    (pool): AdaptiveAvgPool1d(output_size=1)
  )
  (rswa_encoder): RSWAFeatureEncoder(
    (paths): ModuleList(
      (0): Sequential(
        (0): Conv1d(2, 22, kernel_size=(50,), stride=(1,), padding=(25,), bias=False)
        (1): GroupNorm(2, 22, eps=1e-05, affine=True)
        (2): ReLU(inplace=True)
        (3): MaxPool1d(kernel_size=2, stride=2, padding=0, dilation=1, ceil_mode=False)
      )
      (1): Sequential(
        (0): Conv1d(2, 21, kernel_size=(150,), stride=(1,), padding=(75,), bias=False)
        (1): GroupNorm(7, 21, eps=1e-05, affine=True)
        (2): ReLU(inplace=True)
        (3): MaxPool1d(kernel_size=2, stride=2, padding=0, dilation=1, ceil_mode=False)
      )
      (2): Sequential(
        (0): Conv1d(2, 21, kernel_size=(300,), stride=(1,), padding=(150,), bias=False)
        (1): GroupNorm(7, 21, eps=1e-05, affine=True)
        (2): ReLU(inplace=True)
        (3): MaxPool1d(kernel_size=2, stride=2, padding=0, dilation=1, ceil_mode=False)
      )
    )
    (drop): Dropout(p=0.35, inplace=False)
    (se): SEBlock(
      (fc): Sequential(
        (0): AdaptiveAvgPool1d(output_size=1)
        (1): Flatten(start_dim=1, end_dim=-1)
        (2): Linear(in_features=64, out_features=8, bias=False)
        (3): ReLU(inplace=True)
        (4): Linear(in_features=8, out_features=64, bias=False)
        (5): Sigmoid()
      )
    )
    (refine): Sequential(
      (0): Conv1d(64, 64, kernel_size=(5,), stride=(1,), padding=(2,), bias=False)
      (1): GroupNorm(8, 64, eps=1e-05, affine=True)
      (2): ReLU(inplace=True)
      (3): MaxPool1d(kernel_size=2, stride=2, padding=0, dilation=1, ceil_mode=False)
      (4): Conv1d(64, 256, kernel_size=(3,), stride=(1,), padding=(1,), bias=False)
      (5): GroupNorm(8, 256, eps=1e-05, affine=True)
      (6): ReLU(inplace=True)
    )
    (pool): AdaptiveAvgPool1d(output_size=1)
  )
  (fusion): Sequential(
    (0): Linear(in_features=512, out_features=256, bias=False)
    (1): LayerNorm((256,), eps=1e-05, elementwise_affine=True)
    (2): ReLU(inplace=True)
    (3): Dropout(p=0.35, inplace=False)
  )
  (temporal): MambaStack(
    (blocks): ModuleList(
      (0): BidirMambaBlock(
        sequence_impl=mamba
        (norm): LayerNorm((256,), eps=1e-05, elementwise_affine=True)
        (drop): Dropout(p=0.35, inplace=False)
        (fwd): Mamba(
          (in_proj): Linear(in_features=256, out_features=1024, bias=False)
          (conv1d): Conv1d(512, 512, kernel_size=(4,), stride=(1,), padding=(3,), groups=512)
          (act): SiLU()
          (x_proj): Linear(in_features=512, out_features=48, bias=False)
          (dt_proj): Linear(in_features=16, out_features=512, bias=True)
          (out_proj): Linear(in_features=512, out_features=256, bias=False)
        )
        (bwd): Mamba(
          (in_proj): Linear(in_features=256, out_features=1024, bias=False)
          (conv1d): Conv1d(512, 512, kernel_size=(4,), stride=(1,), padding=(3,), groups=512)
          (act): SiLU()
          (x_proj): Linear(in_features=512, out_features=48, bias=False)
          (dt_proj): Linear(in_features=16, out_features=512, bias=True)
          (out_proj): Linear(in_features=512, out_features=256, bias=False)
        )
      )
    )
    (norm_out): LayerNorm((256,), eps=1e-05, elementwise_affine=True)
  )
  (staging_classifier): Sequential(
    (0): Linear(in_features=256, out_features=128, bias=True)
    (1): ReLU(inplace=True)
    (2): Dropout(p=0.35, inplace=False)
    (3): Linear(in_features=128, out_features=5, bias=True)
  )
  (tonic_head): Sequential(
    (0): Linear(in_features=256, out_features=128, bias=True)
    (1): ReLU(inplace=True)
    (2): Dropout(p=0.35, inplace=False)
    (3): Linear(in_features=128, out_features=1, bias=True)
  )
  (phasic_head): Sequential(
    (0): Linear(in_features=256, out_features=128, bias=True)
    (1): ReLU(inplace=True)
    (2): Dropout(p=0.35, inplace=False)
    (3): Linear(in_features=128, out_features=1, bias=True)
  )
  (any_head): Sequential(
    (0): Linear(in_features=256, out_features=128, bias=True)
    (1): ReLU(inplace=True)
    (2): Dropout(p=0.35, inplace=False)
    (3): Linear(in_features=128, out_features=1, bias=True)
  )
)
2026-08-15 21:45:44,820 | INFO | [MODEL] shared_joint_staging_encoder | trainable_params=210,684
2026-08-15 21:45:44,821 | INFO | StagingCNNEncoder(
  (branches): ModuleList(
    (0): MultiKernelCNNBranch(
      (paths): ModuleList(
        (0): Sequential(
          (0): Conv1d(3, 22, kernel_size=(30,), stride=(1,), padding=(15,), bias=False)
          (1): GroupNorm(2, 22, eps=1e-05, affine=True)
          (2): ReLU(inplace=True)
          (3): MaxPool1d(kernel_size=2, stride=2, padding=0, dilation=1, ceil_mode=False)
        )
        (1): Sequential(
          (0): Conv1d(3, 21, kernel_size=(70,), stride=(1,), padding=(35,), bias=False)
          (1): GroupNorm(7, 21, eps=1e-05, affine=True)
          (2): ReLU(inplace=True)
          (3): MaxPool1d(kernel_size=2, stride=2, padding=0, dilation=1, ceil_mode=False)
        )
        (2): Sequential(
          (0): Conv1d(3, 21, kernel_size=(150,), stride=(1,), padding=(75,), bias=False)
          (1): GroupNorm(7, 21, eps=1e-05, affine=True)
          (2): ReLU(inplace=True)
          (3): MaxPool1d(kernel_size=2, stride=2, padding=0, dilation=1, ceil_mode=False)
        )
      )
      (drop): Dropout(p=0.35, inplace=False)
    )
    (1): MultiKernelCNNBranch(
      (paths): ModuleList(
        (0): Sequential(
          (0): Conv1d(1, 22, kernel_size=(50,), stride=(1,), padding=(25,), bias=False)
          (1): GroupNorm(2, 22, eps=1e-05, affine=True)
          (2): ReLU(inplace=True)
          (3): MaxPool1d(kernel_size=2, stride=2, padding=0, dilation=1, ceil_mode=False)
        )
        (1): Sequential(
          (0): Conv1d(1, 21, kernel_size=(150,), stride=(1,), padding=(75,), bias=False)
          (1): GroupNorm(7, 21, eps=1e-05, affine=True)
          (2): ReLU(inplace=True)
          (3): MaxPool1d(kernel_size=2, stride=2, padding=0, dilation=1, ceil_mode=False)
        )
        (2): Sequential(
          (0): Conv1d(1, 21, kernel_size=(250,), stride=(1,), padding=(125,), bias=False)
          (1): GroupNorm(7, 21, eps=1e-05, affine=True)
          (2): ReLU(inplace=True)
          (3): MaxPool1d(kernel_size=2, stride=2, padding=0, dilation=1, ceil_mode=False)
        )
      )
      (drop): Dropout(p=0.35, inplace=False)
    )
  )
  (se_global): SEBlock(
    (fc): Sequential(
      (0): AdaptiveAvgPool1d(output_size=1)
      (1): Flatten(start_dim=1, end_dim=-1)
      (2): Linear(in_features=128, out_features=16, bias=False)
      (3): ReLU(inplace=True)
      (4): Linear(in_features=16, out_features=128, bias=False)
      (5): Sigmoid()
    )
  )
  (refine): Sequential(
    (0): Conv1d(128, 128, kernel_size=(5,), stride=(1,), padding=(2,), bias=False)
    (1): GroupNorm(8, 128, eps=1e-05, affine=True)
    (2): ReLU(inplace=True)
    (3): MaxPool1d(kernel_size=2, stride=2, padding=0, dilation=1, ceil_mode=False)
    (4): Conv1d(128, 256, kernel_size=(3,), stride=(1,), padding=(1,), bias=False)
    (5): GroupNorm(8, 256, eps=1e-05, affine=True)
    (6): ReLU(inplace=True)
  )
  (pool): AdaptiveAvgPool1d(output_size=1)
)
2026-08-15 21:45:44,821 | INFO | [MODEL] shared_joint_rswa_encoder | trainable_params=92,524
2026-08-15 21:45:44,821 | INFO | RSWAFeatureEncoder(
  (paths): ModuleList(
    (0): Sequential(
      (0): Conv1d(2, 22, kernel_size=(50,), stride=(1,), padding=(25,), bias=False)
      (1): GroupNorm(2, 22, eps=1e-05, affine=True)
      (2): ReLU(inplace=True)
      (3): MaxPool1d(kernel_size=2, stride=2, padding=0, dilation=1, ceil_mode=False)
    )
    (1): Sequential(
      (0): Conv1d(2, 21, kernel_size=(150,), stride=(1,), padding=(75,), bias=False)
      (1): GroupNorm(7, 21, eps=1e-05, affine=True)
      (2): ReLU(inplace=True)
      (3): MaxPool1d(kernel_size=2, stride=2, padding=0, dilation=1, ceil_mode=False)
    )
    (2): Sequential(
      (0): Conv1d(2, 21, kernel_size=(300,), stride=(1,), padding=(150,), bias=False)
      (1): GroupNorm(7, 21, eps=1e-05, affine=True)
      (2): ReLU(inplace=True)
      (3): MaxPool1d(kernel_size=2, stride=2, padding=0, dilation=1, ceil_mode=False)
    )
  )
  (drop): Dropout(p=0.35, inplace=False)
  (se): SEBlock(
    (fc): Sequential(
      (0): AdaptiveAvgPool1d(output_size=1)
      (1): Flatten(start_dim=1, end_dim=-1)
      (2): Linear(in_features=64, out_features=8, bias=False)
      (3): ReLU(inplace=True)
      (4): Linear(in_features=8, out_features=64, bias=False)
      (5): Sigmoid()
    )
  )
  (refine): Sequential(
    (0): Conv1d(64, 64, kernel_size=(5,), stride=(1,), padding=(2,), bias=False)
    (1): GroupNorm(8, 64, eps=1e-05, affine=True)
    (2): ReLU(inplace=True)
    (3): MaxPool1d(kernel_size=2, stride=2, padding=0, dilation=1, ceil_mode=False)
    (4): Conv1d(64, 256, kernel_size=(3,), stride=(1,), padding=(1,), bias=False)
    (5): GroupNorm(8, 256, eps=1e-05, affine=True)
    (6): ReLU(inplace=True)
  )
  (pool): AdaptiveAvgPool1d(output_size=1)
)
2026-08-15 21:45:44,822 | INFO | [MODEL] shared_joint_temporal | trainable_params=876,544
2026-08-15 21:45:44,822 | INFO | MambaStack(
  (blocks): ModuleList(
    (0): BidirMambaBlock(
      sequence_impl=mamba
      (norm): LayerNorm((256,), eps=1e-05, elementwise_affine=True)
      (drop): Dropout(p=0.35, inplace=False)
      (fwd): Mamba(
        (in_proj): Linear(in_features=256, out_features=1024, bias=False)
        (conv1d): Conv1d(512, 512, kernel_size=(4,), stride=(1,), padding=(3,), groups=512)
        (act): SiLU()
        (x_proj): Linear(in_features=512, out_features=48, bias=False)
        (dt_proj): Linear(in_features=16, out_features=512, bias=True)
        (out_proj): Linear(in_features=512, out_features=256, bias=False)
      )
      (bwd): Mamba(
        (in_proj): Linear(in_features=256, out_features=1024, bias=False)
        (conv1d): Conv1d(512, 512, kernel_size=(4,), stride=(1,), padding=(3,), groups=512)
        (act): SiLU()
        (x_proj): Linear(in_features=512, out_features=48, bias=False)
        (dt_proj): Linear(in_features=16, out_features=512, bias=True)
        (out_proj): Linear(in_features=512, out_features=256, bias=False)
      )
    )
  )
  (norm_out): LayerNorm((256,), eps=1e-05, elementwise_affine=True)
)
2026-08-15 21:45:44,920 | INFO | [MODEL] joint_system | trainable_params=1,443,952
2026-08-15 21:45:44,921 | INFO | SharedBiMambaJointSystem(
  (staging_encoder): StagingCNNEncoder(
    (branches): ModuleList(
      (0): MultiKernelCNNBranch(
        (paths): ModuleList(
          (0): Sequential(
            (0): Conv1d(3, 22, kernel_size=(30,), stride=(1,), padding=(15,), bias=False)
            (1): GroupNorm(2, 22, eps=1e-05, affine=True)
            (2): ReLU(inplace=True)
            (3): MaxPool1d(kernel_size=2, stride=2, padding=0, dilation=1, ceil_mode=False)
          )
          (1): Sequential(
            (0): Conv1d(3, 21, kernel_size=(70,), stride=(1,), padding=(35,), bias=False)
            (1): GroupNorm(7, 21, eps=1e-05, affine=True)
            (2): ReLU(inplace=True)
            (3): MaxPool1d(kernel_size=2, stride=2, padding=0, dilation=1, ceil_mode=False)
          )
          (2): Sequential(
            (0): Conv1d(3, 21, kernel_size=(150,), stride=(1,), padding=(75,), bias=False)
            (1): GroupNorm(7, 21, eps=1e-05, affine=True)
            (2): ReLU(inplace=True)
            (3): MaxPool1d(kernel_size=2, stride=2, padding=0, dilation=1, ceil_mode=False)
          )
        )
        (drop): Dropout(p=0.35, inplace=False)
      )
      (1): MultiKernelCNNBranch(
        (paths): ModuleList(
          (0): Sequential(
            (0): Conv1d(1, 22, kernel_size=(50,), stride=(1,), padding=(25,), bias=False)
            (1): GroupNorm(2, 22, eps=1e-05, affine=True)
            (2): ReLU(inplace=True)
            (3): MaxPool1d(kernel_size=2, stride=2, padding=0, dilation=1, ceil_mode=False)
          )
          (1): Sequential(
            (0): Conv1d(1, 21, kernel_size=(150,), stride=(1,), padding=(75,), bias=False)
            (1): GroupNorm(7, 21, eps=1e-05, affine=True)
            (2): ReLU(inplace=True)
            (3): MaxPool1d(kernel_size=2, stride=2, padding=0, dilation=1, ceil_mode=False)
          )
          (2): Sequential(
            (0): Conv1d(1, 21, kernel_size=(250,), stride=(1,), padding=(125,), bias=False)
            (1): GroupNorm(7, 21, eps=1e-05, affine=True)
            (2): ReLU(inplace=True)
            (3): MaxPool1d(kernel_size=2, stride=2, padding=0, dilation=1, ceil_mode=False)
          )
        )
        (drop): Dropout(p=0.35, inplace=False)
      )
    )
    (se_global): SEBlock(
      (fc): Sequential(
        (0): AdaptiveAvgPool1d(output_size=1)
        (1): Flatten(start_dim=1, end_dim=-1)
        (2): Linear(in_features=128, out_features=16, bias=False)
        (3): ReLU(inplace=True)
        (4): Linear(in_features=16, out_features=128, bias=False)
        (5): Sigmoid()
      )
    )
    (refine): Sequential(
      (0): Conv1d(128, 128, kernel_size=(5,), stride=(1,), padding=(2,), bias=False)
      (1): GroupNorm(8, 128, eps=1e-05, affine=True)
      (2): ReLU(inplace=True)
      (3): MaxPool1d(kernel_size=2, stride=2, padding=0, dilation=1, ceil_mode=False)
      (4): Conv1d(128, 256, kernel_size=(3,), stride=(1,), padding=(1,), bias=False)
      (5): GroupNorm(8, 256, eps=1e-05, affine=True)
      (6): ReLU(inplace=True)
    )
    (pool): AdaptiveAvgPool1d(output_size=1)
  )
  (rswa_encoder): RSWAFeatureEncoder(
    (paths): ModuleList(
      (0): Sequential(
        (0): Conv1d(2, 22, kernel_size=(50,), stride=(1,), padding=(25,), bias=False)
        (1): GroupNorm(2, 22, eps=1e-05, affine=True)
        (2): ReLU(inplace=True)
        (3): MaxPool1d(kernel_size=2, stride=2, padding=0, dilation=1, ceil_mode=False)
      )
      (1): Sequential(
        (0): Conv1d(2, 21, kernel_size=(150,), stride=(1,), padding=(75,), bias=False)
        (1): GroupNorm(7, 21, eps=1e-05, affine=True)
        (2): ReLU(inplace=True)
        (3): MaxPool1d(kernel_size=2, stride=2, padding=0, dilation=1, ceil_mode=False)
      )
      (2): Sequential(
        (0): Conv1d(2, 21, kernel_size=(300,), stride=(1,), padding=(150,), bias=False)
        (1): GroupNorm(7, 21, eps=1e-05, affine=True)
        (2): ReLU(inplace=True)
        (3): MaxPool1d(kernel_size=2, stride=2, padding=0, dilation=1, ceil_mode=False)
      )
    )
    (drop): Dropout(p=0.35, inplace=False)
    (se): SEBlock(
      (fc): Sequential(
        (0): AdaptiveAvgPool1d(output_size=1)
        (1): Flatten(start_dim=1, end_dim=-1)
        (2): Linear(in_features=64, out_features=8, bias=False)
        (3): ReLU(inplace=True)
        (4): Linear(in_features=8, out_features=64, bias=False)
        (5): Sigmoid()
      )
    )
    (refine): Sequential(
      (0): Conv1d(64, 64, kernel_size=(5,), stride=(1,), padding=(2,), bias=False)
      (1): GroupNorm(8, 64, eps=1e-05, affine=True)
      (2): ReLU(inplace=True)
      (3): MaxPool1d(kernel_size=2, stride=2, padding=0, dilation=1, ceil_mode=False)
      (4): Conv1d(64, 256, kernel_size=(3,), stride=(1,), padding=(1,), bias=False)
      (5): GroupNorm(8, 256, eps=1e-05, affine=True)
      (6): ReLU(inplace=True)
    )
    (pool): AdaptiveAvgPool1d(output_size=1)
  )
  (fusion): Sequential(
    (0): Linear(in_features=512, out_features=256, bias=False)
    (1): LayerNorm((256,), eps=1e-05, elementwise_affine=True)
    (2): ReLU(inplace=True)
    (3): Dropout(p=0.35, inplace=False)
  )
  (temporal): MambaStack(
    (blocks): ModuleList(
      (0): BidirMambaBlock(
        sequence_impl=mamba
        (norm): LayerNorm((256,), eps=1e-05, elementwise_affine=True)
        (drop): Dropout(p=0.35, inplace=False)
        (fwd): Mamba(
          (in_proj): Linear(in_features=256, out_features=1024, bias=False)
          (conv1d): Conv1d(512, 512, kernel_size=(4,), stride=(1,), padding=(3,), groups=512)
          (act): SiLU()
          (x_proj): Linear(in_features=512, out_features=48, bias=False)
          (dt_proj): Linear(in_features=16, out_features=512, bias=True)
          (out_proj): Linear(in_features=512, out_features=256, bias=False)
        )
        (bwd): Mamba(
          (in_proj): Linear(in_features=256, out_features=1024, bias=False)
          (conv1d): Conv1d(512, 512, kernel_size=(4,), stride=(1,), padding=(3,), groups=512)
          (act): SiLU()
          (x_proj): Linear(in_features=512, out_features=48, bias=False)
          (dt_proj): Linear(in_features=16, out_features=512, bias=True)
          (out_proj): Linear(in_features=512, out_features=256, bias=False)
        )
      )
    )
    (norm_out): LayerNorm((256,), eps=1e-05, elementwise_affine=True)
  )
  (staging_classifier): Sequential(
    (0): Linear(in_features=256, out_features=128, bias=True)
    (1): ReLU(inplace=True)
    (2): Dropout(p=0.35, inplace=False)
    (3): Linear(in_features=128, out_features=5, bias=True)
  )
  (tonic_head): Sequential(
    (0): Linear(in_features=256, out_features=128, bias=True)
    (1): ReLU(inplace=True)
    (2): Dropout(p=0.35, inplace=False)
    (3): Linear(in_features=128, out_features=1, bias=True)
  )
  (phasic_head): Sequential(
    (0): Linear(in_features=256, out_features=128, bias=True)
    (1): ReLU(inplace=True)
    (2): Dropout(p=0.35, inplace=False)
    (3): Linear(in_features=128, out_features=1, bias=True)
  )
  (any_head): Sequential(
    (0): Linear(in_features=256, out_features=128, bias=True)
    (1): ReLU(inplace=True)
    (2): Dropout(p=0.35, inplace=False)
    (3): Linear(in_features=128, out_features=1, bias=True)
  )
)
2026-08-15 21:45:44,931 | INFO | Fold 2: treino=62 validação=17
2026-08-15 21:46:26,795 | INFO | fold=2 ep=001 train=34.7s val=7.1s [92mtrain_stg_loss=1.4841 train_rswa_loss=1.8853 train_rswa_head_loss(t/p/a)=0.9194/0.4486/0.5173[0m | [93mval_stg_f1=0.0973 val_stg_kappa=0.0000 val_rswa_head_loss(t/p/a)=0.7060/0.4445/0.5031 val_f1(t/p/a)=0.000/0.000/0.000 val_f1_macro=0.0000[0m
2026-08-15 21:46:26,796 | INFO | [92mtrain_stage_targets[W=76,418(12.6%) | N1=26,080(4.3%) | N2=219,487(36.1%) | N3=172,126(28.3%) | REM=113,965(18.7%)][0m
2026-08-15 21:46:26,796 | INFO | [92mtrain_stage_predictions[W=30,886(5.1%) | N1=10,668(1.8%) | N2=459,041(75.5%) | N3=90,330(14.9%) | REM=17,151(2.8%)][0m
2026-08-15 21:46:26,796 | INFO | [92mtrain_move_targets[Negative=91,172(80.0%) | Positive=22,798(20.0%)][0m
2026-08-15 21:46:26,796 | INFO | [92mtrain_move_predictions[Negative=113,521(99.6%) | Positive=449(0.4%)][0m
2026-08-15 21:46:26,796 | INFO | [93mval_stage_targets[W=48,448(26.0%) | N1=8,879(4.8%) | N2=59,929(32.1%) | N3=37,340(20.0%) | REM=31,820(17.1%)][0m
2026-08-15 21:46:26,797 | INFO | [93mval_stage_predictions[W=0(0.0%) | N1=0(0.0%) | N2=186,416(100.0%) | N3=0(0.0%) | REM=0(0.0%)][0m
2026-08-15 21:46:26,797 | INFO | [94mtrain_tonic_targets[Negative=112,640(98.8%) | Positive=1,330(1.2%)][0m
2026-08-15 21:46:26,797 | INFO | [94mtrain_tonic_predictions[Negative=113,891(99.9%) | Positive=79(0.1%)][0m
2026-08-15 21:46:26,797 | INFO | [94mval_tonic_targets[Negative=31,530(99.1%) | Positive=290(0.9%)][0m
2026-08-15 21:46:26,797 | INFO | [94mval_tonic_predictions[Negative=31,820(100.0%) | Positive=0(0.0%)][0m
2026-08-15 21:46:26,797 | INFO | [95mtrain_phasic_targets[Negative=101,850(89.4%) | Positive=12,120(10.6%)][0m
2026-08-15 21:46:26,797 | INFO | [95mtrain_phasic_predictions[Negative=113,667(99.7%) | Positive=303(0.3%)][0m
2026-08-15 21:46:26,797 | INFO | [95mval_phasic_targets[Negative=28,060(88.2%) | Positive=3,760(11.8%)][0m
2026-08-15 21:46:26,797 | INFO | [95mval_phasic_predictions[Negative=31,820(100.0%) | Positive=0(0.0%)][0m
2026-08-15 21:46:26,797 | INFO | [38;5;214mtrain_any_targets[Negative=91,172(80.0%) | Positive=22,798(20.0%)][0m
2026-08-15 21:46:26,797 | INFO | [38;5;214mtrain_any_predictions[Negative=113,866(99.9%) | Positive=104(0.1%)][0m
2026-08-15 21:46:26,798 | INFO | [38;5;214mval_any_targets[Negative=25,199(79.2%) | Positive=6,621(20.8%)][0m
2026-08-15 21:46:26,798 | INFO | [38;5;214mval_any_predictions[Negative=31,820(100.0%) | Positive=0(0.0%)][0m
2026-08-15 21:46:26,986 | INFO | Fold 2: novo melhor checkpoint na época 1, staging_f1_macro=0.0973
2026-08-15 21:47:08,201 | INFO | fold=2 ep=002 train=34.3s val=6.8s [92mtrain_stg_loss=1.3104 train_rswa_loss=1.3626 train_rswa_head_loss(t/p/a)=0.6243/0.3481/0.3902[0m | [93mval_stg_f1=0.4083 val_stg_kappa=0.3506 val_rswa_head_loss(t/p/a)=0.4385/0.2228/0.2616 val_f1(t/p/a)=0.127/0.689/0.786 val_f1_macro=0.5338[0m
2026-08-15 21:47:08,202 | INFO | [92mtrain_stage_targets[W=72,000(11.9%) | N1=20,690(3.4%) | N2=232,817(38.4%) | N3=163,572(27.0%) | REM=117,297(19.3%)][0m
2026-08-15 21:47:08,202 | INFO | [92mtrain_stage_predictions[W=9,170(1.5%) | N1=45(0.0%) | N2=425,486(70.2%) | N3=100,876(16.6%) | REM=70,799(11.7%)][0m
2026-08-15 21:47:08,202 | INFO | [92mtrain_move_targets[Negative=94,077(80.2%) | Positive=23,223(19.8%)][0m
2026-08-15 21:47:08,202 | INFO | [92mtrain_move_predictions[Negative=106,147(90.5%) | Positive=11,153(9.5%)][0m
2026-08-15 21:47:08,202 | INFO | [93mval_stage_targets[W=48,448(26.0%) | N1=8,879(4.8%) | N2=59,929(32.1%) | N3=37,340(20.0%) | REM=31,820(17.1%)][0m
2026-08-15 21:47:08,202 | INFO | [93mval_stage_predictions[W=42,715(22.9%) | N1=0(0.0%) | N2=31,328(16.8%) | N3=46,204(24.8%) | REM=66,169(35.5%)][0m
2026-08-15 21:47:08,203 | INFO | [94mtrain_tonic_targets[Negative=115,520(98.5%) | Positive=1,780(1.5%)][0m
2026-08-15 21:47:08,203 | INFO | [94mtrain_tonic_predictions[Negative=107,691(91.8%) | Positive=9,609(8.2%)][0m
2026-08-15 21:47:08,203 | INFO | [94mval_tonic_targets[Negative=31,530(99.1%) | Positive=290(0.9%)][0m
2026-08-15 21:47:08,203 | INFO | [94mval_tonic_predictions[Negative=28,010(88.0%) | Positive=3,810(12.0%)][0m
2026-08-15 21:47:08,203 | INFO | [95mtrain_phasic_targets[Negative=105,550(90.0%) | Positive=11,750(10.0%)][0m
2026-08-15 21:47:08,203 | INFO | [95mtrain_phasic_predictions[Negative=111,682(95.2%) | Positive=5,618(4.8%)][0m
2026-08-15 21:47:08,203 | INFO | [95mval_phasic_targets[Negative=28,060(88.2%) | Positive=3,760(11.8%)][0m
2026-08-15 21:47:08,203 | INFO | [95mval_phasic_predictions[Negative=28,350(89.1%) | Positive=3,470(10.9%)][0m
2026-08-15 21:47:08,203 | INFO | [38;5;214mtrain_any_targets[Negative=94,077(80.2%) | Positive=23,223(19.8%)][0m
2026-08-15 21:47:08,203 | INFO | [38;5;214mtrain_any_predictions[Negative=108,312(92.3%) | Positive=8,988(7.7%)][0m
2026-08-15 21:47:08,203 | INFO | [38;5;214mval_any_targets[Negative=25,199(79.2%) | Positive=6,621(20.8%)][0m
2026-08-15 21:47:08,203 | INFO | [38;5;214mval_any_predictions[Negative=25,836(81.2%) | Positive=5,984(18.8%)][0m
2026-08-15 21:47:08,393 | INFO | Fold 2: novo melhor checkpoint na época 2, staging_f1_macro=0.4083
2026-08-15 21:47:49,927 | INFO | fold=2 ep=003 train=34.7s val=6.8s [92mtrain_stg_loss=1.0769 train_rswa_loss=0.8341 train_rswa_head_loss(t/p/a)=0.3499/0.2255/0.2586[0m | [93mval_stg_f1=0.3993 val_stg_kappa=0.3453 val_rswa_head_loss(t/p/a)=0.3772/0.1986/0.2486 val_f1(t/p/a)=0.112/0.724/0.805 val_f1_macro=0.5471[0m
2026-08-15 21:47:49,928 | INFO | [92mtrain_stage_targets[W=88,286(14.3%) | N1=27,050(4.4%) | N2=223,095(36.2%) | N3=161,566(26.2%) | REM=116,019(18.8%)][0m
2026-08-15 21:47:49,928 | INFO | [92mtrain_stage_predictions[W=50,158(8.1%) | N1=205(0.0%) | N2=251,494(40.8%) | N3=173,555(28.2%) | REM=140,604(22.8%)][0m
2026-08-15 21:47:49,928 | INFO | [92mtrain_move_targets[Negative=90,322(77.9%) | Positive=25,698(22.1%)][0m
2026-08-15 21:47:49,928 | INFO | [92mtrain_move_predictions[Negative=93,542(80.6%) | Positive=22,478(19.4%)][0m
2026-08-15 21:47:49,928 | INFO | [93mval_stage_targets[W=48,448(26.0%) | N1=8,879(4.8%) | N2=59,929(32.1%) | N3=37,340(20.0%) | REM=31,820(17.1%)][0m
2026-08-15 21:47:49,928 | INFO | [93mval_stage_predictions[W=9,471(5.1%) | N1=0(0.0%) | N2=72,016(38.6%) | N3=43,416(23.3%) | REM=61,513(33.0%)][0m
2026-08-15 21:47:49,928 | INFO | [94mtrain_tonic_targets[Negative=114,660(98.8%) | Positive=1,360(1.2%)][0m
2026-08-15 21:47:49,928 | INFO | [94mtrain_tonic_predictions[Negative=100,537(86.7%) | Positive=15,483(13.3%)][0m
2026-08-15 21:47:49,928 | INFO | [94mval_tonic_targets[Negative=31,530(99.1%) | Positive=290(0.9%)][0m
2026-08-15 21:47:49,929 | INFO | [94mval_tonic_predictions[Negative=30,140(94.7%) | Positive=1,680(5.3%)][0m
2026-08-15 21:47:49,929 | INFO | [95mtrain_phasic_targets[Negative=102,080(88.0%) | Positive=13,940(12.0%)][0m
2026-08-15 21:47:49,929 | INFO | [95mtrain_phasic_predictions[Negative=96,206(82.9%) | Positive=19,814(17.1%)][0m
2026-08-15 21:47:49,929 | INFO | [95mval_phasic_targets[Negative=28,060(88.2%) | Positive=3,760(11.8%)][0m
2026-08-15 21:47:49,929 | INFO | [95mval_phasic_predictions[Negative=28,980(91.1%) | Positive=2,840(8.9%)][0m
2026-08-15 21:47:49,929 | INFO | [38;5;214mtrain_any_targets[Negative=90,322(77.9%) | Positive=25,698(22.1%)][0m
2026-08-15 21:47:49,929 | INFO | [38;5;214mtrain_any_predictions[Negative=93,763(80.8%) | Positive=22,257(19.2%)][0m
2026-08-15 21:47:49,929 | INFO | [38;5;214mval_any_targets[Negative=25,199(79.2%) | Positive=6,621(20.8%)][0m
2026-08-15 21:47:49,929 | INFO | [38;5;214mval_any_predictions[Negative=26,965(84.7%) | Positive=4,855(15.3%)][0m
2026-08-15 21:48:32,235 | INFO | fold=2 ep=004 train=35.4s val=6.8s [92mtrain_stg_loss=0.9800 train_rswa_loss=0.7428 train_rswa_head_loss(t/p/a)=0.3084/0.1974/0.2369[0m | [93mval_stg_f1=0.3854 val_stg_kappa=0.3184 val_rswa_head_loss(t/p/a)=0.2794/0.1739/0.2296 val_f1(t/p/a)=0.177/0.782/0.846 val_f1_macro=0.6018[0m
2026-08-15 21:48:32,235 | INFO | [92mtrain_stage_targets[W=84,886(13.7%) | N1=27,990(4.5%) | N2=231,924(37.4%) | N3=160,306(25.8%) | REM=115,060(18.6%)][0m
2026-08-15 21:48:32,235 | INFO | [92mtrain_stage_predictions[W=79,543(12.8%) | N1=168(0.0%) | N2=249,765(40.3%) | N3=161,798(26.1%) | REM=128,892(20.8%)][0m
2026-08-15 21:48:32,235 | INFO | [92mtrain_move_targets[Negative=90,842(79.0%) | Positive=24,218(21.0%)][0m
2026-08-15 21:48:32,235 | INFO | [92mtrain_move_predictions[Negative=93,177(81.0%) | Positive=21,883(19.0%)][0m
2026-08-15 21:48:32,235 | INFO | [93mval_stage_targets[W=48,448(26.0%) | N1=8,879(4.8%) | N2=59,929(32.1%) | N3=37,340(20.0%) | REM=31,820(17.1%)][0m
2026-08-15 21:48:32,236 | INFO | [93mval_stage_predictions[W=10,425(5.6%) | N1=0(0.0%) | N2=60,017(32.2%) | N3=73,832(39.6%) | REM=42,142(22.6%)][0m
2026-08-15 21:48:32,236 | INFO | [94mtrain_tonic_targets[Negative=113,680(98.8%) | Positive=1,380(1.2%)][0m
2026-08-15 21:48:32,236 | INFO | [94mtrain_tonic_predictions[Negative=102,994(89.5%) | Positive=12,066(10.5%)][0m
2026-08-15 21:48:32,236 | INFO | [94mval_tonic_targets[Negative=31,530(99.1%) | Positive=290(0.9%)][0m
2026-08-15 21:48:32,236 | INFO | [94mval_tonic_predictions[Negative=28,830(90.6%) | Positive=2,990(9.4%)][0m
2026-08-15 21:48:32,236 | INFO | [95mtrain_phasic_targets[Negative=102,490(89.1%) | Positive=12,570(10.9%)][0m
2026-08-15 21:48:32,236 | INFO | [95mtrain_phasic_predictions[Negative=95,265(82.8%) | Positive=19,795(17.2%)][0m
2026-08-15 21:48:32,236 | INFO | [95mval_phasic_targets[Negative=28,060(88.2%) | Positive=3,760(11.8%)][0m
2026-08-15 21:48:32,236 | INFO | [95mval_phasic_predictions[Negative=28,320(89.0%) | Positive=3,500(11.0%)][0m
2026-08-15 21:48:32,236 | INFO | [38;5;214mtrain_any_targets[Negative=90,842(79.0%) | Positive=24,218(21.0%)][0m
2026-08-15 21:48:32,236 | INFO | [38;5;214mtrain_any_predictions[Negative=93,427(81.2%) | Positive=21,633(18.8%)][0m
2026-08-15 21:48:32,237 | INFO | [38;5;214mval_any_targets[Negative=25,199(79.2%) | Positive=6,621(20.8%)][0m
2026-08-15 21:48:32,237 | INFO | [38;5;214mval_any_predictions[Negative=26,160(82.2%) | Positive=5,660(17.8%)][0m
2026-08-15 21:49:13,906 | INFO | fold=2 ep=005 train=34.7s val=6.8s [92mtrain_stg_loss=0.8901 train_rswa_loss=0.6795 train_rswa_head_loss(t/p/a)=0.2704/0.1818/0.2273[0m | [93mval_stg_f1=0.5096 val_stg_kappa=0.5028 val_rswa_head_loss(t/p/a)=0.6851/0.3313/0.4220 val_f1(t/p/a)=0.097/0.519/0.620 val_f1_macro=0.4121[0m
2026-08-15 21:49:13,906 | INFO | [92mtrain_stage_targets[W=72,434(11.7%) | N1=31,320(5.1%) | N2=219,686(35.6%) | N3=166,498(27.0%) | REM=127,178(20.6%)][0m
2026-08-15 21:49:13,907 | INFO | [92mtrain_stage_predictions[W=69,124(11.2%) | N1=774(0.1%) | N2=238,771(38.7%) | N3=163,018(26.4%) | REM=145,429(23.6%)][0m
2026-08-15 21:49:13,907 | INFO | [92mtrain_move_targets[Negative=97,699(76.8%) | Positive=29,481(23.2%)][0m
2026-08-15 21:49:13,907 | INFO | [92mtrain_move_predictions[Negative=101,030(79.4%) | Positive=26,150(20.6%)][0m
2026-08-15 21:49:13,907 | INFO | [93mval_stage_targets[W=48,448(26.0%) | N1=8,879(4.8%) | N2=59,929(32.1%) | N3=37,340(20.0%) | REM=31,820(17.1%)][0m
2026-08-15 21:49:13,907 | INFO | [93mval_stage_predictions[W=28,792(15.4%) | N1=0(0.0%) | N2=48,487(26.0%) | N3=41,522(22.3%) | REM=67,615(36.3%)][0m
2026-08-15 21:49:13,907 | INFO | [94mtrain_tonic_targets[Negative=125,600(98.8%) | Positive=1,580(1.2%)][0m
2026-08-15 21:49:13,907 | INFO | [94mtrain_tonic_predictions[Negative=113,638(89.4%) | Positive=13,542(10.6%)][0m
2026-08-15 21:49:13,907 | INFO | [94mval_tonic_targets[Negative=31,530(99.1%) | Positive=290(0.9%)][0m
2026-08-15 21:49:13,907 | INFO | [94mval_tonic_predictions[Negative=31,080(97.7%) | Positive=740(2.3%)][0m
2026-08-15 21:49:13,907 | INFO | [95mtrain_phasic_targets[Negative=110,860(87.2%) | Positive=16,320(12.8%)][0m
2026-08-15 21:49:13,908 | INFO | [95mtrain_phasic_predictions[Negative=103,428(81.3%) | Positive=23,752(18.7%)][0m
2026-08-15 21:49:13,908 | INFO | [95mval_phasic_targets[Negative=28,060(88.2%) | Positive=3,760(11.8%)][0m
2026-08-15 21:49:13,908 | INFO | [95mval_phasic_predictions[Negative=30,030(94.4%) | Positive=1,790(5.6%)][0m
2026-08-15 21:49:13,908 | INFO | [38;5;214mtrain_any_targets[Negative=97,699(76.8%) | Positive=29,481(23.2%)][0m
2026-08-15 21:49:13,908 | INFO | [38;5;214mtrain_any_predictions[Negative=101,251(79.6%) | Positive=25,929(20.4%)][0m
2026-08-15 21:49:13,908 | INFO | [38;5;214mval_any_targets[Negative=25,199(79.2%) | Positive=6,621(20.8%)][0m
2026-08-15 21:49:13,908 | INFO | [38;5;214mval_any_predictions[Negative=28,720(90.3%) | Positive=3,100(9.7%)][0m
2026-08-15 21:49:14,095 | INFO | Fold 2: novo melhor checkpoint na época 5, staging_f1_macro=0.5096
2026-08-15 21:49:55,661 | INFO | fold=2 ep=006 train=34.7s val=6.8s [92mtrain_stg_loss=0.8572 train_rswa_loss=0.5958 train_rswa_head_loss(t/p/a)=0.2021/0.1734/0.2203[0m | [93mval_stg_f1=0.5449 val_stg_kappa=0.5519 val_rswa_head_loss(t/p/a)=0.2578/0.1701/0.2128 val_f1(t/p/a)=0.206/0.785/0.858 val_f1_macro=0.6164[0m
2026-08-15 21:49:55,661 | INFO | [92mtrain_stage_targets[W=76,236(12.5%) | N1=25,530(4.2%) | N2=222,046(36.3%) | N3=172,475(28.2%) | REM=115,759(18.9%)][0m
2026-08-15 21:49:55,661 | INFO | [92mtrain_stage_predictions[W=73,050(11.9%) | N1=110(0.0%) | N2=233,230(38.1%) | N3=178,848(29.2%) | REM=126,808(20.7%)][0m
2026-08-15 21:49:55,661 | INFO | [92mtrain_move_targets[Negative=92,999(80.3%) | Positive=22,761(19.7%)][0m
2026-08-15 21:49:55,661 | INFO | [92mtrain_move_predictions[Negative=95,037(82.1%) | Positive=20,723(17.9%)][0m
2026-08-15 21:49:55,661 | INFO | [93mval_stage_targets[W=48,448(26.0%) | N1=8,879(4.8%) | N2=59,929(32.1%) | N3=37,340(20.0%) | REM=31,820(17.1%)][0m
2026-08-15 21:49:55,662 | INFO | [93mval_stage_predictions[W=53,049(28.5%) | N1=0(0.0%) | N2=53,481(28.7%) | N3=23,512(12.6%) | REM=56,374(30.2%)][0m
2026-08-15 21:49:55,662 | INFO | [94mtrain_tonic_targets[Negative=114,830(99.2%) | Positive=930(0.8%)][0m
2026-08-15 21:49:55,662 | INFO | [94mtrain_tonic_predictions[Negative=106,438(91.9%) | Positive=9,322(8.1%)][0m
2026-08-15 21:49:55,662 | INFO | [94mval_tonic_targets[Negative=31,530(99.1%) | Positive=290(0.9%)][0m
2026-08-15 21:49:55,662 | INFO | [94mval_tonic_predictions[Negative=29,300(92.1%) | Positive=2,520(7.9%)][0m
2026-08-15 21:49:55,662 | INFO | [95mtrain_phasic_targets[Negative=103,910(89.8%) | Positive=11,850(10.2%)][0m
2026-08-15 21:49:55,662 | INFO | [95mtrain_phasic_predictions[Negative=97,009(83.8%) | Positive=18,751(16.2%)][0m
2026-08-15 21:49:55,662 | INFO | [95mval_phasic_targets[Negative=28,060(88.2%) | Positive=3,760(11.8%)][0m
2026-08-15 21:49:55,662 | INFO | [95mval_phasic_predictions[Negative=28,270(88.8%) | Positive=3,550(11.2%)][0m
2026-08-15 21:49:55,662 | INFO | [38;5;214mtrain_any_targets[Negative=92,999(80.3%) | Positive=22,761(19.7%)][0m
2026-08-15 21:49:55,662 | INFO | [38;5;214mtrain_any_predictions[Negative=95,419(82.4%) | Positive=20,341(17.6%)][0m
2026-08-15 21:49:55,663 | INFO | [38;5;214mval_any_targets[Negative=25,199(79.2%) | Positive=6,621(20.8%)][0m
2026-08-15 21:49:55,663 | INFO | [38;5;214mval_any_predictions[Negative=26,095(82.0%) | Positive=5,725(18.0%)][0m
2026-08-15 21:49:55,844 | INFO | Fold 2: novo melhor checkpoint na época 6, staging_f1_macro=0.5449
2026-08-15 21:50:37,902 | INFO | fold=2 ep=007 train=35.2s val=6.8s [92mtrain_stg_loss=0.8002 train_rswa_loss=0.5618 train_rswa_head_loss(t/p/a)=0.2021/0.1581/0.2017[0m | [93mval_stg_f1=0.5152 val_stg_kappa=0.5082 val_rswa_head_loss(t/p/a)=0.3081/0.2660/0.3131 val_f1(t/p/a)=0.221/0.640/0.759 val_f1_macro=0.5399[0m
2026-08-15 21:50:37,902 | INFO | [92mtrain_stage_targets[W=87,202(14.1%) | N1=31,410(5.1%) | N2=224,060(36.1%) | N3=162,216(26.2%) | REM=115,358(18.6%)][0m
2026-08-15 21:50:37,902 | INFO | [92mtrain_stage_predictions[W=109,053(17.6%) | N1=57(0.0%) | N2=233,282(37.6%) | N3=149,908(24.2%) | REM=127,946(20.6%)][0m
2026-08-15 21:50:37,902 | INFO | [92mtrain_move_targets[Negative=92,058(79.8%) | Positive=23,302(20.2%)][0m
2026-08-15 21:50:37,903 | INFO | [92mtrain_move_predictions[Negative=93,442(81.0%) | Positive=21,918(19.0%)][0m
2026-08-15 21:50:37,903 | INFO | [93mval_stage_targets[W=48,448(26.0%) | N1=8,879(4.8%) | N2=59,929(32.1%) | N3=37,340(20.0%) | REM=31,820(17.1%)][0m
2026-08-15 21:50:37,903 | INFO | [93mval_stage_predictions[W=47,709(25.6%) | N1=0(0.0%) | N2=33,700(18.1%) | N3=32,505(17.4%) | REM=72,502(38.9%)][0m
2026-08-15 21:50:37,903 | INFO | [94mtrain_tonic_targets[Negative=114,030(98.8%) | Positive=1,330(1.2%)][0m
2026-08-15 21:50:37,903 | INFO | [94mtrain_tonic_predictions[Negative=106,177(92.0%) | Positive=9,183(8.0%)][0m
2026-08-15 21:50:37,903 | INFO | [94mval_tonic_targets[Negative=31,530(99.1%) | Positive=290(0.9%)][0m
2026-08-15 21:50:37,903 | INFO | [94mval_tonic_predictions[Negative=30,030(94.4%) | Positive=1,790(5.6%)][0m
2026-08-15 21:50:37,903 | INFO | [95mtrain_phasic_targets[Negative=103,820(90.0%) | Positive=11,540(10.0%)][0m
2026-08-15 21:50:37,903 | INFO | [95mtrain_phasic_predictions[Negative=95,361(82.7%) | Positive=19,999(17.3%)][0m
2026-08-15 21:50:37,903 | INFO | [95mval_phasic_targets[Negative=28,060(88.2%) | Positive=3,760(11.8%)][0m
2026-08-15 21:50:37,903 | INFO | [95mval_phasic_predictions[Negative=29,390(92.4%) | Positive=2,430(7.6%)][0m
2026-08-15 21:50:37,904 | INFO | [38;5;214mtrain_any_targets[Negative=92,058(79.8%) | Positive=23,302(20.2%)][0m
2026-08-15 21:50:37,904 | INFO | [38;5;214mtrain_any_predictions[Negative=93,820(81.3%) | Positive=21,540(18.7%)][0m
2026-08-15 21:50:37,904 | INFO | [38;5;214mval_any_targets[Negative=25,199(79.2%) | Positive=6,621(20.8%)][0m
2026-08-15 21:50:37,904 | INFO | [38;5;214mval_any_predictions[Negative=27,439(86.2%) | Positive=4,381(13.8%)][0m
2026-08-15 21:51:19,600 | INFO | fold=2 ep=008 train=34.7s val=6.8s [92mtrain_stg_loss=0.7870 train_rswa_loss=0.5580 train_rswa_head_loss(t/p/a)=0.2007/0.1603/0.1970[0m | [93mval_stg_f1=0.4684 val_stg_kappa=0.4451 val_rswa_head_loss(t/p/a)=0.2597/0.2674/0.2951 val_f1(t/p/a)=0.232/0.635/0.770 val_f1_macro=0.5459[0m
2026-08-15 21:51:19,600 | INFO | [92mtrain_stage_targets[W=67,700(11.0%) | N1=29,970(4.9%) | N2=225,786(36.7%) | N3=177,554(28.9%) | REM=113,866(18.5%)][0m
2026-08-15 21:51:19,601 | INFO | [92mtrain_stage_predictions[W=81,668(13.3%) | N1=446(0.1%) | N2=245,772(40.0%) | N3=162,531(26.4%) | REM=124,459(20.2%)][0m
2026-08-15 21:51:19,601 | INFO | [92mtrain_move_targets[Negative=91,643(80.5%) | Positive=22,227(19.5%)][0m
2026-08-15 21:51:19,601 | INFO | [92mtrain_move_predictions[Negative=93,001(81.7%) | Positive=20,869(18.3%)][0m
2026-08-15 21:51:19,601 | INFO | [93mval_stage_targets[W=48,448(26.0%) | N1=8,879(4.8%) | N2=59,929(32.1%) | N3=37,340(20.0%) | REM=31,820(17.1%)][0m
2026-08-15 21:51:19,601 | INFO | [93mval_stage_predictions[W=47,798(25.6%) | N1=4(0.0%) | N2=19,167(10.3%) | N3=32,421(17.4%) | REM=87,026(46.7%)][0m
2026-08-15 21:51:19,601 | INFO | [94mtrain_tonic_targets[Negative=112,390(98.7%) | Positive=1,480(1.3%)][0m
2026-08-15 21:51:19,601 | INFO | [94mtrain_tonic_predictions[Negative=105,731(92.9%) | Positive=8,139(7.1%)][0m
2026-08-15 21:51:19,601 | INFO | [94mval_tonic_targets[Negative=31,530(99.1%) | Positive=290(0.9%)][0m
2026-08-15 21:51:19,601 | INFO | [94mval_tonic_predictions[Negative=29,700(93.3%) | Positive=2,120(6.7%)][0m
2026-08-15 21:51:19,601 | INFO | [95mtrain_phasic_targets[Negative=103,270(90.7%) | Positive=10,600(9.3%)][0m
2026-08-15 21:51:19,601 | INFO | [95mtrain_phasic_predictions[Negative=95,099(83.5%) | Positive=18,771(16.5%)][0m
2026-08-15 21:51:19,602 | INFO | [95mval_phasic_targets[Negative=28,060(88.2%) | Positive=3,760(11.8%)][0m
2026-08-15 21:51:19,602 | INFO | [95mval_phasic_predictions[Negative=29,440(92.5%) | Positive=2,380(7.5%)][0m
2026-08-15 21:51:19,602 | INFO | [38;5;214mtrain_any_targets[Negative=91,643(80.5%) | Positive=22,227(19.5%)][0m
2026-08-15 21:51:19,602 | INFO | [38;5;214mtrain_any_predictions[Negative=93,371(82.0%) | Positive=20,499(18.0%)][0m
2026-08-15 21:51:19,602 | INFO | [38;5;214mval_any_targets[Negative=25,199(79.2%) | Positive=6,621(20.8%)][0m
2026-08-15 21:51:19,602 | INFO | [38;5;214mval_any_predictions[Negative=27,319(85.9%) | Positive=4,501(14.1%)][0m
2026-08-15 21:52:00,335 | INFO | fold=2 ep=009 train=33.8s val=6.8s [92mtrain_stg_loss=0.8017 train_rswa_loss=0.5466 train_rswa_head_loss(t/p/a)=0.1915/0.1593/0.1957[0m | [93mval_stg_f1=0.4853 val_stg_kappa=0.4732 val_rswa_head_loss(t/p/a)=0.2644/0.2568/0.2915 val_f1(t/p/a)=0.236/0.619/0.785 val_f1_macro=0.5467[0m
2026-08-15 21:52:00,336 | INFO | [92mtrain_stage_targets[W=73,040(12.2%) | N1=28,400(4.7%) | N2=222,938(37.1%) | N3=155,333(25.9%) | REM=120,565(20.1%)][0m
2026-08-15 21:52:00,336 | INFO | [92mtrain_stage_predictions[W=90,764(15.1%) | N1=631(0.1%) | N2=228,809(38.1%) | N3=132,983(22.2%) | REM=147,089(24.5%)][0m
2026-08-15 21:52:00,336 | INFO | [92mtrain_move_targets[Negative=94,793(78.6%) | Positive=25,777(21.4%)][0m
2026-08-15 21:52:00,336 | INFO | [92mtrain_move_predictions[Negative=97,023(80.5%) | Positive=23,547(19.5%)][0m
2026-08-15 21:52:00,336 | INFO | [93mval_stage_targets[W=48,448(26.0%) | N1=8,879(4.8%) | N2=59,929(32.1%) | N3=37,340(20.0%) | REM=31,820(17.1%)][0m
2026-08-15 21:52:00,336 | INFO | [93mval_stage_predictions[W=36,787(19.7%) | N1=5(0.0%) | N2=28,753(15.4%) | N3=76,371(41.0%) | REM=44,500(23.9%)][0m
2026-08-15 21:52:00,336 | INFO | [94mtrain_tonic_targets[Negative=119,070(98.8%) | Positive=1,500(1.2%)][0m
2026-08-15 21:52:00,336 | INFO | [94mtrain_tonic_predictions[Negative=111,962(92.9%) | Positive=8,608(7.1%)][0m
2026-08-15 21:52:00,336 | INFO | [94mval_tonic_targets[Negative=31,530(99.1%) | Positive=290(0.9%)][0m
2026-08-15 21:52:00,337 | INFO | [94mval_tonic_predictions[Negative=29,820(93.7%) | Positive=2,000(6.3%)][0m
2026-08-15 21:52:00,337 | INFO | [95mtrain_phasic_targets[Negative=107,590(89.2%) | Positive=12,980(10.8%)][0m
2026-08-15 21:52:00,337 | INFO | [95mtrain_phasic_predictions[Negative=99,607(82.6%) | Positive=20,963(17.4%)][0m
2026-08-15 21:52:00,337 | INFO | [95mval_phasic_targets[Negative=28,060(88.2%) | Positive=3,760(11.8%)][0m
2026-08-15 21:52:00,337 | INFO | [95mval_phasic_predictions[Negative=29,600(93.0%) | Positive=2,220(7.0%)][0m
2026-08-15 21:52:00,337 | INFO | [38;5;214mtrain_any_targets[Negative=94,793(78.6%) | Positive=25,777(21.4%)][0m
2026-08-15 21:52:00,337 | INFO | [38;5;214mtrain_any_predictions[Negative=97,437(80.8%) | Positive=23,133(19.2%)][0m
2026-08-15 21:52:00,337 | INFO | [38;5;214mval_any_targets[Negative=25,199(79.2%) | Positive=6,621(20.8%)][0m
2026-08-15 21:52:00,337 | INFO | [38;5;214mval_any_predictions[Negative=27,097(85.2%) | Positive=4,723(14.8%)][0m
2026-08-15 21:52:41,450 | INFO | fold=2 ep=010 train=34.3s val=6.7s [92mtrain_stg_loss=0.7952 train_rswa_loss=0.5577 train_rswa_head_loss(t/p/a)=0.2205/0.1566/0.1806[0m | [93mval_stg_f1=0.5652 val_stg_kappa=0.5901 val_rswa_head_loss(t/p/a)=0.2530/0.1637/0.1817 val_f1(t/p/a)=0.193/0.756/0.870 val_f1_macro=0.6063[0m
2026-08-15 21:52:41,450 | INFO | [92mtrain_stage_targets[W=82,190(13.6%) | N1=31,130(5.2%) | N2=218,640(36.2%) | N3=158,936(26.3%) | REM=113,470(18.8%)][0m
2026-08-15 21:52:41,450 | INFO | [92mtrain_stage_predictions[W=96,602(16.0%) | N1=740(0.1%) | N2=239,012(39.5%) | N3=141,842(23.5%) | REM=126,170(20.9%)][0m
2026-08-15 21:52:41,451 | INFO | [92mtrain_move_targets[Negative=90,070(79.4%) | Positive=23,400(20.6%)][0m
2026-08-15 21:52:41,451 | INFO | [92mtrain_move_predictions[Negative=90,924(80.1%) | Positive=22,546(19.9%)][0m
2026-08-15 21:52:41,451 | INFO | [93mval_stage_targets[W=48,448(26.0%) | N1=8,879(4.8%) | N2=59,929(32.1%) | N3=37,340(20.0%) | REM=31,820(17.1%)][0m
2026-08-15 21:52:41,451 | INFO | [93mval_stage_predictions[W=48,027(25.8%) | N1=199(0.1%) | N2=39,304(21.1%) | N3=42,749(22.9%) | REM=56,137(30.1%)][0m
2026-08-15 21:52:41,451 | INFO | [94mtrain_tonic_targets[Negative=111,910(98.6%) | Positive=1,560(1.4%)][0m
2026-08-15 21:52:41,451 | INFO | [94mtrain_tonic_predictions[Negative=104,612(92.2%) | Positive=8,858(7.8%)][0m
2026-08-15 21:52:41,451 | INFO | [94mval_tonic_targets[Negative=31,530(99.1%) | Positive=290(0.9%)][0m
2026-08-15 21:52:41,451 | INFO | [94mval_tonic_predictions[Negative=29,210(91.8%) | Positive=2,610(8.2%)][0m
2026-08-15 21:52:41,451 | INFO | [95mtrain_phasic_targets[Negative=102,270(90.1%) | Positive=11,200(9.9%)][0m
2026-08-15 21:52:41,452 | INFO | [95mtrain_phasic_predictions[Negative=93,377(82.3%) | Positive=20,093(17.7%)][0m
2026-08-15 21:52:41,452 | INFO | [95mval_phasic_targets[Negative=28,060(88.2%) | Positive=3,760(11.8%)][0m
2026-08-15 21:52:41,452 | INFO | [95mval_phasic_predictions[Negative=28,780(90.4%) | Positive=3,040(9.6%)][0m
2026-08-15 21:52:41,452 | INFO | [38;5;214mtrain_any_targets[Negative=90,070(79.4%) | Positive=23,400(20.6%)][0m
2026-08-15 21:52:41,452 | INFO | [38;5;214mtrain_any_predictions[Negative=91,447(80.6%) | Positive=22,023(19.4%)][0m
2026-08-15 21:52:41,452 | INFO | [38;5;214mval_any_targets[Negative=25,199(79.2%) | Positive=6,621(20.8%)][0m
2026-08-15 21:52:41,452 | INFO | [38;5;214mval_any_predictions[Negative=25,734(80.9%) | Positive=6,086(19.1%)][0m
2026-08-15 21:52:41,651 | INFO | Fold 2: novo melhor checkpoint na época 10, staging_f1_macro=0.5652
2026-08-15 21:53:22,937 | INFO | fold=2 ep=011 train=34.5s val=6.8s [92mtrain_stg_loss=0.7638 train_rswa_loss=0.4920 train_rswa_head_loss(t/p/a)=0.1844/0.1443/0.1633[0m | [93mval_stg_f1=0.5188 val_stg_kappa=0.4930 val_rswa_head_loss(t/p/a)=0.3935/0.2925/0.3238 val_f1(t/p/a)=0.195/0.606/0.751 val_f1_macro=0.5173[0m
2026-08-15 21:53:22,938 | INFO | [92mtrain_stage_targets[W=76,088(12.5%) | N1=25,280(4.2%) | N2=225,196(37.0%) | N3=165,883(27.3%) | REM=115,679(19.0%)][0m
2026-08-15 21:53:22,938 | INFO | [92mtrain_stage_predictions[W=89,150(14.7%) | N1=1,034(0.2%) | N2=235,152(38.7%) | N3=150,874(24.8%) | REM=131,916(21.7%)][0m
2026-08-15 21:53:22,938 | INFO | [92mtrain_move_targets[Negative=92,344(79.8%) | Positive=23,336(20.2%)][0m
2026-08-15 21:53:22,938 | INFO | [92mtrain_move_predictions[Negative=94,022(81.3%) | Positive=21,658(18.7%)][0m
2026-08-15 21:53:22,939 | INFO | [93mval_stage_targets[W=48,448(26.0%) | N1=8,879(4.8%) | N2=59,929(32.1%) | N3=37,340(20.0%) | REM=31,820(17.1%)][0m
2026-08-15 21:53:22,939 | INFO | [93mval_stage_predictions[W=35,501(19.0%) | N1=785(0.4%) | N2=31,098(16.7%) | N3=35,186(18.9%) | REM=83,846(45.0%)][0m
2026-08-15 21:53:22,939 | INFO | [94mtrain_tonic_targets[Negative=114,120(98.7%) | Positive=1,560(1.3%)][0m
2026-08-15 21:53:22,939 | INFO | [94mtrain_tonic_predictions[Negative=108,093(93.4%) | Positive=7,587(6.6%)][0m
2026-08-15 21:53:22,939 | INFO | [94mval_tonic_targets[Negative=31,530(99.1%) | Positive=290(0.9%)][0m
2026-08-15 21:53:22,939 | INFO | [94mval_tonic_predictions[Negative=30,570(96.1%) | Positive=1,250(3.9%)][0m
2026-08-15 21:53:22,939 | INFO | [95mtrain_phasic_targets[Negative=103,900(89.8%) | Positive=11,780(10.2%)][0m
2026-08-15 21:53:22,939 | INFO | [95mtrain_phasic_predictions[Negative=96,382(83.3%) | Positive=19,298(16.7%)][0m
2026-08-15 21:53:22,939 | INFO | [95mval_phasic_targets[Negative=28,060(88.2%) | Positive=3,760(11.8%)][0m
2026-08-15 21:53:22,939 | INFO | [95mval_phasic_predictions[Negative=29,610(93.1%) | Positive=2,210(6.9%)][0m
2026-08-15 21:53:22,939 | INFO | [38;5;214mtrain_any_targets[Negative=92,344(79.8%) | Positive=23,336(20.2%)][0m
2026-08-15 21:53:22,939 | INFO | [38;5;214mtrain_any_predictions[Negative=94,576(81.8%) | Positive=21,104(18.2%)][0m
2026-08-15 21:53:22,940 | INFO | [38;5;214mval_any_targets[Negative=25,199(79.2%) | Positive=6,621(20.8%)][0m
2026-08-15 21:53:22,940 | INFO | [38;5;214mval_any_predictions[Negative=27,500(86.4%) | Positive=4,320(13.6%)][0m
2026-08-15 21:54:05,304 | INFO | fold=2 ep=012 train=35.4s val=6.8s [92mtrain_stg_loss=0.7402 train_rswa_loss=0.5158 train_rswa_head_loss(t/p/a)=0.1997/0.1466/0.1695[0m | [93mval_stg_f1=0.5498 val_stg_kappa=0.5321 val_rswa_head_loss(t/p/a)=0.2977/0.1868/0.2238 val_f1(t/p/a)=0.312/0.749/0.834 val_f1_macro=0.6316[0m
2026-08-15 21:54:05,304 | INFO | [92mtrain_stage_targets[W=69,886(11.1%) | N1=28,430(4.5%) | N2=257,066(40.8%) | N3=161,088(25.6%) | REM=113,116(18.0%)][0m
2026-08-15 21:54:05,304 | INFO | [92mtrain_stage_predictions[W=74,930(11.9%) | N1=3,999(0.6%) | N2=270,264(42.9%) | N3=149,493(23.7%) | REM=130,900(20.8%)][0m
2026-08-15 21:54:05,305 | INFO | [92mtrain_move_targets[Negative=89,111(78.8%) | Positive=24,009(21.2%)][0m
2026-08-15 21:54:05,305 | INFO | [92mtrain_move_predictions[Negative=90,405(79.9%) | Positive=22,715(20.1%)][0m
2026-08-15 21:54:05,305 | INFO | [93mval_stage_targets[W=48,448(26.0%) | N1=8,879(4.8%) | N2=59,929(32.1%) | N3=37,340(20.0%) | REM=31,820(17.1%)][0m
2026-08-15 21:54:05,305 | INFO | [93mval_stage_predictions[W=24,042(12.9%) | N1=1,439(0.8%) | N2=76,624(41.1%) | N3=49,432(26.5%) | REM=34,879(18.7%)][0m
2026-08-15 21:54:05,305 | INFO | [94mtrain_tonic_targets[Negative=111,280(98.4%) | Positive=1,840(1.6%)][0m
2026-08-15 21:54:05,305 | INFO | [94mtrain_tonic_predictions[Negative=104,806(92.7%) | Positive=8,314(7.3%)][0m
2026-08-15 21:54:05,305 | INFO | [94mval_tonic_targets[Negative=31,530(99.1%) | Positive=290(0.9%)][0m
2026-08-15 21:54:05,305 | INFO | [94mval_tonic_predictions[Negative=30,570(96.1%) | Positive=1,250(3.9%)][0m
2026-08-15 21:54:05,306 | INFO | [95mtrain_phasic_targets[Negative=100,650(89.0%) | Positive=12,470(11.0%)][0m
2026-08-15 21:54:05,306 | INFO | [95mtrain_phasic_predictions[Negative=93,144(82.3%) | Positive=19,976(17.7%)][0m
2026-08-15 21:54:05,306 | INFO | [95mval_phasic_targets[Negative=28,060(88.2%) | Positive=3,760(11.8%)][0m
2026-08-15 21:54:05,306 | INFO | [95mval_phasic_predictions[Negative=28,640(90.0%) | Positive=3,180(10.0%)][0m
2026-08-15 21:54:05,306 | INFO | [38;5;214mtrain_any_targets[Negative=89,111(78.8%) | Positive=24,009(21.2%)][0m
2026-08-15 21:54:05,306 | INFO | [38;5;214mtrain_any_predictions[Negative=90,794(80.3%) | Positive=22,326(19.7%)][0m
2026-08-15 21:54:05,306 | INFO | [38;5;214mval_any_targets[Negative=25,199(79.2%) | Positive=6,621(20.8%)][0m
2026-08-15 21:54:05,306 | INFO | [38;5;214mval_any_predictions[Negative=26,442(83.1%) | Positive=5,378(16.9%)][0m
2026-08-15 21:54:47,145 | INFO | fold=2 ep=013 train=34.9s val=6.8s [92mtrain_stg_loss=0.7750 train_rswa_loss=0.4845 train_rswa_head_loss(t/p/a)=0.1813/0.1403/0.1629[0m | [93mval_stg_f1=0.5712 val_stg_kappa=0.5367 val_rswa_head_loss(t/p/a)=0.3527/0.1818/0.2141 val_f1(t/p/a)=0.195/0.737/0.831 val_f1_macro=0.5875[0m
2026-08-15 21:54:47,145 | INFO | [92mtrain_stage_targets[W=72,556(11.8%) | N1=29,360(4.8%) | N2=236,218(38.3%) | N3=160,526(26.0%) | REM=118,576(19.2%)][0m
2026-08-15 21:54:47,145 | INFO | [92mtrain_stage_predictions[W=84,647(13.7%) | N1=2,891(0.5%) | N2=260,916(42.3%) | N3=139,918(22.7%) | REM=128,864(20.9%)][0m
2026-08-15 21:54:47,146 | INFO | [92mtrain_move_targets[Negative=94,380(79.6%) | Positive=24,200(20.4%)][0m
2026-08-15 21:54:47,146 | INFO | [92mtrain_move_predictions[Negative=95,836(80.8%) | Positive=22,744(19.2%)][0m
2026-08-15 21:54:47,146 | INFO | [93mval_stage_targets[W=48,448(26.0%) | N1=8,879(4.8%) | N2=59,929(32.1%) | N3=37,340(20.0%) | REM=31,820(17.1%)][0m
2026-08-15 21:54:47,146 | INFO | [93mval_stage_predictions[W=33,660(18.1%) | N1=2,796(1.5%) | N2=47,128(25.3%) | N3=28,569(15.3%) | REM=74,263(39.8%)][0m
2026-08-15 21:54:47,146 | INFO | [94mtrain_tonic_targets[Negative=117,040(98.7%) | Positive=1,540(1.3%)][0m
2026-08-15 21:54:47,146 | INFO | [94mtrain_tonic_predictions[Negative=110,831(93.5%) | Positive=7,749(6.5%)][0m
2026-08-15 21:54:47,146 | INFO | [94mval_tonic_targets[Negative=31,530(99.1%) | Positive=290(0.9%)][0m
2026-08-15 21:54:47,146 | INFO | [94mval_tonic_predictions[Negative=30,570(96.1%) | Positive=1,250(3.9%)][0m
2026-08-15 21:54:47,146 | INFO | [95mtrain_phasic_targets[Negative=106,950(90.2%) | Positive=11,630(9.8%)][0m
2026-08-15 21:54:47,146 | INFO | [95mtrain_phasic_predictions[Negative=98,546(83.1%) | Positive=20,034(16.9%)][0m
2026-08-15 21:54:47,147 | INFO | [95mval_phasic_targets[Negative=28,060(88.2%) | Positive=3,760(11.8%)][0m
2026-08-15 21:54:47,147 | INFO | [95mval_phasic_predictions[Negative=28,710(90.2%) | Positive=3,110(9.8%)][0m
2026-08-15 21:54:47,147 | INFO | [38;5;214mtrain_any_targets[Negative=94,380(79.6%) | Positive=24,200(20.4%)][0m
2026-08-15 21:54:47,147 | INFO | [38;5;214mtrain_any_predictions[Negative=96,282(81.2%) | Positive=22,298(18.8%)][0m
2026-08-15 21:54:47,147 | INFO | [38;5;214mval_any_targets[Negative=25,199(79.2%) | Positive=6,621(20.8%)][0m
2026-08-15 21:54:47,147 | INFO | [38;5;214mval_any_predictions[Negative=26,449(83.1%) | Positive=5,371(16.9%)][0m
2026-08-15 21:54:47,335 | INFO | Fold 2: novo melhor checkpoint na época 13, staging_f1_macro=0.5712
2026-08-15 21:55:29,107 | INFO | fold=2 ep=014 train=34.9s val=6.8s [92mtrain_stg_loss=0.6933 train_rswa_loss=0.4905 train_rswa_head_loss(t/p/a)=0.1916/0.1397/0.1591[0m | [93mval_stg_f1=0.6268 val_stg_kappa=0.6213 val_rswa_head_loss(t/p/a)=0.2556/0.1719/0.1820 val_f1(t/p/a)=0.225/0.755/0.858 val_f1_macro=0.6127[0m
2026-08-15 21:55:29,108 | INFO | [92mtrain_stage_targets[W=95,881(15.4%) | N1=34,730(5.6%) | N2=220,621(35.5%) | N3=157,556(25.4%) | REM=112,228(18.1%)][0m
2026-08-15 21:55:29,108 | INFO | [92mtrain_stage_predictions[W=97,360(15.7%) | N1=8,056(1.3%) | N2=231,712(37.3%) | N3=150,625(24.3%) | REM=133,263(21.5%)][0m
2026-08-15 21:55:29,108 | INFO | [92mtrain_move_targets[Negative=87,745(78.2%) | Positive=24,485(21.8%)][0m
2026-08-15 21:55:29,108 | INFO | [92mtrain_move_predictions[Negative=88,951(79.3%) | Positive=23,279(20.7%)][0m
2026-08-15 21:55:29,108 | INFO | [93mval_stage_targets[W=48,448(26.0%) | N1=8,879(4.8%) | N2=59,929(32.1%) | N3=37,340(20.0%) | REM=31,820(17.1%)][0m
2026-08-15 21:55:29,109 | INFO | [93mval_stage_predictions[W=45,802(24.6%) | N1=4,423(2.4%) | N2=45,849(24.6%) | N3=33,312(17.9%) | REM=57,030(30.6%)][0m
2026-08-15 21:55:29,109 | INFO | [94mtrain_tonic_targets[Negative=111,070(99.0%) | Positive=1,160(1.0%)][0m
2026-08-15 21:55:29,109 | INFO | [94mtrain_tonic_predictions[Negative=104,523(93.1%) | Positive=7,707(6.9%)][0m
2026-08-15 21:55:29,109 | INFO | [94mval_tonic_targets[Negative=31,530(99.1%) | Positive=290(0.9%)][0m
2026-08-15 21:55:29,109 | INFO | [94mval_tonic_predictions[Negative=29,890(93.9%) | Positive=1,930(6.1%)][0m
2026-08-15 21:55:29,109 | INFO | [95mtrain_phasic_targets[Negative=99,060(88.3%) | Positive=13,170(11.7%)][0m
2026-08-15 21:55:29,109 | INFO | [95mtrain_phasic_predictions[Negative=91,657(81.7%) | Positive=20,573(18.3%)][0m
2026-08-15 21:55:29,109 | INFO | [95mval_phasic_targets[Negative=28,060(88.2%) | Positive=3,760(11.8%)][0m
2026-08-15 21:55:29,109 | INFO | [95mval_phasic_predictions[Negative=28,720(90.3%) | Positive=3,100(9.7%)][0m
2026-08-15 21:55:29,109 | INFO | [38;5;214mtrain_any_targets[Negative=87,745(78.2%) | Positive=24,485(21.8%)][0m
2026-08-15 21:55:29,109 | INFO | [38;5;214mtrain_any_predictions[Negative=89,336(79.6%) | Positive=22,894(20.4%)][0m
2026-08-15 21:55:29,109 | INFO | [38;5;214mval_any_targets[Negative=25,199(79.2%) | Positive=6,621(20.8%)][0m
2026-08-15 21:55:29,110 | INFO | [38;5;214mval_any_predictions[Negative=25,913(81.4%) | Positive=5,907(18.6%)][0m
2026-08-15 21:55:29,296 | INFO | Fold 2: novo melhor checkpoint na época 14, staging_f1_macro=0.6268
2026-08-15 21:56:10,517 | INFO | fold=2 ep=015 train=34.4s val=6.8s [92mtrain_stg_loss=0.6597 train_rswa_loss=0.4958 train_rswa_head_loss(t/p/a)=0.1710/0.1515/0.1733[0m | [93mval_stg_f1=0.6456 val_stg_kappa=0.6220 val_rswa_head_loss(t/p/a)=0.4725/0.2870/0.2972 val_f1(t/p/a)=0.174/0.605/0.770 val_f1_macro=0.5164[0m
2026-08-15 21:56:10,517 | INFO | [92mtrain_stage_targets[W=77,465(12.7%) | N1=27,990(4.6%) | N2=225,344(36.9%) | N3=168,927(27.6%) | REM=111,420(18.2%)][0m
2026-08-15 21:56:10,517 | INFO | [92mtrain_stage_predictions[W=83,537(13.7%) | N1=5,955(1.0%) | N2=239,353(39.2%) | N3=154,821(25.3%) | REM=127,480(20.9%)][0m
2026-08-15 21:56:10,517 | INFO | [92mtrain_move_targets[Negative=87,267(78.3%) | Positive=24,153(21.7%)][0m
2026-08-15 21:56:10,517 | INFO | [92mtrain_move_predictions[Negative=88,949(79.8%) | Positive=22,471(20.2%)][0m
2026-08-15 21:56:10,517 | INFO | [93mval_stage_targets[W=48,448(26.0%) | N1=8,879(4.8%) | N2=59,929(32.1%) | N3=37,340(20.0%) | REM=31,820(17.1%)][0m
2026-08-15 21:56:10,518 | INFO | [93mval_stage_predictions[W=36,314(19.5%) | N1=5,715(3.1%) | N2=50,489(27.1%) | N3=32,888(17.6%) | REM=61,010(32.7%)][0m
2026-08-15 21:56:10,518 | INFO | [94mtrain_tonic_targets[Negative=110,140(98.9%) | Positive=1,280(1.1%)][0m
2026-08-15 21:56:10,518 | INFO | [94mtrain_tonic_predictions[Negative=104,358(93.7%) | Positive=7,062(6.3%)][0m
2026-08-15 21:56:10,518 | INFO | [94mval_tonic_targets[Negative=31,530(99.1%) | Positive=290(0.9%)][0m
2026-08-15 21:56:10,518 | INFO | [94mval_tonic_predictions[Negative=30,730(96.6%) | Positive=1,090(3.4%)][0m
2026-08-15 21:56:10,518 | INFO | [95mtrain_phasic_targets[Negative=98,910(88.8%) | Positive=12,510(11.2%)][0m
2026-08-15 21:56:10,518 | INFO | [95mtrain_phasic_predictions[Negative=91,940(82.5%) | Positive=19,480(17.5%)][0m
2026-08-15 21:56:10,518 | INFO | [95mval_phasic_targets[Negative=28,060(88.2%) | Positive=3,760(11.8%)][0m
2026-08-15 21:56:10,518 | INFO | [95mval_phasic_predictions[Negative=29,660(93.2%) | Positive=2,160(6.8%)][0m
2026-08-15 21:56:10,518 | INFO | [38;5;214mtrain_any_targets[Negative=87,267(78.3%) | Positive=24,153(21.7%)][0m
2026-08-15 21:56:10,518 | INFO | [38;5;214mtrain_any_predictions[Negative=89,361(80.2%) | Positive=22,059(19.8%)][0m
2026-08-15 21:56:10,519 | INFO | [38;5;214mval_any_targets[Negative=25,199(79.2%) | Positive=6,621(20.8%)][0m
2026-08-15 21:56:10,519 | INFO | [38;5;214mval_any_predictions[Negative=27,185(85.4%) | Positive=4,635(14.6%)][0m
2026-08-15 21:56:10,700 | INFO | Fold 2: novo melhor checkpoint na época 15, staging_f1_macro=0.6456
2026-08-15 21:56:52,888 | INFO | fold=2 ep=016 train=35.4s val=6.8s [92mtrain_stg_loss=0.6181 train_rswa_loss=0.4512 train_rswa_head_loss(t/p/a)=0.1578/0.1346/0.1588[0m | [93mval_stg_f1=0.6533 val_stg_kappa=0.6378 val_rswa_head_loss(t/p/a)=0.3993/0.2707/0.2934 val_f1(t/p/a)=0.173/0.598/0.774 val_f1_macro=0.5151[0m
2026-08-15 21:56:52,888 | INFO | [92mtrain_stage_targets[W=81,125(13.0%) | N1=28,920(4.6%) | N2=239,735(38.4%) | N3=159,067(25.5%) | REM=115,669(18.5%)][0m
2026-08-15 21:56:52,888 | INFO | [92mtrain_stage_predictions[W=87,026(13.9%) | N1=9,612(1.5%) | N2=255,320(40.9%) | N3=149,413(23.9%) | REM=123,145(19.7%)][0m
2026-08-15 21:56:52,889 | INFO | [92mtrain_move_targets[Negative=91,564(79.2%) | Positive=24,106(20.8%)][0m
2026-08-15 21:56:52,889 | INFO | [92mtrain_move_predictions[Negative=92,831(80.3%) | Positive=22,839(19.7%)][0m
2026-08-15 21:56:52,889 | INFO | [93mval_stage_targets[W=48,448(26.0%) | N1=8,879(4.8%) | N2=59,929(32.1%) | N3=37,340(20.0%) | REM=31,820(17.1%)][0m
2026-08-15 21:56:52,889 | INFO | [93mval_stage_predictions[W=41,547(22.3%) | N1=5,772(3.1%) | N2=41,136(22.1%) | N3=41,420(22.2%) | REM=56,541(30.3%)][0m
2026-08-15 21:56:52,889 | INFO | [94mtrain_tonic_targets[Negative=114,350(98.9%) | Positive=1,320(1.1%)][0m
2026-08-15 21:56:52,889 | INFO | [94mtrain_tonic_predictions[Negative=108,690(94.0%) | Positive=6,980(6.0%)][0m
2026-08-15 21:56:52,889 | INFO | [94mval_tonic_targets[Negative=31,530(99.1%) | Positive=290(0.9%)][0m
2026-08-15 21:56:52,889 | INFO | [94mval_tonic_predictions[Negative=30,610(96.2%) | Positive=1,210(3.8%)][0m
2026-08-15 21:56:52,889 | INFO | [95mtrain_phasic_targets[Negative=103,740(89.7%) | Positive=11,930(10.3%)][0m
2026-08-15 21:56:52,889 | INFO | [95mtrain_phasic_predictions[Negative=95,600(82.6%) | Positive=20,070(17.4%)][0m
2026-08-15 21:56:52,890 | INFO | [95mval_phasic_targets[Negative=28,060(88.2%) | Positive=3,760(11.8%)][0m
2026-08-15 21:56:52,890 | INFO | [95mval_phasic_predictions[Negative=29,760(93.5%) | Positive=2,060(6.5%)][0m
2026-08-15 21:56:52,890 | INFO | [38;5;214mtrain_any_targets[Negative=91,564(79.2%) | Positive=24,106(20.8%)][0m
2026-08-15 21:56:52,890 | INFO | [38;5;214mtrain_any_predictions[Negative=93,165(80.5%) | Positive=22,505(19.5%)][0m
2026-08-15 21:56:52,890 | INFO | [38;5;214mval_any_targets[Negative=25,199(79.2%) | Positive=6,621(20.8%)][0m
2026-08-15 21:56:52,890 | INFO | [38;5;214mval_any_predictions[Negative=27,163(85.4%) | Positive=4,657(14.6%)][0m
2026-08-15 21:56:53,074 | INFO | Fold 2: novo melhor checkpoint na época 16, staging_f1_macro=0.6533
2026-08-15 21:57:34,343 | INFO | fold=2 ep=017 train=34.4s val=6.8s [92mtrain_stg_loss=0.6155 train_rswa_loss=0.5317 train_rswa_head_loss(t/p/a)=0.2030/0.1548/0.1740[0m | [93mval_stg_f1=0.6803 val_stg_kappa=0.6677 val_rswa_head_loss(t/p/a)=0.3693/0.1964/0.2085 val_f1(t/p/a)=0.198/0.736/0.826 val_f1_macro=0.5869[0m
2026-08-15 21:57:34,343 | INFO | [92mtrain_stage_targets[W=77,842(12.8%) | N1=32,240(5.3%) | N2=226,635(37.1%) | N3=159,740(26.2%) | REM=113,729(18.6%)][0m
2026-08-15 21:57:34,343 | INFO | [92mtrain_stage_predictions[W=80,957(13.3%) | N1=12,608(2.1%) | N2=243,154(39.8%) | N3=148,285(24.3%) | REM=125,182(20.5%)][0m
2026-08-15 21:57:34,343 | INFO | [92mtrain_move_targets[Negative=85,241(75.0%) | Positive=28,489(25.0%)][0m
2026-08-15 21:57:34,344 | INFO | [92mtrain_move_predictions[Negative=86,718(76.2%) | Positive=27,012(23.8%)][0m
2026-08-15 21:57:34,344 | INFO | [93mval_stage_targets[W=48,448(26.0%) | N1=8,879(4.8%) | N2=59,929(32.1%) | N3=37,340(20.0%) | REM=31,820(17.1%)][0m
2026-08-15 21:57:34,344 | INFO | [93mval_stage_predictions[W=34,738(18.6%) | N1=6,912(3.7%) | N2=57,369(30.8%) | N3=40,562(21.8%) | REM=46,835(25.1%)][0m
2026-08-15 21:57:34,344 | INFO | [94mtrain_tonic_targets[Negative=111,990(98.5%) | Positive=1,740(1.5%)][0m
2026-08-15 21:57:34,344 | INFO | [94mtrain_tonic_predictions[Negative=104,587(92.0%) | Positive=9,143(8.0%)][0m
2026-08-15 21:57:34,344 | INFO | [94mval_tonic_targets[Negative=31,530(99.1%) | Positive=290(0.9%)][0m
2026-08-15 21:57:34,344 | INFO | [94mval_tonic_predictions[Negative=30,800(96.8%) | Positive=1,020(3.2%)][0m
2026-08-15 21:57:34,344 | INFO | [95mtrain_phasic_targets[Negative=97,790(86.0%) | Positive=15,940(14.0%)][0m
2026-08-15 21:57:34,344 | INFO | [95mtrain_phasic_predictions[Negative=90,235(79.3%) | Positive=23,495(20.7%)][0m
2026-08-15 21:57:34,344 | INFO | [95mval_phasic_targets[Negative=28,060(88.2%) | Positive=3,760(11.8%)][0m
2026-08-15 21:57:34,345 | INFO | [95mval_phasic_predictions[Negative=28,840(90.6%) | Positive=2,980(9.4%)][0m
2026-08-15 21:57:34,345 | INFO | [38;5;214mtrain_any_targets[Negative=85,241(75.0%) | Positive=28,489(25.0%)][0m
2026-08-15 21:57:34,345 | INFO | [38;5;214mtrain_any_predictions[Negative=87,197(76.7%) | Positive=26,533(23.3%)][0m
2026-08-15 21:57:34,345 | INFO | [38;5;214mval_any_targets[Negative=25,199(79.2%) | Positive=6,621(20.8%)][0m
2026-08-15 21:57:34,345 | INFO | [38;5;214mval_any_predictions[Negative=26,492(83.3%) | Positive=5,328(16.7%)][0m
2026-08-15 21:57:34,528 | INFO | Fold 2: novo melhor checkpoint na época 17, staging_f1_macro=0.6803
2026-08-15 21:58:15,998 | INFO | fold=2 ep=018 train=34.7s val=6.7s [92mtrain_stg_loss=0.5789 train_rswa_loss=0.4577 train_rswa_head_loss(t/p/a)=0.1610/0.1417/0.1550[0m | [93mval_stg_f1=0.6704 val_stg_kappa=0.6538 val_rswa_head_loss(t/p/a)=0.2385/0.2133/0.2140 val_f1(t/p/a)=0.274/0.670/0.826 val_f1_macro=0.5899[0m
2026-08-15 21:58:15,998 | INFO | [92mtrain_stage_targets[W=87,234(14.3%) | N1=26,810(4.4%) | N2=228,185(37.3%) | N3=154,808(25.3%) | REM=114,869(18.8%)][0m
2026-08-15 21:58:15,999 | INFO | [92mtrain_stage_predictions[W=88,804(14.5%) | N1=10,757(1.8%) | N2=250,117(40.9%) | N3=144,271(23.6%) | REM=117,957(19.3%)][0m
2026-08-15 21:58:15,999 | INFO | [92mtrain_move_targets[Negative=90,182(78.5%) | Positive=24,688(21.5%)][0m
2026-08-15 21:58:15,999 | INFO | [92mtrain_move_predictions[Negative=91,395(79.6%) | Positive=23,475(20.4%)][0m
2026-08-15 21:58:15,999 | INFO | [93mval_stage_targets[W=48,448(26.0%) | N1=8,879(4.8%) | N2=59,929(32.1%) | N3=37,340(20.0%) | REM=31,820(17.1%)][0m
2026-08-15 21:58:16,000 | INFO | [93mval_stage_predictions[W=36,210(19.4%) | N1=5,817(3.1%) | N2=52,529(28.2%) | N3=38,341(20.6%) | REM=53,519(28.7%)][0m
2026-08-15 21:58:16,000 | INFO | [94mtrain_tonic_targets[Negative=113,270(98.6%) | Positive=1,600(1.4%)][0m
2026-08-15 21:58:16,000 | INFO | [94mtrain_tonic_predictions[Negative=108,009(94.0%) | Positive=6,861(6.0%)][0m
2026-08-15 21:58:16,000 | INFO | [94mval_tonic_targets[Negative=31,530(99.1%) | Positive=290(0.9%)][0m
2026-08-15 21:58:16,000 | INFO | [94mval_tonic_predictions[Negative=30,210(94.9%) | Positive=1,610(5.1%)][0m
2026-08-15 21:58:16,001 | INFO | [95mtrain_phasic_targets[Negative=102,390(89.1%) | Positive=12,480(10.9%)][0m
2026-08-15 21:58:16,001 | INFO | [95mtrain_phasic_predictions[Negative=94,068(81.9%) | Positive=20,802(18.1%)][0m
2026-08-15 21:58:16,001 | INFO | [95mval_phasic_targets[Negative=28,060(88.2%) | Positive=3,760(11.8%)][0m
2026-08-15 21:58:16,001 | INFO | [95mval_phasic_predictions[Negative=29,400(92.4%) | Positive=2,420(7.6%)][0m
2026-08-15 21:58:16,001 | INFO | [38;5;214mtrain_any_targets[Negative=90,182(78.5%) | Positive=24,688(21.5%)][0m
2026-08-15 21:58:16,001 | INFO | [38;5;214mtrain_any_predictions[Negative=91,886(80.0%) | Positive=22,984(20.0%)][0m
2026-08-15 21:58:16,002 | INFO | [38;5;214mval_any_targets[Negative=25,199(79.2%) | Positive=6,621(20.8%)][0m
2026-08-15 21:58:16,002 | INFO | [38;5;214mval_any_predictions[Negative=26,505(83.3%) | Positive=5,315(16.7%)][0m
2026-08-15 21:58:57,607 | INFO | fold=2 ep=019 train=34.6s val=6.8s [92mtrain_stg_loss=0.5200 train_rswa_loss=0.4506 train_rswa_head_loss(t/p/a)=0.1563/0.1352/0.1591[0m | [93mval_stg_f1=0.6505 val_stg_kappa=0.6423 val_rswa_head_loss(t/p/a)=0.3220/0.2382/0.2480 val_f1(t/p/a)=0.238/0.657/0.802 val_f1_macro=0.5656[0m
2026-08-15 21:58:57,608 | INFO | [92mtrain_stage_targets[W=83,210(13.5%) | N1=33,760(5.5%) | N2=232,719(37.9%) | N3=151,049(24.6%) | REM=113,828(18.5%)][0m
2026-08-15 21:58:57,608 | INFO | [92mtrain_stage_predictions[W=89,141(14.5%) | N1=15,465(2.5%) | N2=247,849(40.3%) | N3=137,344(22.3%) | REM=124,767(20.3%)][0m
2026-08-15 21:58:57,608 | INFO | [92mtrain_move_targets[Negative=90,543(79.5%) | Positive=23,287(20.5%)][0m
2026-08-15 21:58:57,608 | INFO | [92mtrain_move_predictions[Negative=91,741(80.6%) | Positive=22,089(19.4%)][0m
2026-08-15 21:58:57,608 | INFO | [93mval_stage_targets[W=48,448(26.0%) | N1=8,879(4.8%) | N2=59,929(32.1%) | N3=37,340(20.0%) | REM=31,820(17.1%)][0m
2026-08-15 21:58:57,608 | INFO | [93mval_stage_predictions[W=30,048(16.1%) | N1=5,678(3.0%) | N2=61,709(33.1%) | N3=42,942(23.0%) | REM=46,039(24.7%)][0m
2026-08-15 21:58:57,608 | INFO | [94mtrain_tonic_targets[Negative=112,540(98.9%) | Positive=1,290(1.1%)][0m
2026-08-15 21:58:57,608 | INFO | [94mtrain_tonic_predictions[Negative=107,731(94.6%) | Positive=6,099(5.4%)][0m
2026-08-15 21:58:57,609 | INFO | [94mval_tonic_targets[Negative=31,530(99.1%) | Positive=290(0.9%)][0m
2026-08-15 21:58:57,609 | INFO | [94mval_tonic_predictions[Negative=30,680(96.4%) | Positive=1,140(3.6%)][0m
2026-08-15 21:58:57,609 | INFO | [95mtrain_phasic_targets[Negative=102,260(89.8%) | Positive=11,570(10.2%)][0m
2026-08-15 21:58:57,609 | INFO | [95mtrain_phasic_predictions[Negative=94,518(83.0%) | Positive=19,312(17.0%)][0m
2026-08-15 21:58:57,609 | INFO | [95mval_phasic_targets[Negative=28,060(88.2%) | Positive=3,760(11.8%)][0m
2026-08-15 21:58:57,609 | INFO | [95mval_phasic_predictions[Negative=29,340(92.2%) | Positive=2,480(7.8%)][0m
2026-08-15 21:58:57,609 | INFO | [38;5;214mtrain_any_targets[Negative=90,543(79.5%) | Positive=23,287(20.5%)][0m
2026-08-15 21:58:57,609 | INFO | [38;5;214mtrain_any_predictions[Negative=92,169(81.0%) | Positive=21,661(19.0%)][0m
2026-08-15 21:58:57,609 | INFO | [38;5;214mval_any_targets[Negative=25,199(79.2%) | Positive=6,621(20.8%)][0m
2026-08-15 21:58:57,609 | INFO | [38;5;214mval_any_predictions[Negative=26,772(84.1%) | Positive=5,048(15.9%)][0m
2026-08-15 21:59:38,968 | INFO | fold=2 ep=020 train=34.4s val=6.8s [92mtrain_stg_loss=0.5301 train_rswa_loss=0.4215 train_rswa_head_loss(t/p/a)=0.1492/0.1309/0.1414[0m | [93mval_stg_f1=0.6694 val_stg_kappa=0.6656 val_rswa_head_loss(t/p/a)=0.6374/0.2686/0.3007 val_f1(t/p/a)=0.179/0.622/0.775 val_f1_macro=0.5251[0m
2026-08-15 21:59:38,968 | INFO | [92mtrain_stage_targets[W=90,309(14.9%) | N1=26,880(4.4%) | N2=221,324(36.4%) | N3=162,324(26.7%) | REM=107,299(17.6%)][0m
2026-08-15 21:59:38,968 | INFO | [92mtrain_stage_predictions[W=96,063(15.8%) | N1=10,530(1.7%) | N2=239,823(39.4%) | N3=149,940(24.7%) | REM=111,780(18.4%)][0m
2026-08-15 21:59:38,968 | INFO | [92mtrain_move_targets[Negative=85,726(79.9%) | Positive=21,574(20.1%)][0m
2026-08-15 21:59:38,969 | INFO | [92mtrain_move_predictions[Negative=86,666(80.8%) | Positive=20,634(19.2%)][0m
2026-08-15 21:59:38,969 | INFO | [93mval_stage_targets[W=48,448(26.0%) | N1=8,879(4.8%) | N2=59,929(32.1%) | N3=37,340(20.0%) | REM=31,820(17.1%)][0m
2026-08-15 21:59:38,969 | INFO | [93mval_stage_predictions[W=41,003(22.0%) | N1=3,972(2.1%) | N2=55,148(29.6%) | N3=31,542(16.9%) | REM=54,751(29.4%)][0m
2026-08-15 21:59:38,969 | INFO | [94mtrain_tonic_targets[Negative=105,880(98.7%) | Positive=1,420(1.3%)][0m
2026-08-15 21:59:38,969 | INFO | [94mtrain_tonic_predictions[Negative=100,580(93.7%) | Positive=6,720(6.3%)][0m
2026-08-15 21:59:38,969 | INFO | [94mval_tonic_targets[Negative=31,530(99.1%) | Positive=290(0.9%)][0m
2026-08-15 21:59:38,969 | INFO | [94mval_tonic_predictions[Negative=30,990(97.4%) | Positive=830(2.6%)][0m
2026-08-15 21:59:38,969 | INFO | [95mtrain_phasic_targets[Negative=97,000(90.4%) | Positive=10,300(9.6%)][0m
2026-08-15 21:59:38,969 | INFO | [95mtrain_phasic_predictions[Negative=89,783(83.7%) | Positive=17,517(16.3%)][0m
2026-08-15 21:59:38,970 | INFO | [95mval_phasic_targets[Negative=28,060(88.2%) | Positive=3,760(11.8%)][0m
2026-08-15 21:59:38,970 | INFO | [95mval_phasic_predictions[Negative=29,630(93.1%) | Positive=2,190(6.9%)][0m
2026-08-15 21:59:38,970 | INFO | [38;5;214mtrain_any_targets[Negative=85,726(79.9%) | Positive=21,574(20.1%)][0m
2026-08-15 21:59:38,970 | INFO | [38;5;214mtrain_any_predictions[Negative=87,038(81.1%) | Positive=20,262(18.9%)][0m
2026-08-15 21:59:38,970 | INFO | [38;5;214mval_any_targets[Negative=25,199(79.2%) | Positive=6,621(20.8%)][0m
2026-08-15 21:59:38,970 | INFO | [38;5;214mval_any_predictions[Negative=27,225(85.6%) | Positive=4,595(14.4%)][0m
2026-08-15 22:00:20,416 | INFO | fold=2 ep=021 train=34.5s val=6.8s [92mtrain_stg_loss=0.5429 train_rswa_loss=0.4071 train_rswa_head_loss(t/p/a)=0.1436/0.1282/0.1352[0m | [93mval_stg_f1=0.7077 val_stg_kappa=0.6991 val_rswa_head_loss(t/p/a)=0.2954/0.2015/0.2006 val_f1(t/p/a)=0.293/0.679/0.830 val_f1_macro=0.6009[0m
2026-08-15 22:00:20,416 | INFO | [92mtrain_stage_targets[W=69,985(11.4%) | N1=27,210(4.5%) | N2=243,068(39.8%) | N3=154,005(25.2%) | REM=117,058(19.1%)][0m
2026-08-15 22:00:20,416 | INFO | [92mtrain_stage_predictions[W=75,366(12.3%) | N1=11,471(1.9%) | N2=264,512(43.3%) | N3=134,643(22.0%) | REM=125,334(20.5%)][0m
2026-08-15 22:00:20,416 | INFO | [92mtrain_move_targets[Negative=93,230(79.6%) | Positive=23,830(20.4%)][0m
2026-08-15 22:00:20,417 | INFO | [92mtrain_move_predictions[Negative=93,449(79.8%) | Positive=23,611(20.2%)][0m
2026-08-15 22:00:20,417 | INFO | [93mval_stage_targets[W=48,448(26.0%) | N1=8,879(4.8%) | N2=59,929(32.1%) | N3=37,340(20.0%) | REM=31,820(17.1%)][0m
2026-08-15 22:00:20,417 | INFO | [93mval_stage_predictions[W=37,164(19.9%) | N1=6,775(3.6%) | N2=67,689(36.3%) | N3=31,659(17.0%) | REM=43,129(23.1%)][0m
2026-08-15 22:00:20,417 | INFO | [94mtrain_tonic_targets[Negative=115,250(98.5%) | Positive=1,810(1.5%)][0m
2026-08-15 22:00:20,417 | INFO | [94mtrain_tonic_predictions[Negative=109,840(93.8%) | Positive=7,220(6.2%)][0m
2026-08-15 22:00:20,417 | INFO | [94mval_tonic_targets[Negative=31,530(99.1%) | Positive=290(0.9%)][0m
2026-08-15 22:00:20,417 | INFO | [94mval_tonic_predictions[Negative=30,540(96.0%) | Positive=1,280(4.0%)][0m
2026-08-15 22:00:20,417 | INFO | [95mtrain_phasic_targets[Negative=105,420(90.1%) | Positive=11,640(9.9%)][0m
2026-08-15 22:00:20,417 | INFO | [95mtrain_phasic_predictions[Negative=96,548(82.5%) | Positive=20,512(17.5%)][0m
2026-08-15 22:00:20,417 | INFO | [95mval_phasic_targets[Negative=28,060(88.2%) | Positive=3,760(11.8%)][0m
2026-08-15 22:00:20,418 | INFO | [95mval_phasic_predictions[Negative=29,280(92.0%) | Positive=2,540(8.0%)][0m
2026-08-15 22:00:20,418 | INFO | [38;5;214mtrain_any_targets[Negative=93,230(79.6%) | Positive=23,830(20.4%)][0m
2026-08-15 22:00:20,418 | INFO | [38;5;214mtrain_any_predictions[Negative=93,835(80.2%) | Positive=23,225(19.8%)][0m
2026-08-15 22:00:20,418 | INFO | [38;5;214mval_any_targets[Negative=25,199(79.2%) | Positive=6,621(20.8%)][0m
2026-08-15 22:00:20,418 | INFO | [38;5;214mval_any_predictions[Negative=26,279(82.6%) | Positive=5,541(17.4%)][0m
2026-08-15 22:00:20,599 | INFO | Fold 2: novo melhor checkpoint na época 21, staging_f1_macro=0.7077
2026-08-15 22:01:02,614 | INFO | fold=2 ep=022 train=35.2s val=6.8s [92mtrain_stg_loss=0.5371 train_rswa_loss=0.4597 train_rswa_head_loss(t/p/a)=0.1678/0.1382/0.1537[0m | [93mval_stg_f1=0.7057 val_stg_kappa=0.6976 val_rswa_head_loss(t/p/a)=0.2321/0.1589/0.1535 val_f1(t/p/a)=0.289/0.731/0.861 val_f1_macro=0.6271[0m
2026-08-15 22:01:02,614 | INFO | [92mtrain_stage_targets[W=81,776(13.2%) | N1=29,320(4.7%) | N2=220,476(35.5%) | N3=171,928(27.7%) | REM=117,136(18.9%)][0m
2026-08-15 22:01:02,614 | INFO | [92mtrain_stage_predictions[W=83,520(13.5%) | N1=15,178(2.4%) | N2=245,503(39.6%) | N3=157,481(25.4%) | REM=118,954(19.2%)][0m
2026-08-15 22:01:02,614 | INFO | [92mtrain_move_targets[Negative=92,555(79.0%) | Positive=24,585(21.0%)][0m
2026-08-15 22:01:02,614 | INFO | [92mtrain_move_predictions[Negative=93,485(79.8%) | Positive=23,655(20.2%)][0m
2026-08-15 22:01:02,614 | INFO | [93mval_stage_targets[W=48,448(26.0%) | N1=8,879(4.8%) | N2=59,929(32.1%) | N3=37,340(20.0%) | REM=31,820(17.1%)][0m
2026-08-15 22:01:02,614 | INFO | [93mval_stage_predictions[W=37,701(20.2%) | N1=7,063(3.8%) | N2=61,570(33.0%) | N3=39,939(21.4%) | REM=40,143(21.5%)][0m
2026-08-15 22:01:02,615 | INFO | [94mtrain_tonic_targets[Negative=115,610(98.7%) | Positive=1,530(1.3%)][0m
2026-08-15 22:01:02,615 | INFO | [94mtrain_tonic_predictions[Negative=110,252(94.1%) | Positive=6,888(5.9%)][0m
2026-08-15 22:01:02,615 | INFO | [94mval_tonic_targets[Negative=31,530(99.1%) | Positive=290(0.9%)][0m
2026-08-15 22:01:02,615 | INFO | [94mval_tonic_predictions[Negative=30,170(94.8%) | Positive=1,650(5.2%)][0m
2026-08-15 22:01:02,615 | INFO | [95mtrain_phasic_targets[Negative=104,080(88.9%) | Positive=13,060(11.1%)][0m
2026-08-15 22:01:02,615 | INFO | [95mtrain_phasic_predictions[Negative=97,025(82.8%) | Positive=20,115(17.2%)][0m
2026-08-15 22:01:02,615 | INFO | [95mval_phasic_targets[Negative=28,060(88.2%) | Positive=3,760(11.8%)][0m
2026-08-15 22:01:02,615 | INFO | [95mval_phasic_predictions[Negative=28,990(91.1%) | Positive=2,830(8.9%)][0m
2026-08-15 22:01:02,615 | INFO | [38;5;214mtrain_any_targets[Negative=92,555(79.0%) | Positive=24,585(21.0%)][0m
2026-08-15 22:01:02,615 | INFO | [38;5;214mtrain_any_predictions[Negative=93,847(80.1%) | Positive=23,293(19.9%)][0m
2026-08-15 22:01:02,615 | INFO | [38;5;214mval_any_targets[Negative=25,199(79.2%) | Positive=6,621(20.8%)][0m
2026-08-15 22:01:02,616 | INFO | [38;5;214mval_any_predictions[Negative=25,379(79.8%) | Positive=6,441(20.2%)][0m
2026-08-15 22:01:43,609 | INFO | fold=2 ep=023 train=34.1s val=6.8s [92mtrain_stg_loss=0.4674 train_rswa_loss=0.4070 train_rswa_head_loss(t/p/a)=0.1458/0.1221/0.1391[0m | [93mval_stg_f1=0.6720 val_stg_kappa=0.6524 val_rswa_head_loss(t/p/a)=0.8164/0.2772/0.3109 val_f1(t/p/a)=0.188/0.628/0.769 val_f1_macro=0.5279[0m
2026-08-15 22:01:43,609 | INFO | [92mtrain_stage_targets[W=77,700(12.9%) | N1=29,950(5.0%) | N2=224,722(37.2%) | N3=158,515(26.3%) | REM=112,969(18.7%)][0m
2026-08-15 22:01:43,609 | INFO | [92mtrain_stage_predictions[W=79,776(13.2%) | N1=18,829(3.1%) | N2=238,912(39.6%) | N3=147,195(24.4%) | REM=119,144(19.7%)][0m
2026-08-15 22:01:43,609 | INFO | [92mtrain_move_targets[Negative=89,345(79.1%) | Positive=23,625(20.9%)][0m
2026-08-15 22:01:43,610 | INFO | [92mtrain_move_predictions[Negative=90,667(80.3%) | Positive=22,303(19.7%)][0m
2026-08-15 22:01:43,610 | INFO | [93mval_stage_targets[W=48,448(26.0%) | N1=8,879(4.8%) | N2=59,929(32.1%) | N3=37,340(20.0%) | REM=31,820(17.1%)][0m
2026-08-15 22:01:43,610 | INFO | [93mval_stage_predictions[W=48,239(25.9%) | N1=7,096(3.8%) | N2=54,601(29.3%) | N3=45,208(24.3%) | REM=31,272(16.8%)][0m
2026-08-15 22:01:43,610 | INFO | [94mtrain_tonic_targets[Negative=111,480(98.7%) | Positive=1,490(1.3%)][0m
2026-08-15 22:01:43,610 | INFO | [94mtrain_tonic_predictions[Negative=106,127(93.9%) | Positive=6,843(6.1%)][0m
2026-08-15 22:01:43,610 | INFO | [94mval_tonic_targets[Negative=31,530(99.1%) | Positive=290(0.9%)][0m
2026-08-15 22:01:43,610 | INFO | [94mval_tonic_predictions[Negative=31,150(97.9%) | Positive=670(2.1%)][0m
2026-08-15 22:01:43,610 | INFO | [95mtrain_phasic_targets[Negative=101,170(89.6%) | Positive=11,800(10.4%)][0m
2026-08-15 22:01:43,610 | INFO | [95mtrain_phasic_predictions[Negative=94,049(83.3%) | Positive=18,921(16.7%)][0m
2026-08-15 22:01:43,610 | INFO | [95mval_phasic_targets[Negative=28,060(88.2%) | Positive=3,760(11.8%)][0m
2026-08-15 22:01:43,610 | INFO | [95mval_phasic_predictions[Negative=29,620(93.1%) | Positive=2,200(6.9%)][0m
2026-08-15 22:01:43,610 | INFO | [38;5;214mtrain_any_targets[Negative=89,345(79.1%) | Positive=23,625(20.9%)][0m
2026-08-15 22:01:43,611 | INFO | [38;5;214mtrain_any_predictions[Negative=91,010(80.6%) | Positive=21,960(19.4%)][0m
2026-08-15 22:01:43,611 | INFO | [38;5;214mval_any_targets[Negative=25,199(79.2%) | Positive=6,621(20.8%)][0m
2026-08-15 22:01:43,611 | INFO | [38;5;214mval_any_predictions[Negative=27,285(85.7%) | Positive=4,535(14.3%)][0m
2026-08-15 22:02:25,505 | INFO | fold=2 ep=024 train=35.1s val=6.7s [92mtrain_stg_loss=0.5173 train_rswa_loss=0.4256 train_rswa_head_loss(t/p/a)=0.1489/0.1298/0.1469[0m | [93mval_stg_f1=0.6871 val_stg_kappa=0.6765 val_rswa_head_loss(t/p/a)=0.5465/0.2603/0.2560 val_f1(t/p/a)=0.194/0.595/0.791 val_f1_macro=0.5266[0m
2026-08-15 22:02:25,505 | INFO | [92mtrain_stage_targets[W=80,286(13.0%) | N1=27,020(4.4%) | N2=213,857(34.5%) | N3=177,835(28.7%) | REM=120,648(19.5%)][0m
2026-08-15 22:02:25,505 | INFO | [92mtrain_stage_predictions[W=82,440(13.3%) | N1=13,329(2.2%) | N2=234,621(37.9%) | N3=167,573(27.0%) | REM=121,683(19.6%)][0m
2026-08-15 22:02:25,505 | INFO | [92mtrain_move_targets[Negative=92,564(76.7%) | Positive=28,086(23.3%)][0m
2026-08-15 22:02:25,505 | INFO | [92mtrain_move_predictions[Negative=93,316(77.3%) | Positive=27,334(22.7%)][0m
2026-08-15 22:02:25,505 | INFO | [93mval_stage_targets[W=48,448(26.0%) | N1=8,879(4.8%) | N2=59,929(32.1%) | N3=37,340(20.0%) | REM=31,820(17.1%)][0m
2026-08-15 22:02:25,506 | INFO | [93mval_stage_predictions[W=41,629(22.3%) | N1=5,335(2.9%) | N2=53,895(28.9%) | N3=49,583(26.6%) | REM=35,974(19.3%)][0m
2026-08-15 22:02:25,506 | INFO | [94mtrain_tonic_targets[Negative=119,260(98.8%) | Positive=1,390(1.2%)][0m
2026-08-15 22:02:25,506 | INFO | [94mtrain_tonic_predictions[Negative=112,816(93.5%) | Positive=7,834(6.5%)][0m
2026-08-15 22:02:25,506 | INFO | [94mval_tonic_targets[Negative=31,530(99.1%) | Positive=290(0.9%)][0m
2026-08-15 22:02:25,506 | INFO | [94mval_tonic_predictions[Negative=30,770(96.7%) | Positive=1,050(3.3%)][0m
2026-08-15 22:02:25,506 | INFO | [95mtrain_phasic_targets[Negative=105,720(87.6%) | Positive=14,930(12.4%)][0m
2026-08-15 22:02:25,506 | INFO | [95mtrain_phasic_predictions[Negative=97,534(80.8%) | Positive=23,116(19.2%)][0m
2026-08-15 22:02:25,506 | INFO | [95mval_phasic_targets[Negative=28,060(88.2%) | Positive=3,760(11.8%)][0m
2026-08-15 22:02:25,506 | INFO | [95mval_phasic_predictions[Negative=29,830(93.7%) | Positive=1,990(6.3%)][0m
2026-08-15 22:02:25,506 | INFO | [38;5;214mtrain_any_targets[Negative=92,564(76.7%) | Positive=28,086(23.3%)][0m
2026-08-15 22:02:25,506 | INFO | [38;5;214mtrain_any_predictions[Negative=93,799(77.7%) | Positive=26,851(22.3%)][0m
2026-08-15 22:02:25,507 | INFO | [38;5;214mval_any_targets[Negative=25,199(79.2%) | Positive=6,621(20.8%)][0m
2026-08-15 22:02:25,507 | INFO | [38;5;214mval_any_predictions[Negative=26,947(84.7%) | Positive=4,873(15.3%)][0m
2026-08-15 22:03:07,331 | INFO | fold=2 ep=025 train=35.0s val=6.6s [92mtrain_stg_loss=0.4850 train_rswa_loss=0.4127 train_rswa_head_loss(t/p/a)=0.1556/0.1229/0.1341[0m | [93mval_stg_f1=0.7059 val_stg_kappa=0.7006 val_rswa_head_loss(t/p/a)=0.4101/0.1992/0.1934 val_f1(t/p/a)=0.212/0.704/0.835 val_f1_macro=0.5837[0m
2026-08-15 22:03:07,331 | INFO | [92mtrain_stage_targets[W=76,878(12.4%) | N1=25,730(4.2%) | N2=239,126(38.7%) | N3=160,355(25.9%) | REM=116,297(18.8%)][0m
2026-08-15 22:03:07,331 | INFO | [92mtrain_stage_predictions[W=81,013(13.1%) | N1=12,921(2.1%) | N2=256,202(41.4%) | N3=145,823(23.6%) | REM=122,427(19.8%)][0m
2026-08-15 22:03:07,331 | INFO | [92mtrain_move_targets[Negative=90,825(78.1%) | Positive=25,475(21.9%)][0m
2026-08-15 22:03:07,331 | INFO | [92mtrain_move_predictions[Negative=91,886(79.0%) | Positive=24,414(21.0%)][0m
2026-08-15 22:03:07,331 | INFO | [93mval_stage_targets[W=48,448(26.0%) | N1=8,879(4.8%) | N2=59,929(32.1%) | N3=37,340(20.0%) | REM=31,820(17.1%)][0m
2026-08-15 22:03:07,331 | INFO | [93mval_stage_predictions[W=43,932(23.6%) | N1=5,448(2.9%) | N2=57,575(30.9%) | N3=32,880(17.6%) | REM=46,581(25.0%)][0m
2026-08-15 22:03:07,332 | INFO | [94mtrain_tonic_targets[Negative=114,830(98.7%) | Positive=1,470(1.3%)][0m
2026-08-15 22:03:07,332 | INFO | [94mtrain_tonic_predictions[Negative=109,098(93.8%) | Positive=7,202(6.2%)][0m
2026-08-15 22:03:07,332 | INFO | [94mval_tonic_targets[Negative=31,530(99.1%) | Positive=290(0.9%)][0m
2026-08-15 22:03:07,332 | INFO | [94mval_tonic_predictions[Negative=30,790(96.8%) | Positive=1,030(3.2%)][0m
2026-08-15 22:03:07,332 | INFO | [95mtrain_phasic_targets[Negative=102,780(88.4%) | Positive=13,520(11.6%)][0m
2026-08-15 22:03:07,332 | INFO | [95mtrain_phasic_predictions[Negative=95,599(82.2%) | Positive=20,701(17.8%)][0m
2026-08-15 22:03:07,332 | INFO | [95mval_phasic_targets[Negative=28,060(88.2%) | Positive=3,760(11.8%)][0m
2026-08-15 22:03:07,332 | INFO | [95mval_phasic_predictions[Negative=29,130(91.5%) | Positive=2,690(8.5%)][0m
2026-08-15 22:03:07,332 | INFO | [38;5;214mtrain_any_targets[Negative=90,825(78.1%) | Positive=25,475(21.9%)][0m
2026-08-15 22:03:07,332 | INFO | [38;5;214mtrain_any_predictions[Negative=92,213(79.3%) | Positive=24,087(20.7%)][0m
2026-08-15 22:03:07,332 | INFO | [38;5;214mval_any_targets[Negative=25,199(79.2%) | Positive=6,621(20.8%)][0m
2026-08-15 22:03:07,333 | INFO | [38;5;214mval_any_predictions[Negative=26,230(82.4%) | Positive=5,590(17.6%)][0m
2026-08-15 22:03:48,247 | INFO | fold=2 ep=026 train=34.0s val=6.8s [92mtrain_stg_loss=0.4613 train_rswa_loss=0.4036 train_rswa_head_loss(t/p/a)=0.1528/0.1194/0.1314[0m | [93mval_stg_f1=0.7169 val_stg_kappa=0.7206 val_rswa_head_loss(t/p/a)=0.6633/0.2689/0.2732 val_f1(t/p/a)=0.215/0.602/0.786 val_f1_macro=0.5343[0m
2026-08-15 22:03:48,247 | INFO | [92mtrain_stage_targets[W=66,300(11.0%) | N1=24,070(4.0%) | N2=218,305(36.2%) | N3=175,333(29.1%) | REM=118,228(19.6%)][0m
2026-08-15 22:03:48,247 | INFO | [92mtrain_stage_predictions[W=65,626(10.9%) | N1=9,994(1.7%) | N2=241,682(40.1%) | N3=163,951(27.2%) | REM=120,983(20.1%)][0m
2026-08-15 22:03:48,247 | INFO | [92mtrain_move_targets[Negative=93,858(79.4%) | Positive=24,372(20.6%)][0m
2026-08-15 22:03:48,247 | INFO | [92mtrain_move_predictions[Negative=95,040(80.4%) | Positive=23,190(19.6%)][0m
2026-08-15 22:03:48,248 | INFO | [93mval_stage_targets[W=48,448(26.0%) | N1=8,879(4.8%) | N2=59,929(32.1%) | N3=37,340(20.0%) | REM=31,820(17.1%)][0m
2026-08-15 22:03:48,248 | INFO | [93mval_stage_predictions[W=42,117(22.6%) | N1=5,028(2.7%) | N2=57,626(30.9%) | N3=38,865(20.8%) | REM=42,780(22.9%)][0m
2026-08-15 22:03:48,248 | INFO | [94mtrain_tonic_targets[Negative=116,910(98.9%) | Positive=1,320(1.1%)][0m
2026-08-15 22:03:48,248 | INFO | [94mtrain_tonic_predictions[Negative=111,383(94.2%) | Positive=6,847(5.8%)][0m
2026-08-15 22:03:48,248 | INFO | [94mval_tonic_targets[Negative=31,530(99.1%) | Positive=290(0.9%)][0m
2026-08-15 22:03:48,248 | INFO | [94mval_tonic_predictions[Negative=30,900(97.1%) | Positive=920(2.9%)][0m
2026-08-15 22:03:48,248 | INFO | [95mtrain_phasic_targets[Negative=105,800(89.5%) | Positive=12,430(10.5%)][0m
2026-08-15 22:03:48,248 | INFO | [95mtrain_phasic_predictions[Negative=98,559(83.4%) | Positive=19,671(16.6%)][0m
2026-08-15 22:03:48,248 | INFO | [95mval_phasic_targets[Negative=28,060(88.2%) | Positive=3,760(11.8%)][0m
2026-08-15 22:03:48,248 | INFO | [95mval_phasic_predictions[Negative=29,800(93.7%) | Positive=2,020(6.3%)][0m
2026-08-15 22:03:48,248 | INFO | [38;5;214mtrain_any_targets[Negative=93,858(79.4%) | Positive=24,372(20.6%)][0m
2026-08-15 22:03:48,248 | INFO | [38;5;214mtrain_any_predictions[Negative=95,444(80.7%) | Positive=22,786(19.3%)][0m
2026-08-15 22:03:48,249 | INFO | [38;5;214mval_any_targets[Negative=25,199(79.2%) | Positive=6,621(20.8%)][0m
2026-08-15 22:03:48,249 | INFO | [38;5;214mval_any_predictions[Negative=27,122(85.2%) | Positive=4,698(14.8%)][0m
2026-08-15 22:03:48,448 | INFO | Fold 2: novo melhor checkpoint na época 26, staging_f1_macro=0.7169
2026-08-15 22:04:29,977 | INFO | fold=2 ep=027 train=34.7s val=6.8s [92mtrain_stg_loss=0.4105 train_rswa_loss=0.4179 train_rswa_head_loss(t/p/a)=0.1641/0.1218/0.1321[0m | [93mval_stg_f1=0.7341 val_stg_kappa=0.7396 val_rswa_head_loss(t/p/a)=0.4103/0.2349/0.2355 val_f1(t/p/a)=0.203/0.631/0.798 val_f1_macro=0.5439[0m
2026-08-15 22:04:29,977 | INFO | [92mtrain_stage_targets[W=74,008(12.0%) | N1=22,920(3.7%) | N2=235,047(38.0%) | N3=166,004(26.8%) | REM=120,827(19.5%)][0m
2026-08-15 22:04:29,977 | INFO | [92mtrain_stage_predictions[W=75,686(12.2%) | N1=13,155(2.1%) | N2=251,834(40.7%) | N3=155,046(25.1%) | REM=123,085(19.9%)][0m
2026-08-15 22:04:29,978 | INFO | [92mtrain_move_targets[Negative=93,127(77.1%) | Positive=27,703(22.9%)][0m
2026-08-15 22:04:29,978 | INFO | [92mtrain_move_predictions[Negative=94,312(78.1%) | Positive=26,518(21.9%)][0m
2026-08-15 22:04:29,978 | INFO | [93mval_stage_targets[W=48,448(26.0%) | N1=8,879(4.8%) | N2=59,929(32.1%) | N3=37,340(20.0%) | REM=31,820(17.1%)][0m
2026-08-15 22:04:29,978 | INFO | [93mval_stage_predictions[W=41,548(22.3%) | N1=5,734(3.1%) | N2=70,008(37.6%) | N3=33,113(17.8%) | REM=36,013(19.3%)][0m
2026-08-15 22:04:29,978 | INFO | [94mtrain_tonic_targets[Negative=119,080(98.6%) | Positive=1,750(1.4%)][0m
2026-08-15 22:04:29,978 | INFO | [94mtrain_tonic_predictions[Negative=113,207(93.7%) | Positive=7,623(6.3%)][0m
2026-08-15 22:04:29,978 | INFO | [94mval_tonic_targets[Negative=31,530(99.1%) | Positive=290(0.9%)][0m
2026-08-15 22:04:29,979 | INFO | [94mval_tonic_predictions[Negative=30,730(96.6%) | Positive=1,090(3.4%)][0m
2026-08-15 22:04:29,979 | INFO | [95mtrain_phasic_targets[Negative=106,000(87.7%) | Positive=14,830(12.3%)][0m
2026-08-15 22:04:29,979 | INFO | [95mtrain_phasic_predictions[Negative=98,412(81.4%) | Positive=22,418(18.6%)][0m
2026-08-15 22:04:29,979 | INFO | [95mval_phasic_targets[Negative=28,060(88.2%) | Positive=3,760(11.8%)][0m
2026-08-15 22:04:29,979 | INFO | [95mval_phasic_predictions[Negative=29,590(93.0%) | Positive=2,230(7.0%)][0m
2026-08-15 22:04:29,979 | INFO | [38;5;214mtrain_any_targets[Negative=93,127(77.1%) | Positive=27,703(22.9%)][0m
2026-08-15 22:04:29,979 | INFO | [38;5;214mtrain_any_predictions[Negative=94,688(78.4%) | Positive=26,142(21.6%)][0m
2026-08-15 22:04:29,979 | INFO | [38;5;214mval_any_targets[Negative=25,199(79.2%) | Positive=6,621(20.8%)][0m
2026-08-15 22:04:29,980 | INFO | [38;5;214mval_any_predictions[Negative=26,705(83.9%) | Positive=5,115(16.1%)][0m
2026-08-15 22:04:30,166 | INFO | Fold 2: novo melhor checkpoint na época 27, staging_f1_macro=0.7341
2026-08-15 22:05:11,194 | INFO | fold=2 ep=028 train=34.2s val=6.8s [92mtrain_stg_loss=0.4835 train_rswa_loss=0.3976 train_rswa_head_loss(t/p/a)=0.1451/0.1180/0.1345[0m | [93mval_stg_f1=0.7030 val_stg_kappa=0.6864 val_rswa_head_loss(t/p/a)=0.3708/0.2524/0.2350 val_f1(t/p/a)=0.199/0.592/0.799 val_f1_macro=0.5300[0m
2026-08-15 22:05:11,194 | INFO | [92mtrain_stage_targets[W=84,509(14.0%) | N1=32,500(5.4%) | N2=213,763(35.4%) | N3=160,575(26.6%) | REM=112,039(18.6%)][0m
2026-08-15 22:05:11,195 | INFO | [92mtrain_stage_predictions[W=86,443(14.3%) | N1=19,134(3.2%) | N2=225,893(37.4%) | N3=157,130(26.0%) | REM=114,786(19.0%)][0m
2026-08-15 22:05:11,195 | INFO | [92mtrain_move_targets[Negative=86,714(77.4%) | Positive=25,326(22.6%)][0m
2026-08-15 22:05:11,195 | INFO | [92mtrain_move_predictions[Negative=87,406(78.0%) | Positive=24,634(22.0%)][0m
2026-08-15 22:05:11,195 | INFO | [93mval_stage_targets[W=48,448(26.0%) | N1=8,879(4.8%) | N2=59,929(32.1%) | N3=37,340(20.0%) | REM=31,820(17.1%)][0m
2026-08-15 22:05:11,195 | INFO | [93mval_stage_predictions[W=43,429(23.3%) | N1=7,004(3.8%) | N2=54,495(29.2%) | N3=49,215(26.4%) | REM=32,273(17.3%)][0m
2026-08-15 22:05:11,195 | INFO | [94mtrain_tonic_targets[Negative=110,600(98.7%) | Positive=1,440(1.3%)][0m
2026-08-15 22:05:11,195 | INFO | [94mtrain_tonic_predictions[Negative=105,235(93.9%) | Positive=6,805(6.1%)][0m
2026-08-15 22:05:11,195 | INFO | [94mval_tonic_targets[Negative=31,530(99.1%) | Positive=290(0.9%)][0m
2026-08-15 22:05:11,196 | INFO | [94mval_tonic_predictions[Negative=30,600(96.2%) | Positive=1,220(3.8%)][0m
2026-08-15 22:05:11,196 | INFO | [95mtrain_phasic_targets[Negative=98,950(88.3%) | Positive=13,090(11.7%)][0m
2026-08-15 22:05:11,196 | INFO | [95mtrain_phasic_predictions[Negative=91,632(81.8%) | Positive=20,408(18.2%)][0m
2026-08-15 22:05:11,196 | INFO | [95mval_phasic_targets[Negative=28,060(88.2%) | Positive=3,760(11.8%)][0m
2026-08-15 22:05:11,196 | INFO | [95mval_phasic_predictions[Negative=29,840(93.8%) | Positive=1,980(6.2%)][0m
2026-08-15 22:05:11,196 | INFO | [38;5;214mtrain_any_targets[Negative=86,714(77.4%) | Positive=25,326(22.6%)][0m
2026-08-15 22:05:11,196 | INFO | [38;5;214mtrain_any_predictions[Negative=87,686(78.3%) | Positive=24,354(21.7%)][0m
2026-08-15 22:05:11,196 | INFO | [38;5;214mval_any_targets[Negative=25,199(79.2%) | Positive=6,621(20.8%)][0m
2026-08-15 22:05:11,196 | INFO | [38;5;214mval_any_predictions[Negative=26,821(84.3%) | Positive=4,999(15.7%)][0m
2026-08-15 22:05:52,474 | INFO | fold=2 ep=029 train=34.3s val=6.8s [92mtrain_stg_loss=0.4785 train_rswa_loss=0.3772 train_rswa_head_loss(t/p/a)=0.1303/0.1160/0.1309[0m | [93mval_stg_f1=0.7006 val_stg_kappa=0.6749 val_rswa_head_loss(t/p/a)=0.2460/0.1545/0.1523 val_f1(t/p/a)=0.338/0.747/0.861 val_f1_macro=0.6485[0m
2026-08-15 22:05:52,474 | INFO | [92mtrain_stage_targets[W=71,167(11.8%) | N1=30,760(5.1%) | N2=225,374(37.2%) | N3=160,958(26.6%) | REM=117,107(19.3%)][0m
2026-08-15 22:05:52,474 | INFO | [92mtrain_stage_predictions[W=72,255(11.9%) | N1=21,066(3.5%) | N2=241,091(39.8%) | N3=151,585(25.0%) | REM=119,369(19.7%)][0m
2026-08-15 22:05:52,475 | INFO | [92mtrain_move_targets[Negative=92,136(78.7%) | Positive=24,974(21.3%)][0m
2026-08-15 22:05:52,475 | INFO | [92mtrain_move_predictions[Negative=93,134(79.5%) | Positive=23,976(20.5%)][0m
2026-08-15 22:05:52,475 | INFO | [93mval_stage_targets[W=48,448(26.0%) | N1=8,879(4.8%) | N2=59,929(32.1%) | N3=37,340(20.0%) | REM=31,820(17.1%)][0m
2026-08-15 22:05:52,475 | INFO | [93mval_stage_predictions[W=46,582(25.0%) | N1=7,768(4.2%) | N2=43,665(23.4%) | N3=54,784(29.4%) | REM=33,617(18.0%)][0m
2026-08-15 22:05:52,475 | INFO | [94mtrain_tonic_targets[Negative=115,800(98.9%) | Positive=1,310(1.1%)][0m
2026-08-15 22:05:52,475 | INFO | [94mtrain_tonic_predictions[Negative=110,719(94.5%) | Positive=6,391(5.5%)][0m
2026-08-15 22:05:52,475 | INFO | [94mval_tonic_targets[Negative=31,530(99.1%) | Positive=290(0.9%)][0m
2026-08-15 22:05:52,475 | INFO | [94mval_tonic_predictions[Negative=30,510(95.9%) | Positive=1,310(4.1%)][0m
2026-08-15 22:05:52,475 | INFO | [95mtrain_phasic_targets[Negative=104,300(89.1%) | Positive=12,810(10.9%)][0m
2026-08-15 22:05:52,475 | INFO | [95mtrain_phasic_predictions[Negative=97,241(83.0%) | Positive=19,869(17.0%)][0m
2026-08-15 22:05:52,476 | INFO | [95mval_phasic_targets[Negative=28,060(88.2%) | Positive=3,760(11.8%)][0m
2026-08-15 22:05:52,476 | INFO | [95mval_phasic_predictions[Negative=28,830(90.6%) | Positive=2,990(9.4%)][0m
2026-08-15 22:05:52,476 | INFO | [38;5;214mtrain_any_targets[Negative=92,136(78.7%) | Positive=24,974(21.3%)][0m
2026-08-15 22:05:52,476 | INFO | [38;5;214mtrain_any_predictions[Negative=93,525(79.9%) | Positive=23,585(20.1%)][0m
2026-08-15 22:05:52,476 | INFO | [38;5;214mval_any_targets[Negative=25,199(79.2%) | Positive=6,621(20.8%)][0m
2026-08-15 22:05:52,476 | INFO | [38;5;214mval_any_predictions[Negative=25,442(80.0%) | Positive=6,378(20.0%)][0m
2026-08-15 22:06:34,002 | INFO | fold=2 ep=030 train=34.6s val=6.8s [92mtrain_stg_loss=0.4733 train_rswa_loss=0.3530 train_rswa_head_loss(t/p/a)=0.1247/0.1075/0.1208[0m | [93mval_stg_f1=0.7162 val_stg_kappa=0.7154 val_rswa_head_loss(t/p/a)=0.3218/0.1932/0.1895 val_f1(t/p/a)=0.194/0.670/0.837 val_f1_macro=0.5667[0m
2026-08-15 22:06:34,002 | INFO | [92mtrain_stage_targets[W=75,386(12.3%) | N1=26,360(4.3%) | N2=239,796(39.0%) | N3=161,825(26.3%) | REM=111,189(18.1%)][0m
2026-08-15 22:06:34,002 | INFO | [92mtrain_stage_predictions[W=77,410(12.6%) | N1=16,424(2.7%) | N2=255,004(41.5%) | N3=151,462(24.6%) | REM=114,256(18.6%)][0m
2026-08-15 22:06:34,003 | INFO | [92mtrain_move_targets[Negative=88,584(79.7%) | Positive=22,606(20.3%)][0m
2026-08-15 22:06:34,003 | INFO | [92mtrain_move_predictions[Negative=89,185(80.2%) | Positive=22,005(19.8%)][0m
2026-08-15 22:06:34,003 | INFO | [93mval_stage_targets[W=48,448(26.0%) | N1=8,879(4.8%) | N2=59,929(32.1%) | N3=37,340(20.0%) | REM=31,820(17.1%)][0m
2026-08-15 22:06:34,003 | INFO | [93mval_stage_predictions[W=48,515(26.0%) | N1=5,601(3.0%) | N2=65,961(35.4%) | N3=38,707(20.8%) | REM=27,632(14.8%)][0m
2026-08-15 22:06:34,003 | INFO | [94mtrain_tonic_targets[Negative=109,790(98.7%) | Positive=1,400(1.3%)][0m
2026-08-15 22:06:34,003 | INFO | [94mtrain_tonic_predictions[Negative=105,068(94.5%) | Positive=6,122(5.5%)][0m
2026-08-15 22:06:34,003 | INFO | [94mval_tonic_targets[Negative=31,530(99.1%) | Positive=290(0.9%)][0m
2026-08-15 22:06:34,003 | INFO | [94mval_tonic_predictions[Negative=30,560(96.0%) | Positive=1,260(4.0%)][0m
2026-08-15 22:06:34,003 | INFO | [95mtrain_phasic_targets[Negative=100,190(90.1%) | Positive=11,000(9.9%)][0m
2026-08-15 22:06:34,003 | INFO | [95mtrain_phasic_predictions[Negative=92,972(83.6%) | Positive=18,218(16.4%)][0m
2026-08-15 22:06:34,004 | INFO | [95mval_phasic_targets[Negative=28,060(88.2%) | Positive=3,760(11.8%)][0m
2026-08-15 22:06:34,004 | INFO | [95mval_phasic_predictions[Negative=29,430(92.5%) | Positive=2,390(7.5%)][0m
2026-08-15 22:06:34,004 | INFO | [38;5;214mtrain_any_targets[Negative=88,584(79.7%) | Positive=22,606(20.3%)][0m
2026-08-15 22:06:34,004 | INFO | [38;5;214mtrain_any_predictions[Negative=89,501(80.5%) | Positive=21,689(19.5%)][0m
2026-08-15 22:06:34,004 | INFO | [38;5;214mval_any_targets[Negative=25,199(79.2%) | Positive=6,621(20.8%)][0m
2026-08-15 22:06:34,004 | INFO | [38;5;214mval_any_predictions[Negative=26,167(82.2%) | Positive=5,653(17.8%)][0m
2026-08-15 22:07:15,932 | INFO | fold=2 ep=031 train=35.0s val=6.8s [92mtrain_stg_loss=0.4224 train_rswa_loss=0.3832 train_rswa_head_loss(t/p/a)=0.1422/0.1124/0.1286[0m | [93mval_stg_f1=0.7408 val_stg_kappa=0.7351 val_rswa_head_loss(t/p/a)=0.4545/0.2273/0.2287 val_f1(t/p/a)=0.201/0.600/0.799 val_f1_macro=0.5336[0m
2026-08-15 22:07:15,933 | INFO | [92mtrain_stage_targets[W=77,881(12.5%) | N1=24,730(4.0%) | N2=234,796(37.8%) | N3=167,742(27.0%) | REM=115,607(18.6%)][0m
2026-08-15 22:07:15,933 | INFO | [92mtrain_stage_predictions[W=76,407(12.3%) | N1=14,370(2.3%) | N2=247,136(39.8%) | N3=162,208(26.1%) | REM=120,635(19.4%)][0m
2026-08-15 22:07:15,933 | INFO | [92mtrain_move_targets[Negative=88,035(76.1%) | Positive=27,575(23.9%)][0m
2026-08-15 22:07:15,933 | INFO | [92mtrain_move_predictions[Negative=89,222(77.2%) | Positive=26,388(22.8%)][0m
2026-08-15 22:07:15,933 | INFO | [93mval_stage_targets[W=48,448(26.0%) | N1=8,879(4.8%) | N2=59,929(32.1%) | N3=37,340(20.0%) | REM=31,820(17.1%)][0m
2026-08-15 22:07:15,933 | INFO | [93mval_stage_predictions[W=44,299(23.8%) | N1=9,704(5.2%) | N2=67,783(36.4%) | N3=31,536(16.9%) | REM=33,094(17.8%)][0m
2026-08-15 22:07:15,933 | INFO | [94mtrain_tonic_targets[Negative=114,100(98.7%) | Positive=1,510(1.3%)][0m
2026-08-15 22:07:15,934 | INFO | [94mtrain_tonic_predictions[Negative=108,469(93.8%) | Positive=7,141(6.2%)][0m
2026-08-15 22:07:15,934 | INFO | [94mval_tonic_targets[Negative=31,530(99.1%) | Positive=290(0.9%)][0m
2026-08-15 22:07:15,934 | INFO | [94mval_tonic_predictions[Negative=30,720(96.5%) | Positive=1,100(3.5%)][0m
2026-08-15 22:07:15,934 | INFO | [95mtrain_phasic_targets[Negative=101,000(87.4%) | Positive=14,610(12.6%)][0m
2026-08-15 22:07:15,934 | INFO | [95mtrain_phasic_predictions[Negative=93,446(80.8%) | Positive=22,164(19.2%)][0m
2026-08-15 22:07:15,934 | INFO | [95mval_phasic_targets[Negative=28,060(88.2%) | Positive=3,760(11.8%)][0m
2026-08-15 22:07:15,934 | INFO | [95mval_phasic_predictions[Negative=29,880(93.9%) | Positive=1,940(6.1%)][0m
2026-08-15 22:07:15,934 | INFO | [38;5;214mtrain_any_targets[Negative=88,035(76.1%) | Positive=27,575(23.9%)][0m
2026-08-15 22:07:15,934 | INFO | [38;5;214mtrain_any_predictions[Negative=89,535(77.4%) | Positive=26,075(22.6%)][0m
2026-08-15 22:07:15,934 | INFO | [38;5;214mval_any_targets[Negative=25,199(79.2%) | Positive=6,621(20.8%)][0m
2026-08-15 22:07:15,934 | INFO | [38;5;214mval_any_predictions[Negative=26,816(84.3%) | Positive=5,004(15.7%)][0m
2026-08-15 22:07:16,122 | INFO | Fold 2: novo melhor checkpoint na época 31, staging_f1_macro=0.7408
2026-08-15 22:07:58,179 | INFO | fold=2 ep=032 train=35.2s val=6.8s [92mtrain_stg_loss=0.4678 train_rswa_loss=0.3665 train_rswa_head_loss(t/p/a)=0.1230/0.1165/0.1270[0m | [93mval_stg_f1=0.7144 val_stg_kappa=0.7020 val_rswa_head_loss(t/p/a)=0.5259/0.1745/0.1838 val_f1(t/p/a)=0.243/0.725/0.819 val_f1_macro=0.5958[0m
2026-08-15 22:07:58,180 | INFO | [92mtrain_stage_targets[W=75,142(12.1%) | N1=28,080(4.5%) | N2=242,068(38.9%) | N3=161,689(26.0%) | REM=115,447(18.5%)][0m
2026-08-15 22:07:58,180 | INFO | [92mtrain_stage_predictions[W=78,179(12.6%) | N1=15,815(2.5%) | N2=264,295(42.5%) | N3=147,142(23.6%) | REM=116,995(18.8%)][0m
2026-08-15 22:07:58,180 | INFO | [92mtrain_move_targets[Negative=91,295(79.1%) | Positive=24,155(20.9%)][0m
2026-08-15 22:07:58,180 | INFO | [92mtrain_move_predictions[Negative=92,209(79.9%) | Positive=23,241(20.1%)][0m
2026-08-15 22:07:58,180 | INFO | [93mval_stage_targets[W=48,448(26.0%) | N1=8,879(4.8%) | N2=59,929(32.1%) | N3=37,340(20.0%) | REM=31,820(17.1%)][0m
2026-08-15 22:07:58,180 | INFO | [93mval_stage_predictions[W=38,033(20.4%) | N1=8,231(4.4%) | N2=67,781(36.4%) | N3=38,650(20.7%) | REM=33,721(18.1%)][0m
2026-08-15 22:07:58,181 | INFO | [94mtrain_tonic_targets[Negative=113,550(98.4%) | Positive=1,900(1.6%)][0m
2026-08-15 22:07:58,181 | INFO | [94mtrain_tonic_predictions[Negative=109,005(94.4%) | Positive=6,445(5.6%)][0m
2026-08-15 22:07:58,181 | INFO | [94mval_tonic_targets[Negative=31,530(99.1%) | Positive=290(0.9%)][0m
2026-08-15 22:07:58,181 | INFO | [94mval_tonic_predictions[Negative=30,960(97.3%) | Positive=860(2.7%)][0m
2026-08-15 22:07:58,181 | INFO | [95mtrain_phasic_targets[Negative=103,160(89.4%) | Positive=12,290(10.6%)][0m
2026-08-15 22:07:58,181 | INFO | [95mtrain_phasic_predictions[Negative=96,831(83.9%) | Positive=18,619(16.1%)][0m
2026-08-15 22:07:58,181 | INFO | [95mval_phasic_targets[Negative=28,060(88.2%) | Positive=3,760(11.8%)][0m
2026-08-15 22:07:58,181 | INFO | [95mval_phasic_predictions[Negative=28,960(91.0%) | Positive=2,860(9.0%)][0m
2026-08-15 22:07:58,181 | INFO | [38;5;214mtrain_any_targets[Negative=91,295(79.1%) | Positive=24,155(20.9%)][0m
2026-08-15 22:07:58,181 | INFO | [38;5;214mtrain_any_predictions[Negative=92,610(80.2%) | Positive=22,840(19.8%)][0m
2026-08-15 22:07:58,181 | INFO | [38;5;214mval_any_targets[Negative=25,199(79.2%) | Positive=6,621(20.8%)][0m
2026-08-15 22:07:58,182 | INFO | [38;5;214mval_any_predictions[Negative=25,309(79.5%) | Positive=6,511(20.5%)][0m
2026-08-15 22:08:39,870 | INFO | fold=2 ep=033 train=34.8s val=6.8s [92mtrain_stg_loss=0.4542 train_rswa_loss=0.3978 train_rswa_head_loss(t/p/a)=0.1530/0.1136/0.1312[0m | [93mval_stg_f1=0.7177 val_stg_kappa=0.7043 val_rswa_head_loss(t/p/a)=0.3832/0.2204/0.2101 val_f1(t/p/a)=0.240/0.651/0.805 val_f1_macro=0.5653[0m
2026-08-15 22:08:39,871 | INFO | [92mtrain_stage_targets[W=67,366(11.0%) | N1=31,900(5.2%) | N2=233,788(38.1%) | N3=165,525(27.0%) | REM=115,527(18.8%)][0m
2026-08-15 22:08:39,871 | INFO | [92mtrain_stage_predictions[W=67,707(11.0%) | N1=22,168(3.6%) | N2=253,235(41.2%) | N3=156,480(25.5%) | REM=114,516(18.6%)][0m
2026-08-15 22:08:39,871 | INFO | [92mtrain_move_targets[Negative=90,011(77.9%) | Positive=25,519(22.1%)][0m
2026-08-15 22:08:39,871 | INFO | [92mtrain_move_predictions[Negative=90,791(78.6%) | Positive=24,739(21.4%)][0m
2026-08-15 22:08:39,871 | INFO | [93mval_stage_targets[W=48,448(26.0%) | N1=8,879(4.8%) | N2=59,929(32.1%) | N3=37,340(20.0%) | REM=31,820(17.1%)][0m
2026-08-15 22:08:39,871 | INFO | [93mval_stage_predictions[W=40,829(21.9%) | N1=7,918(4.2%) | N2=53,425(28.7%) | N3=43,526(23.3%) | REM=40,718(21.8%)][0m
2026-08-15 22:08:39,871 | INFO | [94mtrain_tonic_targets[Negative=114,330(99.0%) | Positive=1,200(1.0%)][0m
2026-08-15 22:08:39,872 | INFO | [94mtrain_tonic_predictions[Negative=110,088(95.3%) | Positive=5,442(4.7%)][0m
2026-08-15 22:08:39,872 | INFO | [94mval_tonic_targets[Negative=31,530(99.1%) | Positive=290(0.9%)][0m
2026-08-15 22:08:39,872 | INFO | [94mval_tonic_predictions[Negative=30,860(97.0%) | Positive=960(3.0%)][0m
2026-08-15 22:08:39,872 | INFO | [95mtrain_phasic_targets[Negative=101,740(88.1%) | Positive=13,790(11.9%)][0m
2026-08-15 22:08:39,872 | INFO | [95mtrain_phasic_predictions[Negative=95,154(82.4%) | Positive=20,376(17.6%)][0m
2026-08-15 22:08:39,872 | INFO | [95mval_phasic_targets[Negative=28,060(88.2%) | Positive=3,760(11.8%)][0m
2026-08-15 22:08:39,872 | INFO | [95mval_phasic_predictions[Negative=29,530(92.8%) | Positive=2,290(7.2%)][0m
2026-08-15 22:08:39,872 | INFO | [38;5;214mtrain_any_targets[Negative=90,011(77.9%) | Positive=25,519(22.1%)][0m
2026-08-15 22:08:39,872 | INFO | [38;5;214mtrain_any_predictions[Negative=91,183(78.9%) | Positive=24,347(21.1%)][0m
2026-08-15 22:08:39,872 | INFO | [38;5;214mval_any_targets[Negative=25,199(79.2%) | Positive=6,621(20.8%)][0m
2026-08-15 22:08:39,872 | INFO | [38;5;214mval_any_predictions[Negative=26,448(83.1%) | Positive=5,372(16.9%)][0m
2026-08-15 22:09:21,287 | INFO | fold=2 ep=034 train=34.6s val=6.7s [92mtrain_stg_loss=0.4357 train_rswa_loss=0.3870 train_rswa_head_loss(t/p/a)=0.1395/0.1122/0.1353[0m | [93mval_stg_f1=0.7254 val_stg_kappa=0.7131 val_rswa_head_loss(t/p/a)=0.7070/0.2158/0.2224 val_f1(t/p/a)=0.240/0.630/0.793 val_f1_macro=0.5543[0m
2026-08-15 22:09:21,288 | INFO | [92mtrain_stage_targets[W=75,167(12.3%) | N1=31,540(5.2%) | N2=228,826(37.4%) | N3=156,535(25.6%) | REM=119,408(19.5%)][0m
2026-08-15 22:09:21,288 | INFO | [92mtrain_stage_predictions[W=75,570(12.4%) | N1=23,267(3.8%) | N2=240,264(39.3%) | N3=148,739(24.3%) | REM=123,636(20.2%)][0m
2026-08-15 22:09:21,288 | INFO | [92mtrain_move_targets[Negative=90,777(76.0%) | Positive=28,633(24.0%)][0m
2026-08-15 22:09:21,288 | INFO | [92mtrain_move_predictions[Negative=91,978(77.0%) | Positive=27,432(23.0%)][0m
2026-08-15 22:09:21,288 | INFO | [93mval_stage_targets[W=48,448(26.0%) | N1=8,879(4.8%) | N2=59,929(32.1%) | N3=37,340(20.0%) | REM=31,820(17.1%)][0m
2026-08-15 22:09:21,288 | INFO | [93mval_stage_predictions[W=45,975(24.7%) | N1=8,807(4.7%) | N2=58,214(31.2%) | N3=43,650(23.4%) | REM=29,770(16.0%)][0m
2026-08-15 22:09:21,288 | INFO | [94mtrain_tonic_targets[Negative=118,250(99.0%) | Positive=1,160(1.0%)][0m
2026-08-15 22:09:21,288 | INFO | [94mtrain_tonic_predictions[Negative=112,934(94.6%) | Positive=6,476(5.4%)][0m
2026-08-15 22:09:21,289 | INFO | [94mval_tonic_targets[Negative=31,530(99.1%) | Positive=290(0.9%)][0m
2026-08-15 22:09:21,289 | INFO | [94mval_tonic_predictions[Negative=31,110(97.8%) | Positive=710(2.2%)][0m
2026-08-15 22:09:21,289 | INFO | [95mtrain_phasic_targets[Negative=103,430(86.6%) | Positive=15,980(13.4%)][0m
2026-08-15 22:09:21,289 | INFO | [95mtrain_phasic_predictions[Negative=96,697(81.0%) | Positive=22,713(19.0%)][0m
2026-08-15 22:09:21,289 | INFO | [95mval_phasic_targets[Negative=28,060(88.2%) | Positive=3,760(11.8%)][0m
2026-08-15 22:09:21,289 | INFO | [95mval_phasic_predictions[Negative=29,580(93.0%) | Positive=2,240(7.0%)][0m
2026-08-15 22:09:21,289 | INFO | [38;5;214mtrain_any_targets[Negative=90,777(76.0%) | Positive=28,633(24.0%)][0m
2026-08-15 22:09:21,289 | INFO | [38;5;214mtrain_any_predictions[Negative=92,401(77.4%) | Positive=27,009(22.6%)][0m
2026-08-15 22:09:21,289 | INFO | [38;5;214mval_any_targets[Negative=25,199(79.2%) | Positive=6,621(20.8%)][0m
2026-08-15 22:09:21,289 | INFO | [38;5;214mval_any_predictions[Negative=26,789(84.2%) | Positive=5,031(15.8%)][0m
2026-08-15 22:10:02,153 | INFO | fold=2 ep=035 train=34.0s val=6.8s [92mtrain_stg_loss=0.4172 train_rswa_loss=0.3199 train_rswa_head_loss(t/p/a)=0.1015/0.1020/0.1164[0m | [93mval_stg_f1=0.6691 val_stg_kappa=0.6840 val_rswa_head_loss(t/p/a)=0.5483/0.2542/0.2472 val_f1(t/p/a)=0.218/0.569/0.777 val_f1_macro=0.5217[0m
2026-08-15 22:10:02,154 | INFO | [92mtrain_stage_targets[W=83,138(13.8%) | N1=22,530(3.7%) | N2=222,203(36.8%) | N3=168,845(27.9%) | REM=107,840(17.8%)][0m
2026-08-15 22:10:02,154 | INFO | [92mtrain_stage_predictions[W=84,223(13.9%) | N1=13,026(2.2%) | N2=235,299(38.9%) | N3=160,158(26.5%) | REM=111,850(18.5%)][0m
2026-08-15 22:10:02,154 | INFO | [92mtrain_move_targets[Negative=85,706(79.5%) | Positive=22,134(20.5%)][0m
2026-08-15 22:10:02,154 | INFO | [92mtrain_move_predictions[Negative=86,390(80.1%) | Positive=21,450(19.9%)][0m
2026-08-15 22:10:02,154 | INFO | [93mval_stage_targets[W=48,448(26.0%) | N1=8,879(4.8%) | N2=59,929(32.1%) | N3=37,340(20.0%) | REM=31,820(17.1%)][0m
2026-08-15 22:10:02,154 | INFO | [93mval_stage_predictions[W=63,383(34.0%) | N1=5,484(2.9%) | N2=55,060(29.5%) | N3=38,804(20.8%) | REM=23,685(12.7%)][0m
2026-08-15 22:10:02,154 | INFO | [94mtrain_tonic_targets[Negative=106,400(98.7%) | Positive=1,440(1.3%)][0m
2026-08-15 22:10:02,154 | INFO | [94mtrain_tonic_predictions[Negative=102,103(94.7%) | Positive=5,737(5.3%)][0m
2026-08-15 22:10:02,154 | INFO | [94mval_tonic_targets[Negative=31,530(99.1%) | Positive=290(0.9%)][0m
2026-08-15 22:10:02,155 | INFO | [94mval_tonic_predictions[Negative=30,920(97.2%) | Positive=900(2.8%)][0m
2026-08-15 22:10:02,155 | INFO | [95mtrain_phasic_targets[Negative=96,460(89.4%) | Positive=11,380(10.6%)][0m
2026-08-15 22:10:02,155 | INFO | [95mtrain_phasic_predictions[Negative=90,699(84.1%) | Positive=17,141(15.9%)][0m
2026-08-15 22:10:02,155 | INFO | [95mval_phasic_targets[Negative=28,060(88.2%) | Positive=3,760(11.8%)][0m
2026-08-15 22:10:02,155 | INFO | [95mval_phasic_predictions[Negative=29,960(94.2%) | Positive=1,860(5.8%)][0m
2026-08-15 22:10:02,155 | INFO | [38;5;214mtrain_any_targets[Negative=85,706(79.5%) | Positive=22,134(20.5%)][0m
2026-08-15 22:10:02,155 | INFO | [38;5;214mtrain_any_predictions[Negative=86,705(80.4%) | Positive=21,135(19.6%)][0m
2026-08-15 22:10:02,155 | INFO | [38;5;214mval_any_targets[Negative=25,199(79.2%) | Positive=6,621(20.8%)][0m
2026-08-15 22:10:02,155 | INFO | [38;5;214mval_any_predictions[Negative=26,893(84.5%) | Positive=4,927(15.5%)][0m
2026-08-15 22:10:44,547 | INFO | fold=2 ep=036 train=35.5s val=6.8s [92mtrain_stg_loss=0.4110 train_rswa_loss=0.3465 train_rswa_head_loss(t/p/a)=0.1071/0.1126/0.1268[0m | [93mval_stg_f1=0.7219 val_stg_kappa=0.7237 val_rswa_head_loss(t/p/a)=0.4354/0.1616/0.1663 val_f1(t/p/a)=0.218/0.743/0.841 val_f1_macro=0.6009[0m
2026-08-15 22:10:44,548 | INFO | [92mtrain_stage_targets[W=89,655(14.3%) | N1=27,230(4.3%) | N2=222,196(35.3%) | N3=177,298(28.2%) | REM=112,207(17.9%)][0m
2026-08-15 22:10:44,548 | INFO | [92mtrain_stage_predictions[W=89,911(14.3%) | N1=19,833(3.2%) | N2=235,602(37.5%) | N3=170,192(27.1%) | REM=113,048(18.0%)][0m
2026-08-15 22:10:44,548 | INFO | [92mtrain_move_targets[Negative=88,751(79.1%) | Positive=23,459(20.9%)][0m
2026-08-15 22:10:44,548 | INFO | [92mtrain_move_predictions[Negative=89,339(79.6%) | Positive=22,871(20.4%)][0m
2026-08-15 22:10:44,548 | INFO | [93mval_stage_targets[W=48,448(26.0%) | N1=8,879(4.8%) | N2=59,929(32.1%) | N3=37,340(20.0%) | REM=31,820(17.1%)][0m
2026-08-15 22:10:44,548 | INFO | [93mval_stage_predictions[W=51,320(27.5%) | N1=7,405(4.0%) | N2=60,838(32.6%) | N3=37,327(20.0%) | REM=29,526(15.8%)][0m
2026-08-15 22:10:44,548 | INFO | [94mtrain_tonic_targets[Negative=110,860(98.8%) | Positive=1,350(1.2%)][0m
2026-08-15 22:10:44,548 | INFO | [94mtrain_tonic_predictions[Negative=106,881(95.3%) | Positive=5,329(4.7%)][0m
2026-08-15 22:10:44,549 | INFO | [94mval_tonic_targets[Negative=31,530(99.1%) | Positive=290(0.9%)][0m
2026-08-15 22:10:44,549 | INFO | [94mval_tonic_predictions[Negative=30,920(97.2%) | Positive=900(2.8%)][0m
2026-08-15 22:10:44,549 | INFO | [95mtrain_phasic_targets[Negative=100,110(89.2%) | Positive=12,100(10.8%)][0m
2026-08-15 22:10:44,549 | INFO | [95mtrain_phasic_predictions[Negative=93,607(83.4%) | Positive=18,603(16.6%)][0m
2026-08-15 22:10:44,549 | INFO | [95mval_phasic_targets[Negative=28,060(88.2%) | Positive=3,760(11.8%)][0m
2026-08-15 22:10:44,549 | INFO | [95mval_phasic_predictions[Negative=28,880(90.8%) | Positive=2,940(9.2%)][0m
2026-08-15 22:10:44,549 | INFO | [38;5;214mtrain_any_targets[Negative=88,751(79.1%) | Positive=23,459(20.9%)][0m
2026-08-15 22:10:44,549 | INFO | [38;5;214mtrain_any_predictions[Negative=89,713(80.0%) | Positive=22,497(20.0%)][0m
2026-08-15 22:10:44,549 | INFO | [38;5;214mval_any_targets[Negative=25,199(79.2%) | Positive=6,621(20.8%)][0m
2026-08-15 22:10:44,549 | INFO | [38;5;214mval_any_predictions[Negative=25,647(80.6%) | Positive=6,173(19.4%)][0m
2026-08-15 22:11:26,717 | INFO | fold=2 ep=037 train=35.2s val=6.8s [92mtrain_stg_loss=0.4239 train_rswa_loss=0.3473 train_rswa_head_loss(t/p/a)=0.1101/0.1096/0.1276[0m | [93mval_stg_f1=0.7384 val_stg_kappa=0.7441 val_rswa_head_loss(t/p/a)=0.2515/0.1607/0.1619 val_f1(t/p/a)=0.362/0.728/0.854 val_f1_macro=0.6482[0m
2026-08-15 22:11:26,717 | INFO | [92mtrain_stage_targets[W=68,959(11.1%) | N1=24,740(4.0%) | N2=231,568(37.3%) | N3=172,384(27.7%) | REM=123,855(19.9%)][0m
2026-08-15 22:11:26,718 | INFO | [92mtrain_stage_predictions[W=67,711(10.9%) | N1=16,490(2.7%) | N2=251,028(40.4%) | N3=158,276(25.5%) | REM=128,001(20.6%)][0m
2026-08-15 22:11:26,718 | INFO | [92mtrain_move_targets[Negative=96,498(77.9%) | Positive=27,362(22.1%)][0m
2026-08-15 22:11:26,718 | INFO | [92mtrain_move_predictions[Negative=97,243(78.5%) | Positive=26,617(21.5%)][0m
2026-08-15 22:11:26,718 | INFO | [93mval_stage_targets[W=48,448(26.0%) | N1=8,879(4.8%) | N2=59,929(32.1%) | N3=37,340(20.0%) | REM=31,820(17.1%)][0m
2026-08-15 22:11:26,718 | INFO | [93mval_stage_predictions[W=48,296(25.9%) | N1=5,903(3.2%) | N2=61,706(33.1%) | N3=38,812(20.8%) | REM=31,699(17.0%)][0m
2026-08-15 22:11:26,718 | INFO | [94mtrain_tonic_targets[Negative=122,560(99.0%) | Positive=1,300(1.0%)][0m
2026-08-15 22:11:26,718 | INFO | [94mtrain_tonic_predictions[Negative=117,988(95.3%) | Positive=5,872(4.7%)][0m
2026-08-15 22:11:26,718 | INFO | [94mval_tonic_targets[Negative=31,530(99.1%) | Positive=290(0.9%)][0m
2026-08-15 22:11:26,718 | INFO | [94mval_tonic_predictions[Negative=30,620(96.2%) | Positive=1,200(3.8%)][0m
2026-08-15 22:11:26,718 | INFO | [95mtrain_phasic_targets[Negative=109,420(88.3%) | Positive=14,440(11.7%)][0m
2026-08-15 22:11:26,719 | INFO | [95mtrain_phasic_predictions[Negative=101,950(82.3%) | Positive=21,910(17.7%)][0m
2026-08-15 22:11:26,719 | INFO | [95mval_phasic_targets[Negative=28,060(88.2%) | Positive=3,760(11.8%)][0m
2026-08-15 22:11:26,719 | INFO | [95mval_phasic_predictions[Negative=29,070(91.4%) | Positive=2,750(8.6%)][0m
2026-08-15 22:11:26,719 | INFO | [38;5;214mtrain_any_targets[Negative=96,498(77.9%) | Positive=27,362(22.1%)][0m
2026-08-15 22:11:26,719 | INFO | [38;5;214mtrain_any_predictions[Negative=97,632(78.8%) | Positive=26,228(21.2%)][0m
2026-08-15 22:11:26,719 | INFO | [38;5;214mval_any_targets[Negative=25,199(79.2%) | Positive=6,621(20.8%)][0m
2026-08-15 22:11:26,719 | INFO | [38;5;214mval_any_predictions[Negative=25,704(80.8%) | Positive=6,116(19.2%)][0m
2026-08-15 22:12:08,343 | INFO | fold=2 ep=038 train=34.7s val=6.8s [92mtrain_stg_loss=0.4768 train_rswa_loss=0.3463 train_rswa_head_loss(t/p/a)=0.1198/0.1068/0.1197[0m | [93mval_stg_f1=0.7020 val_stg_kappa=0.7252 val_rswa_head_loss(t/p/a)=0.5908/0.2008/0.2067 val_f1(t/p/a)=0.241/0.652/0.809 val_f1_macro=0.5673[0m
2026-08-15 22:12:08,343 | INFO | [92mtrain_stage_targets[W=62,129(10.1%) | N1=30,370(4.9%) | N2=241,306(39.3%) | N3=163,145(26.6%) | REM=117,386(19.1%)][0m
2026-08-15 22:12:08,343 | INFO | [92mtrain_stage_predictions[W=65,412(10.6%) | N1=20,579(3.3%) | N2=253,846(41.3%) | N3=154,695(25.2%) | REM=119,804(19.5%)][0m
2026-08-15 22:12:08,344 | INFO | [92mtrain_move_targets[Negative=91,501(77.9%) | Positive=25,889(22.1%)][0m
2026-08-15 22:12:08,344 | INFO | [92mtrain_move_predictions[Negative=92,804(79.1%) | Positive=24,586(20.9%)][0m
2026-08-15 22:12:08,344 | INFO | [93mval_stage_targets[W=48,448(26.0%) | N1=8,879(4.8%) | N2=59,929(32.1%) | N3=37,340(20.0%) | REM=31,820(17.1%)][0m
2026-08-15 22:12:08,344 | INFO | [93mval_stage_predictions[W=57,106(30.6%) | N1=5,455(2.9%) | N2=61,002(32.7%) | N3=34,438(18.5%) | REM=28,415(15.2%)][0m
2026-08-15 22:12:08,344 | INFO | [94mtrain_tonic_targets[Negative=115,330(98.2%) | Positive=2,060(1.8%)][0m
2026-08-15 22:12:08,344 | INFO | [94mtrain_tonic_predictions[Negative=110,806(94.4%) | Positive=6,584(5.6%)][0m
2026-08-15 22:12:08,344 | INFO | [94mval_tonic_targets[Negative=31,530(99.1%) | Positive=290(0.9%)][0m
2026-08-15 22:12:08,344 | INFO | [94mval_tonic_predictions[Negative=31,030(97.5%) | Positive=790(2.5%)][0m
2026-08-15 22:12:08,344 | INFO | [95mtrain_phasic_targets[Negative=104,190(88.8%) | Positive=13,200(11.2%)][0m
2026-08-15 22:12:08,344 | INFO | [95mtrain_phasic_predictions[Negative=97,976(83.5%) | Positive=19,414(16.5%)][0m
2026-08-15 22:12:08,344 | INFO | [95mval_phasic_targets[Negative=28,060(88.2%) | Positive=3,760(11.8%)][0m
2026-08-15 22:12:08,345 | INFO | [95mval_phasic_predictions[Negative=29,480(92.6%) | Positive=2,340(7.4%)][0m
2026-08-15 22:12:08,345 | INFO | [38;5;214mtrain_any_targets[Negative=91,501(77.9%) | Positive=25,889(22.1%)][0m
2026-08-15 22:12:08,345 | INFO | [38;5;214mtrain_any_predictions[Negative=93,165(79.4%) | Positive=24,225(20.6%)][0m
2026-08-15 22:12:08,345 | INFO | [38;5;214mval_any_targets[Negative=25,199(79.2%) | Positive=6,621(20.8%)][0m
2026-08-15 22:12:08,345 | INFO | [38;5;214mval_any_predictions[Negative=26,651(83.8%) | Positive=5,169(16.2%)][0m
2026-08-15 22:12:50,744 | INFO | fold=2 ep=039 train=35.5s val=6.8s [92mtrain_stg_loss=0.4443 train_rswa_loss=0.3474 train_rswa_head_loss(t/p/a)=0.1077/0.1098/0.1299[0m | [93mval_stg_f1=0.7186 val_stg_kappa=0.7162 val_rswa_head_loss(t/p/a)=0.3413/0.1594/0.1703 val_f1(t/p/a)=0.268/0.761/0.845 val_f1_macro=0.6247[0m
2026-08-15 22:12:50,744 | INFO | [92mtrain_stage_targets[W=87,037(13.9%) | N1=28,400(4.5%) | N2=212,563(33.9%) | N3=182,537(29.1%) | REM=116,999(18.6%)][0m
2026-08-15 22:12:50,745 | INFO | [92mtrain_stage_predictions[W=86,061(13.7%) | N1=23,536(3.8%) | N2=225,942(36.0%) | N3=177,824(28.3%) | REM=114,173(18.2%)][0m
2026-08-15 22:12:50,745 | INFO | [92mtrain_move_targets[Negative=92,498(79.1%) | Positive=24,502(20.9%)][0m
2026-08-15 22:12:50,745 | INFO | [92mtrain_move_predictions[Negative=93,100(79.6%) | Positive=23,900(20.4%)][0m
2026-08-15 22:12:50,745 | INFO | [93mval_stage_targets[W=48,448(26.0%) | N1=8,879(4.8%) | N2=59,929(32.1%) | N3=37,340(20.0%) | REM=31,820(17.1%)][0m
2026-08-15 22:12:50,745 | INFO | [93mval_stage_predictions[W=54,286(29.1%) | N1=6,584(3.5%) | N2=58,484(31.4%) | N3=40,845(21.9%) | REM=26,217(14.1%)][0m
2026-08-15 22:12:50,745 | INFO | [94mtrain_tonic_targets[Negative=115,840(99.0%) | Positive=1,160(1.0%)][0m
2026-08-15 22:12:50,745 | INFO | [94mtrain_tonic_predictions[Negative=111,535(95.3%) | Positive=5,465(4.7%)][0m
2026-08-15 22:12:50,745 | INFO | [94mval_tonic_targets[Negative=31,530(99.1%) | Positive=290(0.9%)][0m
2026-08-15 22:12:50,745 | INFO | [94mval_tonic_predictions[Negative=30,990(97.4%) | Positive=830(2.6%)][0m
2026-08-15 22:12:50,745 | INFO | [95mtrain_phasic_targets[Negative=104,130(89.0%) | Positive=12,870(11.0%)][0m
2026-08-15 22:12:50,746 | INFO | [95mtrain_phasic_predictions[Negative=97,268(83.1%) | Positive=19,732(16.9%)][0m
2026-08-15 22:12:50,746 | INFO | [95mval_phasic_targets[Negative=28,060(88.2%) | Positive=3,760(11.8%)][0m
2026-08-15 22:12:50,746 | INFO | [95mval_phasic_predictions[Negative=28,800(90.5%) | Positive=3,020(9.5%)][0m
2026-08-15 22:12:50,746 | INFO | [38;5;214mtrain_any_targets[Negative=92,498(79.1%) | Positive=24,502(20.9%)][0m
2026-08-15 22:12:50,746 | INFO | [38;5;214mtrain_any_predictions[Negative=93,564(80.0%) | Positive=23,436(20.0%)][0m
2026-08-15 22:12:50,746 | INFO | [38;5;214mval_any_targets[Negative=25,199(79.2%) | Positive=6,621(20.8%)][0m
2026-08-15 22:12:50,746 | INFO | [38;5;214mval_any_predictions[Negative=25,781(81.0%) | Positive=6,039(19.0%)][0m
2026-08-15 22:13:32,517 | INFO | fold=2 ep=040 train=34.9s val=6.7s [92mtrain_stg_loss=0.3750 train_rswa_loss=0.3229 train_rswa_head_loss(t/p/a)=0.1069/0.1017/0.1144[0m | [93mval_stg_f1=0.7232 val_stg_kappa=0.7310 val_rswa_head_loss(t/p/a)=0.2333/0.1500/0.1658 val_f1(t/p/a)=0.347/0.720/0.843 val_f1_macro=0.6364[0m
2026-08-15 22:13:32,517 | INFO | [92mtrain_stage_targets[W=76,757(12.4%) | N1=25,050(4.1%) | N2=233,543(37.8%) | N3=167,718(27.1%) | REM=114,688(18.6%)][0m
2026-08-15 22:13:32,518 | INFO | [92mtrain_stage_predictions[W=78,924(12.8%) | N1=18,434(3.0%) | N2=241,990(39.2%) | N3=161,996(26.2%) | REM=116,412(18.8%)][0m
2026-08-15 22:13:32,518 | INFO | [92mtrain_move_targets[Negative=91,059(79.4%) | Positive=23,631(20.6%)][0m
2026-08-15 22:13:32,518 | INFO | [92mtrain_move_predictions[Negative=91,959(80.2%) | Positive=22,731(19.8%)][0m
2026-08-15 22:13:32,518 | INFO | [93mval_stage_targets[W=48,448(26.0%) | N1=8,879(4.8%) | N2=59,929(32.1%) | N3=37,340(20.0%) | REM=31,820(17.1%)][0m
2026-08-15 22:13:32,518 | INFO | [93mval_stage_predictions[W=52,101(27.9%) | N1=5,618(3.0%) | N2=73,220(39.3%) | N3=30,393(16.3%) | REM=25,084(13.5%)][0m
2026-08-15 22:13:32,518 | INFO | [94mtrain_tonic_targets[Negative=113,090(98.6%) | Positive=1,600(1.4%)][0m
2026-08-15 22:13:32,519 | INFO | [94mtrain_tonic_predictions[Negative=108,927(95.0%) | Positive=5,763(5.0%)][0m
2026-08-15 22:13:32,519 | INFO | [94mval_tonic_targets[Negative=31,530(99.1%) | Positive=290(0.9%)][0m
2026-08-15 22:13:32,519 | INFO | [94mval_tonic_predictions[Negative=30,610(96.2%) | Positive=1,210(3.8%)][0m
2026-08-15 22:13:32,519 | INFO | [95mtrain_phasic_targets[Negative=103,190(90.0%) | Positive=11,500(10.0%)][0m
2026-08-15 22:13:32,519 | INFO | [95mtrain_phasic_predictions[Negative=96,155(83.8%) | Positive=18,535(16.2%)][0m
2026-08-15 22:13:32,519 | INFO | [95mval_phasic_targets[Negative=28,060(88.2%) | Positive=3,760(11.8%)][0m
2026-08-15 22:13:32,519 | INFO | [95mval_phasic_predictions[Negative=29,080(91.4%) | Positive=2,740(8.6%)][0m
2026-08-15 22:13:32,519 | INFO | [38;5;214mtrain_any_targets[Negative=91,059(79.4%) | Positive=23,631(20.6%)][0m
2026-08-15 22:13:32,519 | INFO | [38;5;214mtrain_any_predictions[Negative=92,351(80.5%) | Positive=22,339(19.5%)][0m
2026-08-15 22:13:32,519 | INFO | [38;5;214mval_any_targets[Negative=25,199(79.2%) | Positive=6,621(20.8%)][0m
2026-08-15 22:13:32,520 | INFO | [38;5;214mval_any_predictions[Negative=25,541(80.3%) | Positive=6,279(19.7%)][0m
2026-08-15 22:14:13,990 | INFO | fold=2 ep=041 train=34.7s val=6.7s [92mtrain_stg_loss=0.3793 train_rswa_loss=0.3034 train_rswa_head_loss(t/p/a)=0.0944/0.0972/0.1119[0m | [93mval_stg_f1=0.7270 val_stg_kappa=0.7278 val_rswa_head_loss(t/p/a)=0.5971/0.1937/0.1993 val_f1(t/p/a)=0.260/0.695/0.819 val_f1_macro=0.5914[0m
2026-08-15 22:14:13,990 | INFO | [92mtrain_stage_targets[W=79,241(13.0%) | N1=26,630(4.4%) | N2=223,119(36.5%) | N3=172,817(28.3%) | REM=109,269(17.9%)][0m
2026-08-15 22:14:13,990 | INFO | [92mtrain_stage_predictions[W=80,534(13.2%) | N1=17,843(2.9%) | N2=236,941(38.8%) | N3=166,482(27.2%) | REM=109,276(17.9%)][0m
2026-08-15 22:14:13,990 | INFO | [92mtrain_move_targets[Negative=87,173(79.8%) | Positive=22,097(20.2%)][0m
2026-08-15 22:14:13,990 | INFO | [92mtrain_move_predictions[Negative=88,128(80.7%) | Positive=21,142(19.3%)][0m
2026-08-15 22:14:13,991 | INFO | [93mval_stage_targets[W=48,448(26.0%) | N1=8,879(4.8%) | N2=59,929(32.1%) | N3=37,340(20.0%) | REM=31,820(17.1%)][0m
2026-08-15 22:14:13,991 | INFO | [93mval_stage_predictions[W=46,817(25.1%) | N1=5,840(3.1%) | N2=60,983(32.7%) | N3=39,691(21.3%) | REM=33,085(17.7%)][0m
2026-08-15 22:14:13,991 | INFO | [94mtrain_tonic_targets[Negative=107,950(98.8%) | Positive=1,320(1.2%)][0m
2026-08-15 22:14:13,991 | INFO | [94mtrain_tonic_predictions[Negative=103,957(95.1%) | Positive=5,313(4.9%)][0m
2026-08-15 22:14:13,991 | INFO | [94mval_tonic_targets[Negative=31,530(99.1%) | Positive=290(0.9%)][0m
2026-08-15 22:14:13,991 | INFO | [94mval_tonic_predictions[Negative=31,110(97.8%) | Positive=710(2.2%)][0m
2026-08-15 22:14:13,991 | INFO | [95mtrain_phasic_targets[Negative=98,060(89.7%) | Positive=11,210(10.3%)][0m
2026-08-15 22:14:13,991 | INFO | [95mtrain_phasic_predictions[Negative=92,153(84.3%) | Positive=17,117(15.7%)][0m
2026-08-15 22:14:13,991 | INFO | [95mval_phasic_targets[Negative=28,060(88.2%) | Positive=3,760(11.8%)][0m
2026-08-15 22:14:13,991 | INFO | [95mval_phasic_predictions[Negative=29,310(92.1%) | Positive=2,510(7.9%)][0m
2026-08-15 22:14:13,991 | INFO | [38;5;214mtrain_any_targets[Negative=87,173(79.8%) | Positive=22,097(20.2%)][0m
2026-08-15 22:14:13,992 | INFO | [38;5;214mtrain_any_predictions[Negative=88,474(81.0%) | Positive=20,796(19.0%)][0m
2026-08-15 22:14:13,992 | INFO | [38;5;214mval_any_targets[Negative=25,199(79.2%) | Positive=6,621(20.8%)][0m
2026-08-15 22:14:13,992 | INFO | [38;5;214mval_any_predictions[Negative=26,238(82.5%) | Positive=5,582(17.5%)][0m
2026-08-15 22:14:55,342 | INFO | fold=2 ep=042 train=34.5s val=6.7s [92mtrain_stg_loss=0.3724 train_rswa_loss=0.3024 train_rswa_head_loss(t/p/a)=0.0907/0.0964/0.1153[0m | [93mval_stg_f1=0.7350 val_stg_kappa=0.7237 val_rswa_head_loss(t/p/a)=0.4181/0.2032/0.1988 val_f1(t/p/a)=0.252/0.650/0.806 val_f1_macro=0.5695[0m
2026-08-15 22:14:55,342 | INFO | [92mtrain_stage_targets[W=65,871(10.8%) | N1=24,900(4.1%) | N2=222,897(36.5%) | N3=182,431(29.8%) | REM=115,097(18.8%)][0m
2026-08-15 22:14:55,342 | INFO | [92mtrain_stage_predictions[W=64,832(10.6%) | N1=18,558(3.0%) | N2=233,749(38.2%) | N3=176,495(28.9%) | REM=117,562(19.2%)][0m
2026-08-15 22:14:55,343 | INFO | [92mtrain_move_targets[Negative=91,152(79.2%) | Positive=23,948(20.8%)][0m
2026-08-15 22:14:55,343 | INFO | [92mtrain_move_predictions[Negative=92,043(80.0%) | Positive=23,057(20.0%)][0m
2026-08-15 22:14:55,343 | INFO | [93mval_stage_targets[W=48,448(26.0%) | N1=8,879(4.8%) | N2=59,929(32.1%) | N3=37,340(20.0%) | REM=31,820(17.1%)][0m
2026-08-15 22:14:55,343 | INFO | [93mval_stage_predictions[W=41,891(22.5%) | N1=8,430(4.5%) | N2=69,224(37.1%) | N3=38,357(20.6%) | REM=28,514(15.3%)][0m
2026-08-15 22:14:55,343 | INFO | [94mtrain_tonic_targets[Negative=113,650(98.7%) | Positive=1,450(1.3%)][0m
2026-08-15 22:14:55,343 | INFO | [94mtrain_tonic_predictions[Negative=109,902(95.5%) | Positive=5,198(4.5%)][0m
2026-08-15 22:14:55,343 | INFO | [94mval_tonic_targets[Negative=31,530(99.1%) | Positive=290(0.9%)][0m
2026-08-15 22:14:55,343 | INFO | [94mval_tonic_predictions[Negative=31,000(97.4%) | Positive=820(2.6%)][0m
2026-08-15 22:14:55,343 | INFO | [95mtrain_phasic_targets[Negative=103,440(89.9%) | Positive=11,660(10.1%)][0m
2026-08-15 22:14:55,343 | INFO | [95mtrain_phasic_predictions[Negative=96,649(84.0%) | Positive=18,451(16.0%)][0m
2026-08-15 22:14:55,344 | INFO | [95mval_phasic_targets[Negative=28,060(88.2%) | Positive=3,760(11.8%)][0m
2026-08-15 22:14:55,344 | INFO | [95mval_phasic_predictions[Negative=29,520(92.8%) | Positive=2,300(7.2%)][0m
2026-08-15 22:14:55,344 | INFO | [38;5;214mtrain_any_targets[Negative=91,152(79.2%) | Positive=23,948(20.8%)][0m
2026-08-15 22:14:55,344 | INFO | [38;5;214mtrain_any_predictions[Negative=92,367(80.2%) | Positive=22,733(19.8%)][0m
2026-08-15 22:14:55,344 | INFO | [38;5;214mval_any_targets[Negative=25,199(79.2%) | Positive=6,621(20.8%)][0m
2026-08-15 22:14:55,344 | INFO | [38;5;214mval_any_predictions[Negative=25,995(81.7%) | Positive=5,825(18.3%)][0m
2026-08-15 22:15:37,340 | INFO | fold=2 ep=043 train=35.2s val=6.7s [92mtrain_stg_loss=0.4307 train_rswa_loss=0.3536 train_rswa_head_loss(t/p/a)=0.1345/0.1039/0.1151[0m | [93mval_stg_f1=0.7112 val_stg_kappa=0.6862 val_rswa_head_loss(t/p/a)=0.4866/0.2054/0.2134 val_f1(t/p/a)=0.233/0.651/0.805 val_f1_macro=0.5631[0m
2026-08-15 22:15:37,341 | INFO | [92mtrain_stage_targets[W=81,435(13.1%) | N1=30,970(5.0%) | N2=222,666(35.7%) | N3=170,978(27.4%) | REM=117,087(18.8%)][0m
2026-08-15 22:15:37,341 | INFO | [92mtrain_stage_predictions[W=79,389(12.7%) | N1=24,967(4.0%) | N2=236,261(37.9%) | N3=165,207(26.5%) | REM=117,312(18.8%)][0m
2026-08-15 22:15:37,341 | INFO | [92mtrain_move_targets[Negative=91,440(78.1%) | Positive=25,650(21.9%)][0m
2026-08-15 22:15:37,341 | INFO | [92mtrain_move_predictions[Negative=92,396(78.9%) | Positive=24,694(21.1%)][0m
2026-08-15 22:15:37,341 | INFO | [93mval_stage_targets[W=48,448(26.0%) | N1=8,879(4.8%) | N2=59,929(32.1%) | N3=37,340(20.0%) | REM=31,820(17.1%)][0m
2026-08-15 22:15:37,341 | INFO | [93mval_stage_predictions[W=38,565(20.7%) | N1=12,183(6.5%) | N2=64,211(34.4%) | N3=43,605(23.4%) | REM=27,852(14.9%)][0m
2026-08-15 22:15:37,341 | INFO | [94mtrain_tonic_targets[Negative=115,730(98.8%) | Positive=1,360(1.2%)][0m
2026-08-15 22:15:37,342 | INFO | [94mtrain_tonic_predictions[Negative=111,136(94.9%) | Positive=5,954(5.1%)][0m
2026-08-15 22:15:37,342 | INFO | [94mval_tonic_targets[Negative=31,530(99.1%) | Positive=290(0.9%)][0m
2026-08-15 22:15:37,342 | INFO | [94mval_tonic_predictions[Negative=31,080(97.7%) | Positive=740(2.3%)][0m
2026-08-15 22:15:37,342 | INFO | [95mtrain_phasic_targets[Negative=102,800(87.8%) | Positive=14,290(12.2%)][0m
2026-08-15 22:15:37,342 | INFO | [95mtrain_phasic_predictions[Negative=97,522(83.3%) | Positive=19,568(16.7%)][0m
2026-08-15 22:15:37,342 | INFO | [95mval_phasic_targets[Negative=28,060(88.2%) | Positive=3,760(11.8%)][0m
2026-08-15 22:15:37,342 | INFO | [95mval_phasic_predictions[Negative=29,560(92.9%) | Positive=2,260(7.1%)][0m
2026-08-15 22:15:37,342 | INFO | [38;5;214mtrain_any_targets[Negative=91,440(78.1%) | Positive=25,650(21.9%)][0m
2026-08-15 22:15:37,342 | INFO | [38;5;214mtrain_any_predictions[Negative=92,747(79.2%) | Positive=24,343(20.8%)][0m
2026-08-15 22:15:37,343 | INFO | [38;5;214mval_any_targets[Negative=25,199(79.2%) | Positive=6,621(20.8%)][0m
2026-08-15 22:15:37,343 | INFO | [38;5;214mval_any_predictions[Negative=26,468(83.2%) | Positive=5,352(16.8%)][0m
2026-08-15 22:16:19,300 | INFO | fold=2 ep=044 train=35.1s val=6.7s [92mtrain_stg_loss=0.3809 train_rswa_loss=0.3313 train_rswa_head_loss(t/p/a)=0.1083/0.1041/0.1190[0m | [93mval_stg_f1=0.7345 val_stg_kappa=0.7434 val_rswa_head_loss(t/p/a)=0.2233/0.1350/0.1466 val_f1(t/p/a)=0.333/0.794/0.866 val_f1_macro=0.6645[0m
2026-08-15 22:16:19,300 | INFO | [92mtrain_stage_targets[W=71,025(11.4%) | N1=28,510(4.6%) | N2=223,245(36.0%) | N3=176,278(28.4%) | REM=121,388(19.6%)][0m
2026-08-15 22:16:19,300 | INFO | [92mtrain_stage_predictions[W=70,618(11.4%) | N1=26,308(4.2%) | N2=231,437(37.3%) | N3=170,873(27.5%) | REM=121,210(19.5%)][0m
2026-08-15 22:16:19,300 | INFO | [92mtrain_move_targets[Negative=96,318(79.3%) | Positive=25,072(20.7%)][0m
2026-08-15 22:16:19,300 | INFO | [92mtrain_move_predictions[Negative=96,976(79.9%) | Positive=24,414(20.1%)][0m
2026-08-15 22:16:19,301 | INFO | [93mval_stage_targets[W=48,448(26.0%) | N1=8,879(4.8%) | N2=59,929(32.1%) | N3=37,340(20.0%) | REM=31,820(17.1%)][0m
2026-08-15 22:16:19,301 | INFO | [93mval_stage_predictions[W=53,152(28.5%) | N1=7,349(3.9%) | N2=60,341(32.4%) | N3=36,650(19.7%) | REM=28,924(15.5%)][0m
2026-08-15 22:16:19,301 | INFO | [94mtrain_tonic_targets[Negative=119,910(98.8%) | Positive=1,480(1.2%)][0m
2026-08-15 22:16:19,301 | INFO | [94mtrain_tonic_predictions[Negative=115,361(95.0%) | Positive=6,029(5.0%)][0m
2026-08-15 22:16:19,301 | INFO | [94mval_tonic_targets[Negative=31,530(99.1%) | Positive=290(0.9%)][0m
2026-08-15 22:16:19,301 | INFO | [94mval_tonic_predictions[Negative=30,790(96.8%) | Positive=1,030(3.2%)][0m
2026-08-15 22:16:19,301 | INFO | [95mtrain_phasic_targets[Negative=108,850(89.7%) | Positive=12,540(10.3%)][0m
2026-08-15 22:16:19,301 | INFO | [95mtrain_phasic_predictions[Negative=101,586(83.7%) | Positive=19,804(16.3%)][0m
2026-08-15 22:16:19,301 | INFO | [95mval_phasic_targets[Negative=28,060(88.2%) | Positive=3,760(11.8%)][0m
2026-08-15 22:16:19,301 | INFO | [95mval_phasic_predictions[Negative=28,530(89.7%) | Positive=3,290(10.3%)][0m
2026-08-15 22:16:19,301 | INFO | [38;5;214mtrain_any_targets[Negative=96,318(79.3%) | Positive=25,072(20.7%)][0m
2026-08-15 22:16:19,302 | INFO | [38;5;214mtrain_any_predictions[Negative=97,388(80.2%) | Positive=24,002(19.8%)][0m
2026-08-15 22:16:19,302 | INFO | [38;5;214mval_any_targets[Negative=25,199(79.2%) | Positive=6,621(20.8%)][0m
2026-08-15 22:16:19,302 | INFO | [38;5;214mval_any_predictions[Negative=25,222(79.3%) | Positive=6,598(20.7%)][0m
2026-08-15 22:17:00,842 | INFO | fold=2 ep=045 train=34.6s val=6.8s [92mtrain_stg_loss=0.3582 train_rswa_loss=0.2975 train_rswa_head_loss(t/p/a)=0.0869/0.0966/0.1141[0m | [93mval_stg_f1=0.7421 val_stg_kappa=0.7437 val_rswa_head_loss(t/p/a)=0.3953/0.1772/0.1813 val_f1(t/p/a)=0.250/0.715/0.839 val_f1_macro=0.6012[0m
2026-08-15 22:17:00,842 | INFO | [92mtrain_stage_targets[W=68,898(11.2%) | N1=26,020(4.2%) | N2=216,176(35.3%) | N3=181,164(29.6%) | REM=120,278(19.6%)][0m
2026-08-15 22:17:00,842 | INFO | [92mtrain_stage_predictions[W=69,283(11.3%) | N1=19,635(3.2%) | N2=226,840(37.0%) | N3=176,824(28.9%) | REM=119,954(19.6%)][0m
2026-08-15 22:17:00,843 | INFO | [92mtrain_move_targets[Negative=94,827(78.8%) | Positive=25,453(21.2%)][0m
2026-08-15 22:17:00,843 | INFO | [92mtrain_move_predictions[Negative=95,427(79.3%) | Positive=24,853(20.7%)][0m
2026-08-15 22:17:00,843 | INFO | [93mval_stage_targets[W=48,448(26.0%) | N1=8,879(4.8%) | N2=59,929(32.1%) | N3=37,340(20.0%) | REM=31,820(17.1%)][0m
2026-08-15 22:17:00,843 | INFO | [93mval_stage_predictions[W=46,097(24.7%) | N1=6,416(3.4%) | N2=58,415(31.3%) | N3=40,729(21.8%) | REM=34,759(18.6%)][0m
2026-08-15 22:17:00,843 | INFO | [94mtrain_tonic_targets[Negative=118,990(98.9%) | Positive=1,290(1.1%)][0m
2026-08-15 22:17:00,843 | INFO | [94mtrain_tonic_predictions[Negative=114,851(95.5%) | Positive=5,429(4.5%)][0m
2026-08-15 22:17:00,843 | INFO | [94mval_tonic_targets[Negative=31,530(99.1%) | Positive=290(0.9%)][0m
2026-08-15 22:17:00,843 | INFO | [94mval_tonic_predictions[Negative=31,070(97.6%) | Positive=750(2.4%)][0m
2026-08-15 22:17:00,843 | INFO | [95mtrain_phasic_targets[Negative=107,230(89.2%) | Positive=13,050(10.8%)][0m
2026-08-15 22:17:00,844 | INFO | [95mtrain_phasic_predictions[Negative=100,151(83.3%) | Positive=20,129(16.7%)][0m
2026-08-15 22:17:00,844 | INFO | [95mval_phasic_targets[Negative=28,060(88.2%) | Positive=3,760(11.8%)][0m
2026-08-15 22:17:00,844 | INFO | [95mval_phasic_predictions[Negative=29,230(91.9%) | Positive=2,590(8.1%)][0m
2026-08-15 22:17:00,844 | INFO | [38;5;214mtrain_any_targets[Negative=94,827(78.8%) | Positive=25,453(21.2%)][0m
2026-08-15 22:17:00,844 | INFO | [38;5;214mtrain_any_predictions[Negative=95,843(79.7%) | Positive=24,437(20.3%)][0m
2026-08-15 22:17:00,844 | INFO | [38;5;214mval_any_targets[Negative=25,199(79.2%) | Positive=6,621(20.8%)][0m
2026-08-15 22:17:00,844 | INFO | [38;5;214mval_any_predictions[Negative=26,213(82.4%) | Positive=5,607(17.6%)][0m
2026-08-15 22:17:01,030 | INFO | Fold 2: novo melhor checkpoint na época 45, staging_f1_macro=0.7421
2026-08-15 22:17:41,576 | INFO | fold=2 ep=046 train=33.8s val=6.7s [92mtrain_stg_loss=0.4084 train_rswa_loss=0.2983 train_rswa_head_loss(t/p/a)=0.0986/0.0943/0.1054[0m | [93mval_stg_f1=0.7298 val_stg_kappa=0.7363 val_rswa_head_loss(t/p/a)=0.6519/0.1823/0.1867 val_f1(t/p/a)=0.310/0.708/0.832 val_f1_macro=0.6168[0m
2026-08-15 22:17:41,576 | INFO | [92mtrain_stage_targets[W=68,152(11.4%) | N1=30,640(5.1%) | N2=222,751(37.3%) | N3=164,465(27.5%) | REM=111,368(18.6%)][0m
2026-08-15 22:17:41,576 | INFO | [92mtrain_stage_predictions[W=72,609(12.2%) | N1=26,504(4.4%) | N2=232,411(38.9%) | N3=154,738(25.9%) | REM=111,114(18.6%)][0m
2026-08-15 22:17:41,576 | INFO | [92mtrain_move_targets[Negative=88,663(79.6%) | Positive=22,707(20.4%)][0m
2026-08-15 22:17:41,576 | INFO | [92mtrain_move_predictions[Negative=89,233(80.1%) | Positive=22,137(19.9%)][0m
2026-08-15 22:17:41,576 | INFO | [93mval_stage_targets[W=48,448(26.0%) | N1=8,879(4.8%) | N2=59,929(32.1%) | N3=37,340(20.0%) | REM=31,820(17.1%)][0m
2026-08-15 22:17:41,576 | INFO | [93mval_stage_predictions[W=47,937(25.7%) | N1=5,046(2.7%) | N2=69,118(37.1%) | N3=33,703(18.1%) | REM=30,612(16.4%)][0m
2026-08-15 22:17:41,577 | INFO | [94mtrain_tonic_targets[Negative=109,860(98.6%) | Positive=1,510(1.4%)][0m
2026-08-15 22:17:41,577 | INFO | [94mtrain_tonic_predictions[Negative=106,132(95.3%) | Positive=5,238(4.7%)][0m
2026-08-15 22:17:41,577 | INFO | [94mval_tonic_targets[Negative=31,530(99.1%) | Positive=290(0.9%)][0m
2026-08-15 22:17:41,577 | INFO | [94mval_tonic_predictions[Negative=31,270(98.3%) | Positive=550(1.7%)][0m
2026-08-15 22:17:41,577 | INFO | [95mtrain_phasic_targets[Negative=100,310(90.1%) | Positive=11,060(9.9%)][0m
2026-08-15 22:17:41,577 | INFO | [95mtrain_phasic_predictions[Negative=93,716(84.1%) | Positive=17,654(15.9%)][0m
2026-08-15 22:17:41,577 | INFO | [95mval_phasic_targets[Negative=28,060(88.2%) | Positive=3,760(11.8%)][0m
2026-08-15 22:17:41,577 | INFO | [95mval_phasic_predictions[Negative=29,200(91.8%) | Positive=2,620(8.2%)][0m
2026-08-15 22:17:41,577 | INFO | [38;5;214mtrain_any_targets[Negative=88,663(79.6%) | Positive=22,707(20.4%)][0m
2026-08-15 22:17:41,577 | INFO | [38;5;214mtrain_any_predictions[Negative=89,559(80.4%) | Positive=21,811(19.6%)][0m
2026-08-15 22:17:41,577 | INFO | [38;5;214mval_any_targets[Negative=25,199(79.2%) | Positive=6,621(20.8%)][0m
2026-08-15 22:17:41,577 | INFO | [38;5;214mval_any_predictions[Negative=26,167(82.2%) | Positive=5,653(17.8%)][0m
2026-08-15 22:18:23,007 | INFO | fold=2 ep=047 train=34.5s val=6.8s [92mtrain_stg_loss=0.3680 train_rswa_loss=0.2890 train_rswa_head_loss(t/p/a)=0.0814/0.0949/0.1126[0m | [93mval_stg_f1=0.7374 val_stg_kappa=0.7389 val_rswa_head_loss(t/p/a)=0.1632/0.1361/0.1526 val_f1(t/p/a)=0.408/0.760/0.859 val_f1_macro=0.6759[0m
2026-08-15 22:18:23,008 | INFO | [92mtrain_stage_targets[W=71,035(11.6%) | N1=26,250(4.3%) | N2=233,746(38.3%) | N3=165,296(27.1%) | REM=114,389(18.7%)][0m
2026-08-15 22:18:23,008 | INFO | [92mtrain_stage_predictions[W=73,253(12.0%) | N1=17,226(2.8%) | N2=251,481(41.2%) | N3=152,141(24.9%) | REM=116,615(19.1%)][0m
2026-08-15 22:18:23,008 | INFO | [92mtrain_move_targets[Negative=89,666(78.4%) | Positive=24,724(21.6%)][0m
2026-08-15 22:18:23,008 | INFO | [92mtrain_move_predictions[Negative=90,404(79.0%) | Positive=23,986(21.0%)][0m
2026-08-15 22:18:23,008 | INFO | [93mval_stage_targets[W=48,448(26.0%) | N1=8,879(4.8%) | N2=59,929(32.1%) | N3=37,340(20.0%) | REM=31,820(17.1%)][0m
2026-08-15 22:18:23,008 | INFO | [93mval_stage_predictions[W=47,893(25.7%) | N1=8,484(4.6%) | N2=68,013(36.5%) | N3=34,966(18.8%) | REM=27,060(14.5%)][0m
2026-08-15 22:18:23,009 | INFO | [94mtrain_tonic_targets[Negative=112,810(98.6%) | Positive=1,580(1.4%)][0m
2026-08-15 22:18:23,009 | INFO | [94mtrain_tonic_predictions[Negative=109,377(95.6%) | Positive=5,013(4.4%)][0m
2026-08-15 22:18:23,009 | INFO | [94mval_tonic_targets[Negative=31,530(99.1%) | Positive=290(0.9%)][0m
2026-08-15 22:18:23,009 | INFO | [94mval_tonic_predictions[Negative=30,690(96.4%) | Positive=1,130(3.6%)][0m
2026-08-15 22:18:23,009 | INFO | [95mtrain_phasic_targets[Negative=101,830(89.0%) | Positive=12,560(11.0%)][0m
2026-08-15 22:18:23,009 | INFO | [95mtrain_phasic_predictions[Negative=94,999(83.0%) | Positive=19,391(17.0%)][0m
2026-08-15 22:18:23,009 | INFO | [95mval_phasic_targets[Negative=28,060(88.2%) | Positive=3,760(11.8%)][0m
2026-08-15 22:18:23,009 | INFO | [95mval_phasic_predictions[Negative=28,820(90.6%) | Positive=3,000(9.4%)][0m
2026-08-15 22:18:23,009 | INFO | [38;5;214mtrain_any_targets[Negative=89,666(78.4%) | Positive=24,724(21.6%)][0m
2026-08-15 22:18:23,010 | INFO | [38;5;214mtrain_any_predictions[Negative=90,803(79.4%) | Positive=23,587(20.6%)][0m
2026-08-15 22:18:23,010 | INFO | [38;5;214mval_any_targets[Negative=25,199(79.2%) | Positive=6,621(20.8%)][0m
2026-08-15 22:18:23,010 | INFO | [38;5;214mval_any_predictions[Negative=25,110(78.9%) | Positive=6,710(21.1%)][0m
2026-08-15 22:19:05,384 | INFO | fold=2 ep=048 train=35.5s val=6.7s [92mtrain_stg_loss=0.3518 train_rswa_loss=0.3165 train_rswa_head_loss(t/p/a)=0.0926/0.0981/0.1257[0m | [93mval_stg_f1=0.7277 val_stg_kappa=0.7393 val_rswa_head_loss(t/p/a)=0.5794/0.1668/0.1743 val_f1(t/p/a)=0.299/0.750/0.849 val_f1_macro=0.6328[0m
2026-08-15 22:19:05,384 | INFO | [92mtrain_stage_targets[W=73,542(11.8%) | N1=30,770(4.9%) | N2=228,815(36.7%) | N3=164,596(26.4%) | REM=125,603(20.2%)][0m
2026-08-15 22:19:05,385 | INFO | [92mtrain_stage_predictions[W=74,031(11.9%) | N1=26,184(4.2%) | N2=234,745(37.7%) | N3=161,061(25.8%) | REM=127,305(20.4%)][0m
2026-08-15 22:19:05,385 | INFO | [92mtrain_move_targets[Negative=95,307(75.9%) | Positive=30,303(24.1%)][0m
2026-08-15 22:19:05,385 | INFO | [92mtrain_move_predictions[Negative=96,384(76.7%) | Positive=29,226(23.3%)][0m
2026-08-15 22:19:05,385 | INFO | [93mval_stage_targets[W=48,448(26.0%) | N1=8,879(4.8%) | N2=59,929(32.1%) | N3=37,340(20.0%) | REM=31,820(17.1%)][0m
2026-08-15 22:19:05,386 | INFO | [93mval_stage_predictions[W=41,701(22.4%) | N1=5,372(2.9%) | N2=69,669(37.4%) | N3=34,317(18.4%) | REM=35,357(19.0%)][0m
2026-08-15 22:19:05,386 | INFO | [94mtrain_tonic_targets[Negative=124,000(98.7%) | Positive=1,610(1.3%)][0m
2026-08-15 22:19:05,386 | INFO | [94mtrain_tonic_predictions[Negative=119,324(95.0%) | Positive=6,286(5.0%)][0m
2026-08-15 22:19:05,386 | INFO | [94mval_tonic_targets[Negative=31,530(99.1%) | Positive=290(0.9%)][0m
2026-08-15 22:19:05,386 | INFO | [94mval_tonic_predictions[Negative=31,240(98.2%) | Positive=580(1.8%)][0m
2026-08-15 22:19:05,387 | INFO | [95mtrain_phasic_targets[Negative=109,240(87.0%) | Positive=16,370(13.0%)][0m
2026-08-15 22:19:05,387 | INFO | [95mtrain_phasic_predictions[Negative=102,326(81.5%) | Positive=23,284(18.5%)][0m
2026-08-15 22:19:05,387 | INFO | [95mval_phasic_targets[Negative=28,060(88.2%) | Positive=3,760(11.8%)][0m
2026-08-15 22:19:05,387 | INFO | [95mval_phasic_predictions[Negative=28,970(91.0%) | Positive=2,850(9.0%)][0m
2026-08-15 22:19:05,387 | INFO | [38;5;214mtrain_any_targets[Negative=95,307(75.9%) | Positive=30,303(24.1%)][0m
2026-08-15 22:19:05,388 | INFO | [38;5;214mtrain_any_predictions[Negative=96,839(77.1%) | Positive=28,771(22.9%)][0m
2026-08-15 22:19:05,388 | INFO | [38;5;214mval_any_targets[Negative=25,199(79.2%) | Positive=6,621(20.8%)][0m
2026-08-15 22:19:05,388 | INFO | [38;5;214mval_any_predictions[Negative=25,931(81.5%) | Positive=5,889(18.5%)][0m
2026-08-15 22:19:47,338 | INFO | fold=2 ep=049 train=35.2s val=6.6s [92mtrain_stg_loss=0.3521 train_rswa_loss=0.3104 train_rswa_head_loss(t/p/a)=0.0924/0.1008/0.1172[0m | [93mval_stg_f1=0.7479 val_stg_kappa=0.7469 val_rswa_head_loss(t/p/a)=0.1881/0.1203/0.1395 val_f1(t/p/a)=0.500/0.822/0.872 val_f1_macro=0.7313[0m
2026-08-15 22:19:47,339 | INFO | [92mtrain_stage_targets[W=77,955(12.5%) | N1=28,200(4.5%) | N2=236,956(38.1%) | N3=162,668(26.1%) | REM=116,767(18.8%)][0m
2026-08-15 22:19:47,339 | INFO | [92mtrain_stage_predictions[W=77,315(12.4%) | N1=23,715(3.8%) | N2=247,730(39.8%) | N3=155,977(25.1%) | REM=117,809(18.9%)][0m
2026-08-15 22:19:47,339 | INFO | [92mtrain_move_targets[Negative=90,428(77.4%) | Positive=26,342(22.6%)][0m
2026-08-15 22:19:47,339 | INFO | [92mtrain_move_predictions[Negative=91,194(78.1%) | Positive=25,576(21.9%)][0m
2026-08-15 22:19:47,339 | INFO | [93mval_stage_targets[W=48,448(26.0%) | N1=8,879(4.8%) | N2=59,929(32.1%) | N3=37,340(20.0%) | REM=31,820(17.1%)][0m
2026-08-15 22:19:47,339 | INFO | [93mval_stage_predictions[W=44,953(24.1%) | N1=8,046(4.3%) | N2=63,378(34.0%) | N3=35,527(19.1%) | REM=34,512(18.5%)][0m
2026-08-15 22:19:47,339 | INFO | [94mtrain_tonic_targets[Negative=114,530(98.1%) | Positive=2,240(1.9%)][0m
2026-08-15 22:19:47,340 | INFO | [94mtrain_tonic_predictions[Negative=110,701(94.8%) | Positive=6,069(5.2%)][0m
2026-08-15 22:19:47,340 | INFO | [94mval_tonic_targets[Negative=31,530(99.1%) | Positive=290(0.9%)][0m
2026-08-15 22:19:47,340 | INFO | [94mval_tonic_predictions[Negative=30,950(97.3%) | Positive=870(2.7%)][0m
2026-08-15 22:19:47,340 | INFO | [95mtrain_phasic_targets[Negative=103,160(88.3%) | Positive=13,610(11.7%)][0m
2026-08-15 22:19:47,340 | INFO | [95mtrain_phasic_predictions[Negative=96,956(83.0%) | Positive=19,814(17.0%)][0m
2026-08-15 22:19:47,340 | INFO | [95mval_phasic_targets[Negative=28,060(88.2%) | Positive=3,760(11.8%)][0m
2026-08-15 22:19:47,340 | INFO | [95mval_phasic_predictions[Negative=28,210(88.7%) | Positive=3,610(11.3%)][0m
2026-08-15 22:19:47,340 | INFO | [38;5;214mtrain_any_targets[Negative=90,428(77.4%) | Positive=26,342(22.6%)][0m
2026-08-15 22:19:47,340 | INFO | [38;5;214mtrain_any_predictions[Negative=91,536(78.4%) | Positive=25,234(21.6%)][0m
2026-08-15 22:19:47,340 | INFO | [38;5;214mval_any_targets[Negative=25,199(79.2%) | Positive=6,621(20.8%)][0m
2026-08-15 22:19:47,340 | INFO | [38;5;214mval_any_predictions[Negative=24,776(77.9%) | Positive=7,044(22.1%)][0m
2026-08-15 22:19:47,518 | INFO | Fold 2: novo melhor checkpoint na época 49, staging_f1_macro=0.7479
2026-08-15 22:20:28,483 | INFO | fold=2 ep=050 train=34.2s val=6.7s [92mtrain_stg_loss=0.3549 train_rswa_loss=0.2952 train_rswa_head_loss(t/p/a)=0.0812/0.0985/0.1154[0m | [93mval_stg_f1=0.7261 val_stg_kappa=0.7268 val_rswa_head_loss(t/p/a)=0.1751/0.1422/0.1627 val_f1(t/p/a)=0.429/0.809/0.849 val_f1_macro=0.6952[0m
2026-08-15 22:20:28,484 | INFO | [92mtrain_stage_targets[W=70,541(11.7%) | N1=29,310(4.8%) | N2=228,315(37.8%) | N3=164,531(27.2%) | REM=111,979(18.5%)][0m
2026-08-15 22:20:28,484 | INFO | [92mtrain_stage_predictions[W=73,429(12.1%) | N1=21,138(3.5%) | N2=232,659(38.5%) | N3=163,573(27.1%) | REM=113,877(18.8%)][0m
2026-08-15 22:20:28,484 | INFO | [92mtrain_move_targets[Negative=90,263(80.6%) | Positive=21,717(19.4%)][0m
2026-08-15 22:20:28,484 | INFO | [92mtrain_move_predictions[Negative=90,890(81.2%) | Positive=21,090(18.8%)][0m
2026-08-15 22:20:28,484 | INFO | [93mval_stage_targets[W=48,448(26.0%) | N1=8,879(4.8%) | N2=59,929(32.1%) | N3=37,340(20.0%) | REM=31,820(17.1%)][0m
2026-08-15 22:20:28,484 | INFO | [93mval_stage_predictions[W=49,279(26.4%) | N1=9,126(4.9%) | N2=67,801(36.4%) | N3=35,762(19.2%) | REM=24,448(13.1%)][0m
2026-08-15 22:20:28,484 | INFO | [94mtrain_tonic_targets[Negative=110,650(98.8%) | Positive=1,330(1.2%)][0m
2026-08-15 22:20:28,484 | INFO | [94mtrain_tonic_predictions[Negative=107,376(95.9%) | Positive=4,604(4.1%)][0m
2026-08-15 22:20:28,485 | INFO | [94mval_tonic_targets[Negative=31,530(99.1%) | Positive=290(0.9%)][0m
2026-08-15 22:20:28,485 | INFO | [94mval_tonic_predictions[Negative=30,850(97.0%) | Positive=970(3.0%)][0m
2026-08-15 22:20:28,485 | INFO | [95mtrain_phasic_targets[Negative=100,920(90.1%) | Positive=11,060(9.9%)][0m
2026-08-15 22:20:28,485 | INFO | [95mtrain_phasic_predictions[Negative=95,361(85.2%) | Positive=16,619(14.8%)][0m
2026-08-15 22:20:28,485 | INFO | [95mval_phasic_targets[Negative=28,060(88.2%) | Positive=3,760(11.8%)][0m
2026-08-15 22:20:28,485 | INFO | [95mval_phasic_predictions[Negative=28,160(88.5%) | Positive=3,660(11.5%)][0m
2026-08-15 22:20:28,485 | INFO | [38;5;214mtrain_any_targets[Negative=90,263(80.6%) | Positive=21,717(19.4%)][0m
2026-08-15 22:20:28,485 | INFO | [38;5;214mtrain_any_predictions[Negative=91,177(81.4%) | Positive=20,803(18.6%)][0m
2026-08-15 22:20:28,485 | INFO | [38;5;214mval_any_targets[Negative=25,199(79.2%) | Positive=6,621(20.8%)][0m
2026-08-15 22:20:28,485 | INFO | [38;5;214mval_any_predictions[Negative=24,367(76.6%) | Positive=7,453(23.4%)][0m
2026-08-15 22:20:45,360 | INFO | Fold 3 TREINO: exames=65 | estágios[W=117,760(17.9%) | N1=33,890(5.1%) | N2=243,170(36.9%) | N3=150,840(22.9%) | REM=113,160(17.2%)] | movimento=21,322/113,160 (18.84% das avaliáveis; avaliáveis=17.2% do total de 658,820 mini-épocas)
2026-08-15 22:20:45,360 | INFO | Fold 3 VALIDAÇÃO: exames=14 | estágios[W=41,150(26.9%) | N1=4,680(3.1%) | N2=47,170(30.9%) | N3=35,970(23.5%) | REM=23,900(15.6%)] | movimento=6,704/23,900 (28.05% das avaliáveis; avaliáveis=15.6% do total de 152,870 mini-épocas)
2026-08-15 22:20:45,363 | INFO | Fold 3: sujeitos com tonic -> treino=32/65 validação=6/14 | oversample_tonic_subjects=True tonic_subject_weight=20.00
2026-08-15 22:20:45,414 | INFO | [MODEL] shared_joint_system | trainable_params=1,443,952
2026-08-15 22:20:45,415 | INFO | SharedBiMambaJointSystem(
  (staging_encoder): StagingCNNEncoder(
    (branches): ModuleList(
      (0): MultiKernelCNNBranch(
        (paths): ModuleList(
          (0): Sequential(
            (0): Conv1d(3, 22, kernel_size=(30,), stride=(1,), padding=(15,), bias=False)
            (1): GroupNorm(2, 22, eps=1e-05, affine=True)
            (2): ReLU(inplace=True)
            (3): MaxPool1d(kernel_size=2, stride=2, padding=0, dilation=1, ceil_mode=False)
          )
          (1): Sequential(
            (0): Conv1d(3, 21, kernel_size=(70,), stride=(1,), padding=(35,), bias=False)
            (1): GroupNorm(7, 21, eps=1e-05, affine=True)
            (2): ReLU(inplace=True)
            (3): MaxPool1d(kernel_size=2, stride=2, padding=0, dilation=1, ceil_mode=False)
          )
          (2): Sequential(
            (0): Conv1d(3, 21, kernel_size=(150,), stride=(1,), padding=(75,), bias=False)
            (1): GroupNorm(7, 21, eps=1e-05, affine=True)
            (2): ReLU(inplace=True)
            (3): MaxPool1d(kernel_size=2, stride=2, padding=0, dilation=1, ceil_mode=False)
          )
        )
        (drop): Dropout(p=0.35, inplace=False)
      )
      (1): MultiKernelCNNBranch(
        (paths): ModuleList(
          (0): Sequential(
            (0): Conv1d(1, 22, kernel_size=(50,), stride=(1,), padding=(25,), bias=False)
            (1): GroupNorm(2, 22, eps=1e-05, affine=True)
            (2): ReLU(inplace=True)
            (3): MaxPool1d(kernel_size=2, stride=2, padding=0, dilation=1, ceil_mode=False)
          )
          (1): Sequential(
            (0): Conv1d(1, 21, kernel_size=(150,), stride=(1,), padding=(75,), bias=False)
            (1): GroupNorm(7, 21, eps=1e-05, affine=True)
            (2): ReLU(inplace=True)
            (3): MaxPool1d(kernel_size=2, stride=2, padding=0, dilation=1, ceil_mode=False)
          )
          (2): Sequential(
            (0): Conv1d(1, 21, kernel_size=(250,), stride=(1,), padding=(125,), bias=False)
            (1): GroupNorm(7, 21, eps=1e-05, affine=True)
            (2): ReLU(inplace=True)
            (3): MaxPool1d(kernel_size=2, stride=2, padding=0, dilation=1, ceil_mode=False)
          )
        )
        (drop): Dropout(p=0.35, inplace=False)
      )
    )
    (se_global): SEBlock(
      (fc): Sequential(
        (0): AdaptiveAvgPool1d(output_size=1)
        (1): Flatten(start_dim=1, end_dim=-1)
        (2): Linear(in_features=128, out_features=16, bias=False)
        (3): ReLU(inplace=True)
        (4): Linear(in_features=16, out_features=128, bias=False)
        (5): Sigmoid()
      )
    )
    (refine): Sequential(
      (0): Conv1d(128, 128, kernel_size=(5,), stride=(1,), padding=(2,), bias=False)
      (1): GroupNorm(8, 128, eps=1e-05, affine=True)
      (2): ReLU(inplace=True)
      (3): MaxPool1d(kernel_size=2, stride=2, padding=0, dilation=1, ceil_mode=False)
      (4): Conv1d(128, 256, kernel_size=(3,), stride=(1,), padding=(1,), bias=False)
      (5): GroupNorm(8, 256, eps=1e-05, affine=True)
      (6): ReLU(inplace=True)
    )
    (pool): AdaptiveAvgPool1d(output_size=1)
  )
  (rswa_encoder): RSWAFeatureEncoder(
    (paths): ModuleList(
      (0): Sequential(
        (0): Conv1d(2, 22, kernel_size=(50,), stride=(1,), padding=(25,), bias=False)
        (1): GroupNorm(2, 22, eps=1e-05, affine=True)
        (2): ReLU(inplace=True)
        (3): MaxPool1d(kernel_size=2, stride=2, padding=0, dilation=1, ceil_mode=False)
      )
      (1): Sequential(
        (0): Conv1d(2, 21, kernel_size=(150,), stride=(1,), padding=(75,), bias=False)
        (1): GroupNorm(7, 21, eps=1e-05, affine=True)
        (2): ReLU(inplace=True)
        (3): MaxPool1d(kernel_size=2, stride=2, padding=0, dilation=1, ceil_mode=False)
      )
      (2): Sequential(
        (0): Conv1d(2, 21, kernel_size=(300,), stride=(1,), padding=(150,), bias=False)
        (1): GroupNorm(7, 21, eps=1e-05, affine=True)
        (2): ReLU(inplace=True)
        (3): MaxPool1d(kernel_size=2, stride=2, padding=0, dilation=1, ceil_mode=False)
      )
    )
    (drop): Dropout(p=0.35, inplace=False)
    (se): SEBlock(
      (fc): Sequential(
        (0): AdaptiveAvgPool1d(output_size=1)
        (1): Flatten(start_dim=1, end_dim=-1)
        (2): Linear(in_features=64, out_features=8, bias=False)
        (3): ReLU(inplace=True)
        (4): Linear(in_features=8, out_features=64, bias=False)
        (5): Sigmoid()
      )
    )
    (refine): Sequential(
      (0): Conv1d(64, 64, kernel_size=(5,), stride=(1,), padding=(2,), bias=False)
      (1): GroupNorm(8, 64, eps=1e-05, affine=True)
      (2): ReLU(inplace=True)
      (3): MaxPool1d(kernel_size=2, stride=2, padding=0, dilation=1, ceil_mode=False)
      (4): Conv1d(64, 256, kernel_size=(3,), stride=(1,), padding=(1,), bias=False)
      (5): GroupNorm(8, 256, eps=1e-05, affine=True)
      (6): ReLU(inplace=True)
    )
    (pool): AdaptiveAvgPool1d(output_size=1)
  )
  (fusion): Sequential(
    (0): Linear(in_features=512, out_features=256, bias=False)
    (1): LayerNorm((256,), eps=1e-05, elementwise_affine=True)
    (2): ReLU(inplace=True)
    (3): Dropout(p=0.35, inplace=False)
  )
  (temporal): MambaStack(
    (blocks): ModuleList(
      (0): BidirMambaBlock(
        sequence_impl=mamba
        (norm): LayerNorm((256,), eps=1e-05, elementwise_affine=True)
        (drop): Dropout(p=0.35, inplace=False)
        (fwd): Mamba(
          (in_proj): Linear(in_features=256, out_features=1024, bias=False)
          (conv1d): Conv1d(512, 512, kernel_size=(4,), stride=(1,), padding=(3,), groups=512)
          (act): SiLU()
          (x_proj): Linear(in_features=512, out_features=48, bias=False)
          (dt_proj): Linear(in_features=16, out_features=512, bias=True)
          (out_proj): Linear(in_features=512, out_features=256, bias=False)
        )
        (bwd): Mamba(
          (in_proj): Linear(in_features=256, out_features=1024, bias=False)
          (conv1d): Conv1d(512, 512, kernel_size=(4,), stride=(1,), padding=(3,), groups=512)
          (act): SiLU()
          (x_proj): Linear(in_features=512, out_features=48, bias=False)
          (dt_proj): Linear(in_features=16, out_features=512, bias=True)
          (out_proj): Linear(in_features=512, out_features=256, bias=False)
        )
      )
    )
    (norm_out): LayerNorm((256,), eps=1e-05, elementwise_affine=True)
  )
  (staging_classifier): Sequential(
    (0): Linear(in_features=256, out_features=128, bias=True)
    (1): ReLU(inplace=True)
    (2): Dropout(p=0.35, inplace=False)
    (3): Linear(in_features=128, out_features=5, bias=True)
  )
  (tonic_head): Sequential(
    (0): Linear(in_features=256, out_features=128, bias=True)
    (1): ReLU(inplace=True)
    (2): Dropout(p=0.35, inplace=False)
    (3): Linear(in_features=128, out_features=1, bias=True)
  )
  (phasic_head): Sequential(
    (0): Linear(in_features=256, out_features=128, bias=True)
    (1): ReLU(inplace=True)
    (2): Dropout(p=0.35, inplace=False)
    (3): Linear(in_features=128, out_features=1, bias=True)
  )
  (any_head): Sequential(
    (0): Linear(in_features=256, out_features=128, bias=True)
    (1): ReLU(inplace=True)
    (2): Dropout(p=0.35, inplace=False)
    (3): Linear(in_features=128, out_features=1, bias=True)
  )
)
2026-08-15 22:20:45,475 | INFO | [MODEL] shared_joint_staging_encoder | trainable_params=210,684
2026-08-15 22:20:45,476 | INFO | StagingCNNEncoder(
  (branches): ModuleList(
    (0): MultiKernelCNNBranch(
      (paths): ModuleList(
        (0): Sequential(
          (0): Conv1d(3, 22, kernel_size=(30,), stride=(1,), padding=(15,), bias=False)
          (1): GroupNorm(2, 22, eps=1e-05, affine=True)
          (2): ReLU(inplace=True)
          (3): MaxPool1d(kernel_size=2, stride=2, padding=0, dilation=1, ceil_mode=False)
        )
        (1): Sequential(
          (0): Conv1d(3, 21, kernel_size=(70,), stride=(1,), padding=(35,), bias=False)
          (1): GroupNorm(7, 21, eps=1e-05, affine=True)
          (2): ReLU(inplace=True)
          (3): MaxPool1d(kernel_size=2, stride=2, padding=0, dilation=1, ceil_mode=False)
        )
        (2): Sequential(
          (0): Conv1d(3, 21, kernel_size=(150,), stride=(1,), padding=(75,), bias=False)
          (1): GroupNorm(7, 21, eps=1e-05, affine=True)
          (2): ReLU(inplace=True)
          (3): MaxPool1d(kernel_size=2, stride=2, padding=0, dilation=1, ceil_mode=False)
        )
      )
      (drop): Dropout(p=0.35, inplace=False)
    )
    (1): MultiKernelCNNBranch(
      (paths): ModuleList(
        (0): Sequential(
          (0): Conv1d(1, 22, kernel_size=(50,), stride=(1,), padding=(25,), bias=False)
          (1): GroupNorm(2, 22, eps=1e-05, affine=True)
          (2): ReLU(inplace=True)
          (3): MaxPool1d(kernel_size=2, stride=2, padding=0, dilation=1, ceil_mode=False)
        )
        (1): Sequential(
          (0): Conv1d(1, 21, kernel_size=(150,), stride=(1,), padding=(75,), bias=False)
          (1): GroupNorm(7, 21, eps=1e-05, affine=True)
          (2): ReLU(inplace=True)
          (3): MaxPool1d(kernel_size=2, stride=2, padding=0, dilation=1, ceil_mode=False)
        )
        (2): Sequential(
          (0): Conv1d(1, 21, kernel_size=(250,), stride=(1,), padding=(125,), bias=False)
          (1): GroupNorm(7, 21, eps=1e-05, affine=True)
          (2): ReLU(inplace=True)
          (3): MaxPool1d(kernel_size=2, stride=2, padding=0, dilation=1, ceil_mode=False)
        )
      )
      (drop): Dropout(p=0.35, inplace=False)
    )
  )
  (se_global): SEBlock(
    (fc): Sequential(
      (0): AdaptiveAvgPool1d(output_size=1)
      (1): Flatten(start_dim=1, end_dim=-1)
      (2): Linear(in_features=128, out_features=16, bias=False)
      (3): ReLU(inplace=True)
      (4): Linear(in_features=16, out_features=128, bias=False)
      (5): Sigmoid()
    )
  )
  (refine): Sequential(
    (0): Conv1d(128, 128, kernel_size=(5,), stride=(1,), padding=(2,), bias=False)
    (1): GroupNorm(8, 128, eps=1e-05, affine=True)
    (2): ReLU(inplace=True)
    (3): MaxPool1d(kernel_size=2, stride=2, padding=0, dilation=1, ceil_mode=False)
    (4): Conv1d(128, 256, kernel_size=(3,), stride=(1,), padding=(1,), bias=False)
    (5): GroupNorm(8, 256, eps=1e-05, affine=True)
    (6): ReLU(inplace=True)
  )
  (pool): AdaptiveAvgPool1d(output_size=1)
)
2026-08-15 22:20:45,476 | INFO | [MODEL] shared_joint_rswa_encoder | trainable_params=92,524
2026-08-15 22:20:45,477 | INFO | RSWAFeatureEncoder(
  (paths): ModuleList(
    (0): Sequential(
      (0): Conv1d(2, 22, kernel_size=(50,), stride=(1,), padding=(25,), bias=False)
      (1): GroupNorm(2, 22, eps=1e-05, affine=True)
      (2): ReLU(inplace=True)
      (3): MaxPool1d(kernel_size=2, stride=2, padding=0, dilation=1, ceil_mode=False)
    )
    (1): Sequential(
      (0): Conv1d(2, 21, kernel_size=(150,), stride=(1,), padding=(75,), bias=False)
      (1): GroupNorm(7, 21, eps=1e-05, affine=True)
      (2): ReLU(inplace=True)
      (3): MaxPool1d(kernel_size=2, stride=2, padding=0, dilation=1, ceil_mode=False)
    )
    (2): Sequential(
      (0): Conv1d(2, 21, kernel_size=(300,), stride=(1,), padding=(150,), bias=False)
      (1): GroupNorm(7, 21, eps=1e-05, affine=True)
      (2): ReLU(inplace=True)
      (3): MaxPool1d(kernel_size=2, stride=2, padding=0, dilation=1, ceil_mode=False)
    )
  )
  (drop): Dropout(p=0.35, inplace=False)
  (se): SEBlock(
    (fc): Sequential(
      (0): AdaptiveAvgPool1d(output_size=1)
      (1): Flatten(start_dim=1, end_dim=-1)
      (2): Linear(in_features=64, out_features=8, bias=False)
      (3): ReLU(inplace=True)
      (4): Linear(in_features=8, out_features=64, bias=False)
      (5): Sigmoid()
    )
  )
  (refine): Sequential(
    (0): Conv1d(64, 64, kernel_size=(5,), stride=(1,), padding=(2,), bias=False)
    (1): GroupNorm(8, 64, eps=1e-05, affine=True)
    (2): ReLU(inplace=True)
    (3): MaxPool1d(kernel_size=2, stride=2, padding=0, dilation=1, ceil_mode=False)
    (4): Conv1d(64, 256, kernel_size=(3,), stride=(1,), padding=(1,), bias=False)
    (5): GroupNorm(8, 256, eps=1e-05, affine=True)
    (6): ReLU(inplace=True)
  )
  (pool): AdaptiveAvgPool1d(output_size=1)
)
2026-08-15 22:20:45,477 | INFO | [MODEL] shared_joint_temporal | trainable_params=876,544
2026-08-15 22:20:45,477 | INFO | MambaStack(
  (blocks): ModuleList(
    (0): BidirMambaBlock(
      sequence_impl=mamba
      (norm): LayerNorm((256,), eps=1e-05, elementwise_affine=True)
      (drop): Dropout(p=0.35, inplace=False)
      (fwd): Mamba(
        (in_proj): Linear(in_features=256, out_features=1024, bias=False)
        (conv1d): Conv1d(512, 512, kernel_size=(4,), stride=(1,), padding=(3,), groups=512)
        (act): SiLU()
        (x_proj): Linear(in_features=512, out_features=48, bias=False)
        (dt_proj): Linear(in_features=16, out_features=512, bias=True)
        (out_proj): Linear(in_features=512, out_features=256, bias=False)
      )
      (bwd): Mamba(
        (in_proj): Linear(in_features=256, out_features=1024, bias=False)
        (conv1d): Conv1d(512, 512, kernel_size=(4,), stride=(1,), padding=(3,), groups=512)
        (act): SiLU()
        (x_proj): Linear(in_features=512, out_features=48, bias=False)
        (dt_proj): Linear(in_features=16, out_features=512, bias=True)
        (out_proj): Linear(in_features=512, out_features=256, bias=False)
      )
    )
  )
  (norm_out): LayerNorm((256,), eps=1e-05, elementwise_affine=True)
)
2026-08-15 22:20:45,575 | INFO | [MODEL] joint_system | trainable_params=1,443,952
2026-08-15 22:20:45,577 | INFO | SharedBiMambaJointSystem(
  (staging_encoder): StagingCNNEncoder(
    (branches): ModuleList(
      (0): MultiKernelCNNBranch(
        (paths): ModuleList(
          (0): Sequential(
            (0): Conv1d(3, 22, kernel_size=(30,), stride=(1,), padding=(15,), bias=False)
            (1): GroupNorm(2, 22, eps=1e-05, affine=True)
            (2): ReLU(inplace=True)
            (3): MaxPool1d(kernel_size=2, stride=2, padding=0, dilation=1, ceil_mode=False)
          )
          (1): Sequential(
            (0): Conv1d(3, 21, kernel_size=(70,), stride=(1,), padding=(35,), bias=False)
            (1): GroupNorm(7, 21, eps=1e-05, affine=True)
            (2): ReLU(inplace=True)
            (3): MaxPool1d(kernel_size=2, stride=2, padding=0, dilation=1, ceil_mode=False)
          )
          (2): Sequential(
            (0): Conv1d(3, 21, kernel_size=(150,), stride=(1,), padding=(75,), bias=False)
            (1): GroupNorm(7, 21, eps=1e-05, affine=True)
            (2): ReLU(inplace=True)
            (3): MaxPool1d(kernel_size=2, stride=2, padding=0, dilation=1, ceil_mode=False)
          )
        )
        (drop): Dropout(p=0.35, inplace=False)
      )
      (1): MultiKernelCNNBranch(
        (paths): ModuleList(
          (0): Sequential(
            (0): Conv1d(1, 22, kernel_size=(50,), stride=(1,), padding=(25,), bias=False)
            (1): GroupNorm(2, 22, eps=1e-05, affine=True)
            (2): ReLU(inplace=True)
            (3): MaxPool1d(kernel_size=2, stride=2, padding=0, dilation=1, ceil_mode=False)
          )
          (1): Sequential(
            (0): Conv1d(1, 21, kernel_size=(150,), stride=(1,), padding=(75,), bias=False)
            (1): GroupNorm(7, 21, eps=1e-05, affine=True)
            (2): ReLU(inplace=True)
            (3): MaxPool1d(kernel_size=2, stride=2, padding=0, dilation=1, ceil_mode=False)
          )
          (2): Sequential(
            (0): Conv1d(1, 21, kernel_size=(250,), stride=(1,), padding=(125,), bias=False)
            (1): GroupNorm(7, 21, eps=1e-05, affine=True)
            (2): ReLU(inplace=True)
            (3): MaxPool1d(kernel_size=2, stride=2, padding=0, dilation=1, ceil_mode=False)
          )
        )
        (drop): Dropout(p=0.35, inplace=False)
      )
    )
    (se_global): SEBlock(
      (fc): Sequential(
        (0): AdaptiveAvgPool1d(output_size=1)
        (1): Flatten(start_dim=1, end_dim=-1)
        (2): Linear(in_features=128, out_features=16, bias=False)
        (3): ReLU(inplace=True)
        (4): Linear(in_features=16, out_features=128, bias=False)
        (5): Sigmoid()
      )
    )
    (refine): Sequential(
      (0): Conv1d(128, 128, kernel_size=(5,), stride=(1,), padding=(2,), bias=False)
      (1): GroupNorm(8, 128, eps=1e-05, affine=True)
      (2): ReLU(inplace=True)
      (3): MaxPool1d(kernel_size=2, stride=2, padding=0, dilation=1, ceil_mode=False)
      (4): Conv1d(128, 256, kernel_size=(3,), stride=(1,), padding=(1,), bias=False)
      (5): GroupNorm(8, 256, eps=1e-05, affine=True)
      (6): ReLU(inplace=True)
    )
    (pool): AdaptiveAvgPool1d(output_size=1)
  )
  (rswa_encoder): RSWAFeatureEncoder(
    (paths): ModuleList(
      (0): Sequential(
        (0): Conv1d(2, 22, kernel_size=(50,), stride=(1,), padding=(25,), bias=False)
        (1): GroupNorm(2, 22, eps=1e-05, affine=True)
        (2): ReLU(inplace=True)
        (3): MaxPool1d(kernel_size=2, stride=2, padding=0, dilation=1, ceil_mode=False)
      )
      (1): Sequential(
        (0): Conv1d(2, 21, kernel_size=(150,), stride=(1,), padding=(75,), bias=False)
        (1): GroupNorm(7, 21, eps=1e-05, affine=True)
        (2): ReLU(inplace=True)
        (3): MaxPool1d(kernel_size=2, stride=2, padding=0, dilation=1, ceil_mode=False)
      )
      (2): Sequential(
        (0): Conv1d(2, 21, kernel_size=(300,), stride=(1,), padding=(150,), bias=False)
        (1): GroupNorm(7, 21, eps=1e-05, affine=True)
        (2): ReLU(inplace=True)
        (3): MaxPool1d(kernel_size=2, stride=2, padding=0, dilation=1, ceil_mode=False)
      )
    )
    (drop): Dropout(p=0.35, inplace=False)
    (se): SEBlock(
      (fc): Sequential(
        (0): AdaptiveAvgPool1d(output_size=1)
        (1): Flatten(start_dim=1, end_dim=-1)
        (2): Linear(in_features=64, out_features=8, bias=False)
        (3): ReLU(inplace=True)
        (4): Linear(in_features=8, out_features=64, bias=False)
        (5): Sigmoid()
      )
    )
    (refine): Sequential(
      (0): Conv1d(64, 64, kernel_size=(5,), stride=(1,), padding=(2,), bias=False)
      (1): GroupNorm(8, 64, eps=1e-05, affine=True)
      (2): ReLU(inplace=True)
      (3): MaxPool1d(kernel_size=2, stride=2, padding=0, dilation=1, ceil_mode=False)
      (4): Conv1d(64, 256, kernel_size=(3,), stride=(1,), padding=(1,), bias=False)
      (5): GroupNorm(8, 256, eps=1e-05, affine=True)
      (6): ReLU(inplace=True)
    )
    (pool): AdaptiveAvgPool1d(output_size=1)
  )
  (fusion): Sequential(
    (0): Linear(in_features=512, out_features=256, bias=False)
    (1): LayerNorm((256,), eps=1e-05, elementwise_affine=True)
    (2): ReLU(inplace=True)
    (3): Dropout(p=0.35, inplace=False)
  )
  (temporal): MambaStack(
    (blocks): ModuleList(
      (0): BidirMambaBlock(
        sequence_impl=mamba
        (norm): LayerNorm((256,), eps=1e-05, elementwise_affine=True)
        (drop): Dropout(p=0.35, inplace=False)
        (fwd): Mamba(
          (in_proj): Linear(in_features=256, out_features=1024, bias=False)
          (conv1d): Conv1d(512, 512, kernel_size=(4,), stride=(1,), padding=(3,), groups=512)
          (act): SiLU()
          (x_proj): Linear(in_features=512, out_features=48, bias=False)
          (dt_proj): Linear(in_features=16, out_features=512, bias=True)
          (out_proj): Linear(in_features=512, out_features=256, bias=False)
        )
        (bwd): Mamba(
          (in_proj): Linear(in_features=256, out_features=1024, bias=False)
          (conv1d): Conv1d(512, 512, kernel_size=(4,), stride=(1,), padding=(3,), groups=512)
          (act): SiLU()
          (x_proj): Linear(in_features=512, out_features=48, bias=False)
          (dt_proj): Linear(in_features=16, out_features=512, bias=True)
          (out_proj): Linear(in_features=512, out_features=256, bias=False)
        )
      )
    )
    (norm_out): LayerNorm((256,), eps=1e-05, elementwise_affine=True)
  )
  (staging_classifier): Sequential(
    (0): Linear(in_features=256, out_features=128, bias=True)
    (1): ReLU(inplace=True)
    (2): Dropout(p=0.35, inplace=False)
    (3): Linear(in_features=128, out_features=5, bias=True)
  )
  (tonic_head): Sequential(
    (0): Linear(in_features=256, out_features=128, bias=True)
    (1): ReLU(inplace=True)
    (2): Dropout(p=0.35, inplace=False)
    (3): Linear(in_features=128, out_features=1, bias=True)
  )
  (phasic_head): Sequential(
    (0): Linear(in_features=256, out_features=128, bias=True)
    (1): ReLU(inplace=True)
    (2): Dropout(p=0.35, inplace=False)
    (3): Linear(in_features=128, out_features=1, bias=True)
  )
  (any_head): Sequential(
    (0): Linear(in_features=256, out_features=128, bias=True)
    (1): ReLU(inplace=True)
    (2): Dropout(p=0.35, inplace=False)
    (3): Linear(in_features=128, out_features=1, bias=True)
  )
)
2026-08-15 22:20:45,589 | INFO | Fold 3: treino=65 validação=14
2026-08-15 22:21:28,973 | INFO | fold=3 ep=001 train=37.1s val=6.2s [92mtrain_stg_loss=1.4639 train_rswa_loss=1.8856 train_rswa_head_loss(t/p/a)=0.9551/0.4326/0.4980[0m | [93mval_stg_f1=0.0943 val_stg_kappa=0.0000 val_rswa_head_loss(t/p/a)=0.5964/0.5050/0.5879 val_f1(t/p/a)=0.167/0.000/0.005 val_f1_macro=0.0572[0m
2026-08-15 22:21:28,974 | INFO | [92mtrain_stage_targets[W=74,703(11.5%) | N1=31,939(4.9%) | N2=254,832(39.2%) | N3=160,319(24.7%) | REM=128,097(19.7%)][0m
2026-08-15 22:21:28,974 | INFO | [92mtrain_stage_predictions[W=7,755(1.2%) | N1=1,254(0.2%) | N2=551,171(84.8%) | N3=57,578(8.9%) | REM=32,132(4.9%)][0m
2026-08-15 22:21:28,974 | INFO | [92mtrain_move_targets[Negative=103,547(80.8%) | Positive=24,553(19.2%)][0m
2026-08-15 22:21:28,974 | INFO | [92mtrain_move_predictions[Negative=124,705(97.3%) | Positive=3,395(2.7%)][0m
2026-08-15 22:21:28,974 | INFO | [93mval_stage_targets[W=41,124(26.9%) | N1=4,680(3.1%) | N2=47,169(30.9%) | N3=35,969(23.5%) | REM=23,900(15.6%)][0m
2026-08-15 22:21:28,974 | INFO | [93mval_stage_predictions[W=0(0.0%) | N1=0(0.0%) | N2=152,841(100.0%) | N3=0(0.0%) | REM=1(0.0%)][0m
2026-08-15 22:21:28,974 | INFO | [94mtrain_tonic_targets[Negative=126,230(98.5%) | Positive=1,870(1.5%)][0m
2026-08-15 22:21:28,975 | INFO | [94mtrain_tonic_predictions[Negative=125,938(98.3%) | Positive=2,162(1.7%)][0m
2026-08-15 22:21:28,975 | INFO | [94mval_tonic_targets[Negative=23,800(99.6%) | Positive=100(0.4%)][0m
2026-08-15 22:21:28,975 | INFO | [94mval_tonic_predictions[Negative=23,880(99.9%) | Positive=20(0.1%)][0m
2026-08-15 22:21:28,975 | INFO | [95mtrain_phasic_targets[Negative=116,260(90.8%) | Positive=11,840(9.2%)][0m
2026-08-15 22:21:28,975 | INFO | [95mtrain_phasic_predictions[Negative=126,647(98.9%) | Positive=1,453(1.1%)][0m
2026-08-15 22:21:28,975 | INFO | [95mval_phasic_targets[Negative=19,400(81.2%) | Positive=4,500(18.8%)][0m
2026-08-15 22:21:28,975 | INFO | [95mval_phasic_predictions[Negative=23,900(100.0%) | Positive=0(0.0%)][0m
2026-08-15 22:21:28,975 | INFO | [38;5;214mtrain_any_targets[Negative=103,547(80.8%) | Positive=24,553(19.2%)][0m
2026-08-15 22:21:28,976 | INFO | [38;5;214mtrain_any_predictions[Negative=127,011(99.1%) | Positive=1,089(0.9%)][0m
2026-08-15 22:21:28,976 | INFO | [38;5;214mval_any_targets[Negative=17,196(71.9%) | Positive=6,704(28.1%)][0m
2026-08-15 22:21:28,976 | INFO | [38;5;214mval_any_predictions[Negative=23,880(99.9%) | Positive=20(0.1%)][0m
2026-08-15 22:21:29,161 | INFO | Fold 3: novo melhor checkpoint na época 1, staging_f1_macro=0.0943
2026-08-15 22:22:11,786 | INFO | fold=3 ep=002 train=36.7s val=5.9s [92mtrain_stg_loss=1.2526 train_rswa_loss=1.2267 train_rswa_head_loss(t/p/a)=0.5826/0.2973/0.3468[0m | [93mval_stg_f1=0.2777 val_stg_kappa=0.1687 val_rswa_head_loss(t/p/a)=0.3982/0.3490/0.4849 val_f1(t/p/a)=0.108/0.616/0.724 val_f1_macro=0.4828[0m
2026-08-15 22:22:11,786 | INFO | [92mtrain_stage_targets[W=83,107(12.8%) | N1=29,727(4.6%) | N2=257,188(39.6%) | N3=154,470(23.8%) | REM=124,388(19.2%)][0m
2026-08-15 22:22:11,786 | INFO | [92mtrain_stage_predictions[W=19,287(3.0%) | N1=82(0.0%) | N2=419,482(64.6%) | N3=116,456(17.9%) | REM=93,573(14.4%)][0m
2026-08-15 22:22:11,787 | INFO | [92mtrain_move_targets[Negative=99,039(79.6%) | Positive=25,351(20.4%)][0m
2026-08-15 22:22:11,787 | INFO | [92mtrain_move_predictions[Negative=108,894(87.5%) | Positive=15,496(12.5%)][0m
2026-08-15 22:22:11,787 | INFO | [93mval_stage_targets[W=41,124(26.9%) | N1=4,680(3.1%) | N2=47,169(30.9%) | N3=35,969(23.5%) | REM=23,900(15.6%)][0m
2026-08-15 22:22:11,787 | INFO | [93mval_stage_predictions[W=12,416(8.1%) | N1=4(0.0%) | N2=23,401(15.3%) | N3=20,120(13.2%) | REM=96,901(63.4%)][0m
2026-08-15 22:22:11,787 | INFO | [94mtrain_tonic_targets[Negative=122,190(98.2%) | Positive=2,200(1.8%)][0m
2026-08-15 22:22:11,787 | INFO | [94mtrain_tonic_predictions[Negative=111,768(89.9%) | Positive=12,622(10.1%)][0m
2026-08-15 22:22:11,787 | INFO | [94mval_tonic_targets[Negative=23,800(99.6%) | Positive=100(0.4%)][0m
2026-08-15 22:22:11,788 | INFO | [94mval_tonic_predictions[Negative=22,150(92.7%) | Positive=1,750(7.3%)][0m
2026-08-15 22:22:11,788 | INFO | [95mtrain_phasic_targets[Negative=111,550(89.7%) | Positive=12,840(10.3%)][0m
2026-08-15 22:22:11,788 | INFO | [95mtrain_phasic_predictions[Negative=112,168(90.2%) | Positive=12,222(9.8%)][0m
2026-08-15 22:22:11,788 | INFO | [95mval_phasic_targets[Negative=19,400(81.2%) | Positive=4,500(18.8%)][0m
2026-08-15 22:22:11,788 | INFO | [95mval_phasic_predictions[Negative=21,520(90.0%) | Positive=2,380(10.0%)][0m
2026-08-15 22:22:11,788 | INFO | [38;5;214mtrain_any_targets[Negative=99,039(79.6%) | Positive=25,351(20.4%)][0m
2026-08-15 22:22:11,788 | INFO | [38;5;214mtrain_any_predictions[Negative=110,882(89.1%) | Positive=13,508(10.9%)][0m
2026-08-15 22:22:11,788 | INFO | [38;5;214mval_any_targets[Negative=17,196(71.9%) | Positive=6,704(28.1%)][0m
2026-08-15 22:22:11,788 | INFO | [38;5;214mval_any_predictions[Negative=19,792(82.8%) | Positive=4,108(17.2%)][0m
2026-08-15 22:22:11,971 | INFO | Fold 3: novo melhor checkpoint na época 2, staging_f1_macro=0.2777
2026-08-15 22:22:54,803 | INFO | fold=3 ep=003 train=37.0s val=5.8s [92mtrain_stg_loss=1.0374 train_rswa_loss=0.8180 train_rswa_head_loss(t/p/a)=0.3719/0.2089/0.2372[0m | [93mval_stg_f1=0.3682 val_stg_kappa=0.3109 val_rswa_head_loss(t/p/a)=0.4144/0.3364/0.4740 val_f1(t/p/a)=0.126/0.630/0.722 val_f1_macro=0.4928[0m
2026-08-15 22:22:54,803 | INFO | [92mtrain_stage_targets[W=93,356(14.3%) | N1=28,019(4.3%) | N2=252,676(38.7%) | N3=152,169(23.3%) | REM=126,790(19.4%)][0m
2026-08-15 22:22:54,803 | INFO | [92mtrain_stage_predictions[W=76,238(11.7%) | N1=200(0.0%) | N2=277,463(42.5%) | N3=145,973(22.4%) | REM=153,136(23.5%)][0m
2026-08-15 22:22:54,804 | INFO | [92mtrain_move_targets[Negative=99,703(78.6%) | Positive=27,087(21.4%)][0m
2026-08-15 22:22:54,804 | INFO | [92mtrain_move_predictions[Negative=101,695(80.2%) | Positive=25,095(19.8%)][0m
2026-08-15 22:22:54,804 | INFO | [93mval_stage_targets[W=41,124(26.9%) | N1=4,680(3.1%) | N2=47,169(30.9%) | N3=35,969(23.5%) | REM=23,900(15.6%)][0m
2026-08-15 22:22:54,804 | INFO | [93mval_stage_predictions[W=15,853(10.4%) | N1=0(0.0%) | N2=22,831(14.9%) | N3=42,521(27.8%) | REM=71,637(46.9%)][0m
2026-08-15 22:22:54,804 | INFO | [94mtrain_tonic_targets[Negative=124,840(98.5%) | Positive=1,950(1.5%)][0m
2026-08-15 22:22:54,804 | INFO | [94mtrain_tonic_predictions[Negative=111,353(87.8%) | Positive=15,437(12.2%)][0m
2026-08-15 22:22:54,804 | INFO | [94mval_tonic_targets[Negative=23,800(99.6%) | Positive=100(0.4%)][0m
2026-08-15 22:22:54,804 | INFO | [94mval_tonic_predictions[Negative=23,050(96.4%) | Positive=850(3.6%)][0m
2026-08-15 22:22:54,805 | INFO | [95mtrain_phasic_targets[Negative=113,140(89.2%) | Positive=13,650(10.8%)][0m
2026-08-15 22:22:54,805 | INFO | [95mtrain_phasic_predictions[Negative=104,269(82.2%) | Positive=22,521(17.8%)][0m
2026-08-15 22:22:54,805 | INFO | [95mval_phasic_targets[Negative=19,400(81.2%) | Positive=4,500(18.8%)][0m
2026-08-15 22:22:54,805 | INFO | [95mval_phasic_predictions[Negative=21,540(90.1%) | Positive=2,360(9.9%)][0m
2026-08-15 22:22:54,805 | INFO | [38;5;214mtrain_any_targets[Negative=99,703(78.6%) | Positive=27,087(21.4%)][0m
2026-08-15 22:22:54,805 | INFO | [38;5;214mtrain_any_predictions[Negative=101,823(80.3%) | Positive=24,967(19.7%)][0m
2026-08-15 22:22:54,805 | INFO | [38;5;214mval_any_targets[Negative=17,196(71.9%) | Positive=6,704(28.1%)][0m
2026-08-15 22:22:54,805 | INFO | [38;5;214mval_any_predictions[Negative=19,962(83.5%) | Positive=3,938(16.5%)][0m
2026-08-15 22:22:54,990 | INFO | Fold 3: novo melhor checkpoint na época 3, staging_f1_macro=0.3682
2026-08-15 22:23:39,204 | INFO | fold=3 ep=004 train=38.4s val=5.8s [92mtrain_stg_loss=0.9538 train_rswa_loss=0.7908 train_rswa_head_loss(t/p/a)=0.3390/0.2080/0.2437[0m | [93mval_stg_f1=0.4523 val_stg_kappa=0.4178 val_rswa_head_loss(t/p/a)=0.3331/0.1759/0.2961 val_f1(t/p/a)=0.061/0.832/0.873 val_f1_macro=0.5886[0m
2026-08-15 22:23:39,204 | INFO | [92mtrain_stage_targets[W=110,737(16.3%) | N1=35,529(5.2%) | N2=249,065(36.7%) | N3=155,940(23.0%) | REM=126,649(18.7%)][0m
2026-08-15 22:23:39,204 | INFO | [92mtrain_stage_predictions[W=103,617(15.3%) | N1=79(0.0%) | N2=279,151(41.2%) | N3=142,581(21.0%) | REM=152,492(22.5%)][0m
2026-08-15 22:23:39,204 | INFO | [92mtrain_move_targets[Negative=97,721(77.2%) | Positive=28,929(22.8%)][0m
2026-08-15 22:23:39,205 | INFO | [92mtrain_move_predictions[Negative=99,914(78.9%) | Positive=26,736(21.1%)][0m
2026-08-15 22:23:39,205 | INFO | [93mval_stage_targets[W=41,124(26.9%) | N1=4,680(3.1%) | N2=47,169(30.9%) | N3=35,969(23.5%) | REM=23,900(15.6%)][0m
2026-08-15 22:23:39,205 | INFO | [93mval_stage_predictions[W=37,719(24.7%) | N1=0(0.0%) | N2=26,064(17.1%) | N3=26,993(17.7%) | REM=62,066(40.6%)][0m
2026-08-15 22:23:39,205 | INFO | [94mtrain_tonic_targets[Negative=124,740(98.5%) | Positive=1,910(1.5%)][0m
2026-08-15 22:23:39,205 | INFO | [94mtrain_tonic_predictions[Negative=112,613(88.9%) | Positive=14,037(11.1%)][0m
2026-08-15 22:23:39,205 | INFO | [94mval_tonic_targets[Negative=23,800(99.6%) | Positive=100(0.4%)][0m
2026-08-15 22:23:39,205 | INFO | [94mval_tonic_predictions[Negative=20,700(86.6%) | Positive=3,200(13.4%)][0m
2026-08-15 22:23:39,205 | INFO | [95mtrain_phasic_targets[Negative=111,220(87.8%) | Positive=15,430(12.2%)][0m
2026-08-15 22:23:39,205 | INFO | [95mtrain_phasic_predictions[Negative=102,284(80.8%) | Positive=24,366(19.2%)][0m
2026-08-15 22:23:39,205 | INFO | [95mval_phasic_targets[Negative=19,400(81.2%) | Positive=4,500(18.8%)][0m
2026-08-15 22:23:39,206 | INFO | [95mval_phasic_predictions[Negative=18,950(79.3%) | Positive=4,950(20.7%)][0m
2026-08-15 22:23:39,206 | INFO | [38;5;214mtrain_any_targets[Negative=97,721(77.2%) | Positive=28,929(22.8%)][0m
2026-08-15 22:23:39,206 | INFO | [38;5;214mtrain_any_predictions[Negative=100,071(79.0%) | Positive=26,579(21.0%)][0m
2026-08-15 22:23:39,206 | INFO | [38;5;214mval_any_targets[Negative=17,196(71.9%) | Positive=6,704(28.1%)][0m
2026-08-15 22:23:39,206 | INFO | [38;5;214mval_any_predictions[Negative=16,974(71.0%) | Positive=6,926(29.0%)][0m
2026-08-15 22:23:39,405 | INFO | Fold 3: novo melhor checkpoint na época 4, staging_f1_macro=0.4523
2026-08-15 22:24:20,850 | INFO | fold=3 ep=005 train=35.7s val=5.7s [92mtrain_stg_loss=0.8461 train_rswa_loss=0.6039 train_rswa_head_loss(t/p/a)=0.2517/0.1614/0.1909[0m | [93mval_stg_f1=0.4595 val_stg_kappa=0.4333 val_rswa_head_loss(t/p/a)=0.3499/0.2335/0.3608 val_f1(t/p/a)=0.060/0.823/0.864 val_f1_macro=0.5824[0m
2026-08-15 22:24:20,850 | INFO | [92mtrain_stage_targets[W=81,741(13.0%) | N1=28,007(4.5%) | N2=241,384(38.5%) | N3=153,650(24.5%) | REM=122,588(19.5%)][0m
2026-08-15 22:24:20,850 | INFO | [92mtrain_stage_predictions[W=97,085(15.5%) | N1=305(0.0%) | N2=257,705(41.1%) | N3=143,478(22.9%) | REM=128,797(20.5%)][0m
2026-08-15 22:24:20,850 | INFO | [92mtrain_move_targets[Negative=98,792(80.6%) | Positive=23,798(19.4%)][0m
2026-08-15 22:24:20,851 | INFO | [92mtrain_move_predictions[Negative=100,804(82.2%) | Positive=21,786(17.8%)][0m
2026-08-15 22:24:20,851 | INFO | [93mval_stage_targets[W=41,124(26.9%) | N1=4,680(3.1%) | N2=47,169(30.9%) | N3=35,969(23.5%) | REM=23,900(15.6%)][0m
2026-08-15 22:24:20,851 | INFO | [93mval_stage_predictions[W=20,183(13.2%) | N1=0(0.0%) | N2=46,105(30.2%) | N3=48,345(31.6%) | REM=38,209(25.0%)][0m
2026-08-15 22:24:20,851 | INFO | [94mtrain_tonic_targets[Negative=121,050(98.7%) | Positive=1,540(1.3%)][0m
2026-08-15 22:24:20,851 | INFO | [94mtrain_tonic_predictions[Negative=111,662(91.1%) | Positive=10,928(8.9%)][0m
2026-08-15 22:24:20,851 | INFO | [94mval_tonic_targets[Negative=23,800(99.6%) | Positive=100(0.4%)][0m
2026-08-15 22:24:20,851 | INFO | [94mval_tonic_predictions[Negative=20,670(86.5%) | Positive=3,230(13.5%)][0m
2026-08-15 22:24:20,851 | INFO | [95mtrain_phasic_targets[Negative=110,430(90.1%) | Positive=12,160(9.9%)][0m
2026-08-15 22:24:20,851 | INFO | [95mtrain_phasic_predictions[Negative=102,448(83.6%) | Positive=20,142(16.4%)][0m
2026-08-15 22:24:20,851 | INFO | [95mval_phasic_targets[Negative=19,400(81.2%) | Positive=4,500(18.8%)][0m
2026-08-15 22:24:20,852 | INFO | [95mval_phasic_predictions[Negative=20,040(83.8%) | Positive=3,860(16.2%)][0m
2026-08-15 22:24:20,852 | INFO | [38;5;214mtrain_any_targets[Negative=98,792(80.6%) | Positive=23,798(19.4%)][0m
2026-08-15 22:24:20,852 | INFO | [38;5;214mtrain_any_predictions[Negative=101,094(82.5%) | Positive=21,496(17.5%)][0m
2026-08-15 22:24:20,852 | INFO | [38;5;214mval_any_targets[Negative=17,196(71.9%) | Positive=6,704(28.1%)][0m
2026-08-15 22:24:20,852 | INFO | [38;5;214mval_any_predictions[Negative=17,927(75.0%) | Positive=5,973(25.0%)][0m
2026-08-15 22:24:21,037 | INFO | Fold 3: novo melhor checkpoint na época 5, staging_f1_macro=0.4595
2026-08-15 22:25:04,491 | INFO | fold=3 ep=006 train=37.6s val=5.8s [92mtrain_stg_loss=0.8498 train_rswa_loss=0.6229 train_rswa_head_loss(t/p/a)=0.2689/0.1630/0.1911[0m | [93mval_stg_f1=0.5143 val_stg_kappa=0.5160 val_rswa_head_loss(t/p/a)=0.3854/0.2007/0.3080 val_f1(t/p/a)=0.054/0.834/0.877 val_f1_macro=0.5882[0m
2026-08-15 22:25:04,492 | INFO | [92mtrain_stage_targets[W=119,659(18.0%) | N1=35,079(5.3%) | N2=240,296(36.1%) | N3=153,108(23.0%) | REM=117,228(17.6%)][0m
2026-08-15 22:25:04,492 | INFO | [92mtrain_stage_predictions[W=128,579(19.3%) | N1=236(0.0%) | N2=258,757(38.9%) | N3=142,012(21.3%) | REM=135,786(20.4%)][0m
2026-08-15 22:25:04,492 | INFO | [92mtrain_move_targets[Negative=93,533(79.8%) | Positive=23,697(20.2%)][0m
2026-08-15 22:25:04,492 | INFO | [92mtrain_move_predictions[Negative=95,242(81.2%) | Positive=21,988(18.8%)][0m
2026-08-15 22:25:04,492 | INFO | [93mval_stage_targets[W=41,124(26.9%) | N1=4,680(3.1%) | N2=47,169(30.9%) | N3=35,969(23.5%) | REM=23,900(15.6%)][0m
2026-08-15 22:25:04,492 | INFO | [93mval_stage_predictions[W=26,556(17.4%) | N1=0(0.0%) | N2=60,534(39.6%) | N3=35,924(23.5%) | REM=29,828(19.5%)][0m
2026-08-15 22:25:04,492 | INFO | [94mtrain_tonic_targets[Negative=115,610(98.6%) | Positive=1,620(1.4%)][0m
2026-08-15 22:25:04,493 | INFO | [94mtrain_tonic_predictions[Negative=105,775(90.2%) | Positive=11,455(9.8%)][0m
2026-08-15 22:25:04,493 | INFO | [94mval_tonic_targets[Negative=23,800(99.6%) | Positive=100(0.4%)][0m
2026-08-15 22:25:04,493 | INFO | [94mval_tonic_predictions[Negative=20,310(85.0%) | Positive=3,590(15.0%)][0m
2026-08-15 22:25:04,493 | INFO | [95mtrain_phasic_targets[Negative=105,010(89.6%) | Positive=12,220(10.4%)][0m
2026-08-15 22:25:04,493 | INFO | [95mtrain_phasic_predictions[Negative=97,100(82.8%) | Positive=20,130(17.2%)][0m
2026-08-15 22:25:04,493 | INFO | [95mval_phasic_targets[Negative=19,400(81.2%) | Positive=4,500(18.8%)][0m
2026-08-15 22:25:04,493 | INFO | [95mval_phasic_predictions[Negative=19,430(81.3%) | Positive=4,470(18.7%)][0m
2026-08-15 22:25:04,493 | INFO | [38;5;214mtrain_any_targets[Negative=93,533(79.8%) | Positive=23,697(20.2%)][0m
2026-08-15 22:25:04,493 | INFO | [38;5;214mtrain_any_predictions[Negative=95,522(81.5%) | Positive=21,708(18.5%)][0m
2026-08-15 22:25:04,493 | INFO | [38;5;214mval_any_targets[Negative=17,196(71.9%) | Positive=6,704(28.1%)][0m
2026-08-15 22:25:04,493 | INFO | [38;5;214mval_any_predictions[Negative=17,289(72.3%) | Positive=6,611(27.7%)][0m
2026-08-15 22:25:04,673 | INFO | Fold 3: novo melhor checkpoint na época 6, staging_f1_macro=0.5143
2026-08-15 22:25:46,847 | INFO | fold=3 ep=007 train=36.3s val=5.8s [92mtrain_stg_loss=0.7831 train_rswa_loss=0.5583 train_rswa_head_loss(t/p/a)=0.2333/0.1542/0.1709[0m | [93mval_stg_f1=0.4878 val_stg_kappa=0.4721 val_rswa_head_loss(t/p/a)=0.3101/0.3459/0.5030 val_f1(t/p/a)=0.089/0.723/0.785 val_f1_macro=0.5326[0m
2026-08-15 22:25:46,847 | INFO | [92mtrain_stage_targets[W=101,520(15.8%) | N1=27,259(4.2%) | N2=241,494(37.5%) | N3=156,319(24.3%) | REM=117,548(18.2%)][0m
2026-08-15 22:25:46,848 | INFO | [92mtrain_stage_predictions[W=117,994(18.3%) | N1=773(0.1%) | N2=256,470(39.8%) | N3=146,778(22.8%) | REM=122,125(19.0%)][0m
2026-08-15 22:25:46,848 | INFO | [92mtrain_move_targets[Negative=96,817(82.4%) | Positive=20,733(17.6%)][0m
2026-08-15 22:25:46,848 | INFO | [92mtrain_move_predictions[Negative=98,571(83.9%) | Positive=18,979(16.1%)][0m
2026-08-15 22:25:46,848 | INFO | [93mval_stage_targets[W=41,124(26.9%) | N1=4,680(3.1%) | N2=47,169(30.9%) | N3=35,969(23.5%) | REM=23,900(15.6%)][0m
2026-08-15 22:25:46,848 | INFO | [93mval_stage_predictions[W=20,167(13.2%) | N1=3(0.0%) | N2=48,907(32.0%) | N3=33,063(21.6%) | REM=50,702(33.2%)][0m
2026-08-15 22:25:46,848 | INFO | [94mtrain_tonic_targets[Negative=115,570(98.3%) | Positive=1,980(1.7%)][0m
2026-08-15 22:25:46,848 | INFO | [94mtrain_tonic_predictions[Negative=108,284(92.1%) | Positive=9,266(7.9%)][0m
2026-08-15 22:25:46,848 | INFO | [94mval_tonic_targets[Negative=23,800(99.6%) | Positive=100(0.4%)][0m
2026-08-15 22:25:46,848 | INFO | [94mval_tonic_predictions[Negative=22,210(92.9%) | Positive=1,690(7.1%)][0m
2026-08-15 22:25:46,848 | INFO | [95mtrain_phasic_targets[Negative=108,160(92.0%) | Positive=9,390(8.0%)][0m
2026-08-15 22:25:46,849 | INFO | [95mtrain_phasic_predictions[Negative=100,295(85.3%) | Positive=17,255(14.7%)][0m
2026-08-15 22:25:46,849 | INFO | [95mval_phasic_targets[Negative=19,400(81.2%) | Positive=4,500(18.8%)][0m
2026-08-15 22:25:46,849 | INFO | [95mval_phasic_predictions[Negative=21,070(88.2%) | Positive=2,830(11.8%)][0m
2026-08-15 22:25:46,849 | INFO | [38;5;214mtrain_any_targets[Negative=96,817(82.4%) | Positive=20,733(17.6%)][0m
2026-08-15 22:25:46,849 | INFO | [38;5;214mtrain_any_predictions[Negative=98,889(84.1%) | Positive=18,661(15.9%)][0m
2026-08-15 22:25:46,849 | INFO | [38;5;214mval_any_targets[Negative=17,196(71.9%) | Positive=6,704(28.1%)][0m
2026-08-15 22:25:46,849 | INFO | [38;5;214mval_any_predictions[Negative=19,365(81.0%) | Positive=4,535(19.0%)][0m
2026-08-15 22:26:30,219 | INFO | fold=3 ep=008 train=37.4s val=5.8s [92mtrain_stg_loss=0.7046 train_rswa_loss=0.6105 train_rswa_head_loss(t/p/a)=0.2591/0.1625/0.1888[0m | [93mval_stg_f1=0.5084 val_stg_kappa=0.5000 val_rswa_head_loss(t/p/a)=0.2766/0.2092/0.3094 val_f1(t/p/a)=0.091/0.836/0.870 val_f1_macro=0.5994[0m
2026-08-15 22:26:30,219 | INFO | [92mtrain_stage_targets[W=88,528(13.4%) | N1=26,838(4.1%) | N2=255,477(38.6%) | N3=160,128(24.2%) | REM=131,569(19.9%)][0m
2026-08-15 22:26:30,219 | INFO | [92mtrain_stage_predictions[W=93,086(14.0%) | N1=1,160(0.2%) | N2=269,218(40.6%) | N3=150,569(22.7%) | REM=148,507(22.4%)][0m
2026-08-15 22:26:30,219 | INFO | [92mtrain_move_targets[Negative=104,078(79.1%) | Positive=27,492(20.9%)][0m
2026-08-15 22:26:30,220 | INFO | [92mtrain_move_predictions[Negative=106,866(81.2%) | Positive=24,704(18.8%)][0m
2026-08-15 22:26:30,220 | INFO | [93mval_stage_targets[W=41,124(26.9%) | N1=4,680(3.1%) | N2=47,169(30.9%) | N3=35,969(23.5%) | REM=23,900(15.6%)][0m
2026-08-15 22:26:30,220 | INFO | [93mval_stage_predictions[W=30,373(19.9%) | N1=115(0.1%) | N2=32,866(21.5%) | N3=32,578(21.3%) | REM=56,910(37.2%)][0m
2026-08-15 22:26:30,220 | INFO | [94mtrain_tonic_targets[Negative=129,830(98.7%) | Positive=1,740(1.3%)][0m
2026-08-15 22:26:30,220 | INFO | [94mtrain_tonic_predictions[Negative=121,031(92.0%) | Positive=10,539(8.0%)][0m
2026-08-15 22:26:30,220 | INFO | [94mval_tonic_targets[Negative=23,800(99.6%) | Positive=100(0.4%)][0m
2026-08-15 22:26:30,220 | INFO | [94mval_tonic_predictions[Negative=21,810(91.3%) | Positive=2,090(8.7%)][0m
2026-08-15 22:26:30,220 | INFO | [95mtrain_phasic_targets[Negative=117,100(89.0%) | Positive=14,470(11.0%)][0m
2026-08-15 22:26:30,220 | INFO | [95mtrain_phasic_predictions[Negative=109,207(83.0%) | Positive=22,363(17.0%)][0m
2026-08-15 22:26:30,220 | INFO | [95mval_phasic_targets[Negative=19,400(81.2%) | Positive=4,500(18.8%)][0m
2026-08-15 22:26:30,221 | INFO | [95mval_phasic_predictions[Negative=19,720(82.5%) | Positive=4,180(17.5%)][0m
2026-08-15 22:26:30,221 | INFO | [38;5;214mtrain_any_targets[Negative=104,078(79.1%) | Positive=27,492(20.9%)][0m
2026-08-15 22:26:30,221 | INFO | [38;5;214mtrain_any_predictions[Negative=107,216(81.5%) | Positive=24,354(18.5%)][0m
2026-08-15 22:26:30,221 | INFO | [38;5;214mval_any_targets[Negative=17,196(71.9%) | Positive=6,704(28.1%)][0m
2026-08-15 22:26:30,221 | INFO | [38;5;214mval_any_predictions[Negative=17,829(74.6%) | Positive=6,071(25.4%)][0m
2026-08-15 22:27:14,596 | INFO | fold=3 ep=009 train=38.4s val=5.8s [92mtrain_stg_loss=0.7956 train_rswa_loss=0.5753 train_rswa_head_loss(t/p/a)=0.2408/0.1554/0.1791[0m | [93mval_stg_f1=0.5439 val_stg_kappa=0.5634 val_rswa_head_loss(t/p/a)=0.2775/0.3278/0.3960 val_f1(t/p/a)=0.108/0.758/0.811 val_f1_macro=0.5588[0m
2026-08-15 22:27:14,596 | INFO | [92mtrain_stage_targets[W=117,275(17.2%) | N1=30,569(4.5%) | N2=241,399(35.5%) | N3=161,578(23.7%) | REM=129,629(19.1%)][0m
2026-08-15 22:27:14,597 | INFO | [92mtrain_stage_predictions[W=119,956(17.6%) | N1=3,302(0.5%) | N2=257,742(37.9%) | N3=147,763(21.7%) | REM=151,687(22.3%)][0m
2026-08-15 22:27:14,597 | INFO | [92mtrain_move_targets[Negative=100,970(77.9%) | Positive=28,660(22.1%)][0m
2026-08-15 22:27:14,597 | INFO | [92mtrain_move_predictions[Negative=102,533(79.1%) | Positive=27,097(20.9%)][0m
2026-08-15 22:27:14,597 | INFO | [93mval_stage_targets[W=41,124(26.9%) | N1=4,680(3.1%) | N2=47,169(30.9%) | N3=35,969(23.5%) | REM=23,900(15.6%)][0m
2026-08-15 22:27:14,597 | INFO | [93mval_stage_predictions[W=40,249(26.3%) | N1=337(0.2%) | N2=29,509(19.3%) | N3=41,784(27.3%) | REM=40,963(26.8%)][0m
2026-08-15 22:27:14,597 | INFO | [94mtrain_tonic_targets[Negative=128,110(98.8%) | Positive=1,520(1.2%)][0m
2026-08-15 22:27:14,598 | INFO | [94mtrain_tonic_predictions[Negative=119,198(92.0%) | Positive=10,432(8.0%)][0m
2026-08-15 22:27:14,598 | INFO | [94mval_tonic_targets[Negative=23,800(99.6%) | Positive=100(0.4%)][0m
2026-08-15 22:27:14,598 | INFO | [94mval_tonic_predictions[Negative=22,150(92.7%) | Positive=1,750(7.3%)][0m
2026-08-15 22:27:14,598 | INFO | [95mtrain_phasic_targets[Negative=113,830(87.8%) | Positive=15,800(12.2%)][0m
2026-08-15 22:27:14,598 | INFO | [95mtrain_phasic_predictions[Negative=104,908(80.9%) | Positive=24,722(19.1%)][0m
2026-08-15 22:27:14,598 | INFO | [95mval_phasic_targets[Negative=19,400(81.2%) | Positive=4,500(18.8%)][0m
2026-08-15 22:27:14,598 | INFO | [95mval_phasic_predictions[Negative=20,850(87.2%) | Positive=3,050(12.8%)][0m
2026-08-15 22:27:14,598 | INFO | [38;5;214mtrain_any_targets[Negative=100,970(77.9%) | Positive=28,660(22.1%)][0m
2026-08-15 22:27:14,598 | INFO | [38;5;214mtrain_any_predictions[Negative=103,039(79.5%) | Positive=26,591(20.5%)][0m
2026-08-15 22:27:14,598 | INFO | [38;5;214mval_any_targets[Negative=17,196(71.9%) | Positive=6,704(28.1%)][0m
2026-08-15 22:27:14,599 | INFO | [38;5;214mval_any_predictions[Negative=19,017(79.6%) | Positive=4,883(20.4%)][0m
2026-08-15 22:27:14,781 | INFO | Fold 3: novo melhor checkpoint na época 9, staging_f1_macro=0.5439
2026-08-15 22:27:57,489 | INFO | fold=3 ep=010 train=36.9s val=5.8s [92mtrain_stg_loss=0.6791 train_rswa_loss=0.5446 train_rswa_head_loss(t/p/a)=0.2319/0.1473/0.1654[0m | [93mval_stg_f1=0.5669 val_stg_kappa=0.5383 val_rswa_head_loss(t/p/a)=0.3323/0.2358/0.3103 val_f1(t/p/a)=0.062/0.834/0.874 val_f1_macro=0.5902[0m
2026-08-15 22:27:57,489 | INFO | [92mtrain_stage_targets[W=98,510(15.1%) | N1=31,980(4.9%) | N2=240,014(36.9%) | N3=155,757(23.9%) | REM=124,109(19.1%)][0m
2026-08-15 22:27:57,489 | INFO | [92mtrain_stage_predictions[W=105,695(16.3%) | N1=7,265(1.1%) | N2=255,421(39.3%) | N3=147,987(22.8%) | REM=134,002(20.6%)][0m
2026-08-15 22:27:57,489 | INFO | [92mtrain_move_targets[Negative=101,034(81.4%) | Positive=23,076(18.6%)][0m
2026-08-15 22:27:57,489 | INFO | [92mtrain_move_predictions[Negative=102,506(82.6%) | Positive=21,604(17.4%)][0m
2026-08-15 22:27:57,490 | INFO | [93mval_stage_targets[W=41,124(26.9%) | N1=4,680(3.1%) | N2=47,169(30.9%) | N3=35,969(23.5%) | REM=23,900(15.6%)][0m
2026-08-15 22:27:57,490 | INFO | [93mval_stage_predictions[W=28,067(18.4%) | N1=1,783(1.2%) | N2=59,924(39.2%) | N3=21,443(14.0%) | REM=41,625(27.2%)][0m
2026-08-15 22:27:57,490 | INFO | [94mtrain_tonic_targets[Negative=122,450(98.7%) | Positive=1,660(1.3%)][0m
2026-08-15 22:27:57,490 | INFO | [94mtrain_tonic_predictions[Negative=114,635(92.4%) | Positive=9,475(7.6%)][0m
2026-08-15 22:27:57,490 | INFO | [94mval_tonic_targets[Negative=23,800(99.6%) | Positive=100(0.4%)][0m
2026-08-15 22:27:57,490 | INFO | [94mval_tonic_predictions[Negative=20,800(87.0%) | Positive=3,100(13.0%)][0m
2026-08-15 22:27:57,490 | INFO | [95mtrain_phasic_targets[Negative=112,650(90.8%) | Positive=11,460(9.2%)][0m
2026-08-15 22:27:57,490 | INFO | [95mtrain_phasic_predictions[Negative=104,566(84.3%) | Positive=19,544(15.7%)][0m
2026-08-15 22:27:57,490 | INFO | [95mval_phasic_targets[Negative=19,400(81.2%) | Positive=4,500(18.8%)][0m
2026-08-15 22:27:57,491 | INFO | [95mval_phasic_predictions[Negative=20,010(83.7%) | Positive=3,890(16.3%)][0m
2026-08-15 22:27:57,491 | INFO | [38;5;214mtrain_any_targets[Negative=101,034(81.4%) | Positive=23,076(18.6%)][0m
2026-08-15 22:27:57,491 | INFO | [38;5;214mtrain_any_predictions[Negative=102,884(82.9%) | Positive=21,226(17.1%)][0m
2026-08-15 22:27:57,491 | INFO | [38;5;214mval_any_targets[Negative=17,196(71.9%) | Positive=6,704(28.1%)][0m
2026-08-15 22:27:57,491 | INFO | [38;5;214mval_any_predictions[Negative=17,741(74.2%) | Positive=6,159(25.8%)][0m
2026-08-15 22:27:57,673 | INFO | Fold 3: novo melhor checkpoint na época 10, staging_f1_macro=0.5669
2026-08-15 22:28:39,041 | INFO | fold=3 ep=011 train=35.5s val=5.8s [92mtrain_stg_loss=0.6773 train_rswa_loss=0.5459 train_rswa_head_loss(t/p/a)=0.2062/0.1622/0.1775[0m | [93mval_stg_f1=0.5543 val_stg_kappa=0.5335 val_rswa_head_loss(t/p/a)=0.2557/0.1797/0.2277 val_f1(t/p/a)=0.087/0.846/0.883 val_f1_macro=0.6055[0m
2026-08-15 22:28:39,042 | INFO | [92mtrain_stage_targets[W=100,280(16.0%) | N1=34,467(5.5%) | N2=233,965(37.3%) | N3=139,030(22.2%) | REM=118,928(19.0%)][0m
2026-08-15 22:28:39,042 | INFO | [92mtrain_stage_predictions[W=102,005(16.3%) | N1=8,290(1.3%) | N2=258,149(41.2%) | N3=128,098(20.4%) | REM=130,128(20.8%)][0m
2026-08-15 22:28:39,042 | INFO | [92mtrain_move_targets[Negative=92,814(78.0%) | Positive=26,116(22.0%)][0m
2026-08-15 22:28:39,042 | INFO | [92mtrain_move_predictions[Negative=94,238(79.2%) | Positive=24,692(20.8%)][0m
2026-08-15 22:28:39,042 | INFO | [93mval_stage_targets[W=41,124(26.9%) | N1=4,680(3.1%) | N2=47,169(30.9%) | N3=35,969(23.5%) | REM=23,900(15.6%)][0m
2026-08-15 22:28:39,042 | INFO | [93mval_stage_predictions[W=26,224(17.2%) | N1=1,507(1.0%) | N2=32,084(21.0%) | N3=51,522(33.7%) | REM=41,505(27.2%)][0m
2026-08-15 22:28:39,043 | INFO | [94mtrain_tonic_targets[Negative=116,810(98.2%) | Positive=2,120(1.8%)][0m
2026-08-15 22:28:39,043 | INFO | [94mtrain_tonic_predictions[Negative=108,578(91.3%) | Positive=10,352(8.7%)][0m
2026-08-15 22:28:39,043 | INFO | [94mval_tonic_targets[Negative=23,800(99.6%) | Positive=100(0.4%)][0m
2026-08-15 22:28:39,043 | INFO | [94mval_tonic_predictions[Negative=21,710(90.8%) | Positive=2,190(9.2%)][0m
2026-08-15 22:28:39,043 | INFO | [95mtrain_phasic_targets[Negative=105,840(89.0%) | Positive=13,090(11.0%)][0m
2026-08-15 22:28:39,043 | INFO | [95mtrain_phasic_predictions[Negative=96,779(81.4%) | Positive=22,151(18.6%)][0m
2026-08-15 22:28:39,043 | INFO | [95mval_phasic_targets[Negative=19,400(81.2%) | Positive=4,500(18.8%)][0m
2026-08-15 22:28:39,043 | INFO | [95mval_phasic_predictions[Negative=19,020(79.6%) | Positive=4,880(20.4%)][0m
2026-08-15 22:28:39,043 | INFO | [38;5;214mtrain_any_targets[Negative=92,814(78.0%) | Positive=26,116(22.0%)][0m
2026-08-15 22:28:39,043 | INFO | [38;5;214mtrain_any_predictions[Negative=94,739(79.7%) | Positive=24,191(20.3%)][0m
2026-08-15 22:28:39,043 | INFO | [38;5;214mval_any_targets[Negative=17,196(71.9%) | Positive=6,704(28.1%)][0m
2026-08-15 22:28:39,044 | INFO | [38;5;214mval_any_predictions[Negative=16,889(70.7%) | Positive=7,011(29.3%)][0m
2026-08-15 22:29:23,277 | INFO | fold=3 ep=012 train=38.2s val=5.9s [92mtrain_stg_loss=0.6574 train_rswa_loss=0.5659 train_rswa_head_loss(t/p/a)=0.2346/0.1597/0.1716[0m | [93mval_stg_f1=0.5997 val_stg_kappa=0.6027 val_rswa_head_loss(t/p/a)=0.3104/0.2630/0.3425 val_f1(t/p/a)=0.121/0.798/0.850 val_f1_macro=0.5899[0m
2026-08-15 22:29:23,277 | INFO | [92mtrain_stage_targets[W=96,628(14.3%) | N1=32,958(4.9%) | N2=258,136(38.2%) | N3=160,840(23.8%) | REM=127,198(18.8%)][0m
2026-08-15 22:29:23,277 | INFO | [92mtrain_stage_predictions[W=95,223(14.1%) | N1=10,314(1.5%) | N2=280,757(41.5%) | N3=144,928(21.4%) | REM=144,538(21.4%)][0m
2026-08-15 22:29:23,277 | INFO | [92mtrain_move_targets[Negative=100,135(78.7%) | Positive=27,065(21.3%)][0m
2026-08-15 22:29:23,278 | INFO | [92mtrain_move_predictions[Negative=101,530(79.8%) | Positive=25,670(20.2%)][0m
2026-08-15 22:29:23,278 | INFO | [93mval_stage_targets[W=41,124(26.9%) | N1=4,680(3.1%) | N2=47,169(30.9%) | N3=35,969(23.5%) | REM=23,900(15.6%)][0m
2026-08-15 22:29:23,278 | INFO | [93mval_stage_predictions[W=36,090(23.6%) | N1=1,364(0.9%) | N2=39,114(25.6%) | N3=33,032(21.6%) | REM=43,242(28.3%)][0m
2026-08-15 22:29:23,278 | INFO | [94mtrain_tonic_targets[Negative=124,870(98.2%) | Positive=2,330(1.8%)][0m
2026-08-15 22:29:23,278 | INFO | [94mtrain_tonic_predictions[Negative=116,706(91.8%) | Positive=10,494(8.2%)][0m
2026-08-15 22:29:23,278 | INFO | [94mval_tonic_targets[Negative=23,800(99.6%) | Positive=100(0.4%)][0m
2026-08-15 22:29:23,278 | INFO | [94mval_tonic_predictions[Negative=22,350(93.5%) | Positive=1,550(6.5%)][0m
2026-08-15 22:29:23,278 | INFO | [95mtrain_phasic_targets[Negative=113,180(89.0%) | Positive=14,020(11.0%)][0m
2026-08-15 22:29:23,278 | INFO | [95mtrain_phasic_predictions[Negative=104,364(82.0%) | Positive=22,836(18.0%)][0m
2026-08-15 22:29:23,278 | INFO | [95mval_phasic_targets[Negative=19,400(81.2%) | Positive=4,500(18.8%)][0m
2026-08-15 22:29:23,278 | INFO | [95mval_phasic_predictions[Negative=20,460(85.6%) | Positive=3,440(14.4%)][0m
2026-08-15 22:29:23,278 | INFO | [38;5;214mtrain_any_targets[Negative=100,135(78.7%) | Positive=27,065(21.3%)][0m
2026-08-15 22:29:23,279 | INFO | [38;5;214mtrain_any_predictions[Negative=101,990(80.2%) | Positive=25,210(19.8%)][0m
2026-08-15 22:29:23,279 | INFO | [38;5;214mval_any_targets[Negative=17,196(71.9%) | Positive=6,704(28.1%)][0m
2026-08-15 22:29:23,279 | INFO | [38;5;214mval_any_predictions[Negative=18,478(77.3%) | Positive=5,422(22.7%)][0m
2026-08-15 22:29:23,462 | INFO | Fold 3: novo melhor checkpoint na época 12, staging_f1_macro=0.5997
2026-08-15 22:30:06,354 | INFO | fold=3 ep=013 train=37.0s val=5.8s [92mtrain_stg_loss=0.5802 train_rswa_loss=0.5073 train_rswa_head_loss(t/p/a)=0.2031/0.1458/0.1584[0m | [93mval_stg_f1=0.5968 val_stg_kappa=0.6094 val_rswa_head_loss(t/p/a)=0.2859/0.2084/0.2405 val_f1(t/p/a)=0.091/0.833/0.879 val_f1_macro=0.6010[0m
2026-08-15 22:30:06,354 | INFO | [92mtrain_stage_targets[W=99,862(15.3%) | N1=33,837(5.2%) | N2=230,343(35.2%) | N3=163,289(25.0%) | REM=126,199(19.3%)][0m
2026-08-15 22:30:06,354 | INFO | [92mtrain_stage_predictions[W=98,811(15.1%) | N1=15,116(2.3%) | N2=257,692(39.4%) | N3=150,798(23.1%) | REM=131,113(20.1%)][0m
2026-08-15 22:30:06,354 | INFO | [92mtrain_move_targets[Negative=102,059(80.9%) | Positive=24,141(19.1%)][0m
2026-08-15 22:30:06,355 | INFO | [92mtrain_move_predictions[Negative=103,233(81.8%) | Positive=22,967(18.2%)][0m
2026-08-15 22:30:06,355 | INFO | [93mval_stage_targets[W=41,124(26.9%) | N1=4,680(3.1%) | N2=47,169(30.9%) | N3=35,969(23.5%) | REM=23,900(15.6%)][0m
2026-08-15 22:30:06,355 | INFO | [93mval_stage_predictions[W=38,222(25.0%) | N1=951(0.6%) | N2=32,689(21.4%) | N3=42,227(27.6%) | REM=38,753(25.4%)][0m
2026-08-15 22:30:06,355 | INFO | [94mtrain_tonic_targets[Negative=124,250(98.5%) | Positive=1,950(1.5%)][0m
2026-08-15 22:30:06,355 | INFO | [94mtrain_tonic_predictions[Negative=116,895(92.6%) | Positive=9,305(7.4%)][0m
2026-08-15 22:30:06,355 | INFO | [94mval_tonic_targets[Negative=23,800(99.6%) | Positive=100(0.4%)][0m
2026-08-15 22:30:06,355 | INFO | [94mval_tonic_predictions[Negative=21,810(91.3%) | Positive=2,090(8.7%)][0m
2026-08-15 22:30:06,355 | INFO | [95mtrain_phasic_targets[Negative=114,420(90.7%) | Positive=11,780(9.3%)][0m
2026-08-15 22:30:06,355 | INFO | [95mtrain_phasic_predictions[Negative=105,871(83.9%) | Positive=20,329(16.1%)][0m
2026-08-15 22:30:06,356 | INFO | [95mval_phasic_targets[Negative=19,400(81.2%) | Positive=4,500(18.8%)][0m
2026-08-15 22:30:06,356 | INFO | [95mval_phasic_predictions[Negative=20,160(84.4%) | Positive=3,740(15.6%)][0m
2026-08-15 22:30:06,356 | INFO | [38;5;214mtrain_any_targets[Negative=102,059(80.9%) | Positive=24,141(19.1%)][0m
2026-08-15 22:30:06,356 | INFO | [38;5;214mtrain_any_predictions[Negative=103,614(82.1%) | Positive=22,586(17.9%)][0m
2026-08-15 22:30:06,356 | INFO | [38;5;214mval_any_targets[Negative=17,196(71.9%) | Positive=6,704(28.1%)][0m
2026-08-15 22:30:06,356 | INFO | [38;5;214mval_any_predictions[Negative=17,614(73.7%) | Positive=6,286(26.3%)][0m
2026-08-15 22:30:49,642 | INFO | fold=3 ep=014 train=37.3s val=5.8s [92mtrain_stg_loss=0.6301 train_rswa_loss=0.4906 train_rswa_head_loss(t/p/a)=0.2006/0.1427/0.1473[0m | [93mval_stg_f1=0.5910 val_stg_kappa=0.6198 val_rswa_head_loss(t/p/a)=0.2974/0.2602/0.3100 val_f1(t/p/a)=0.099/0.778/0.845 val_f1_macro=0.5740[0m
2026-08-15 22:30:49,642 | INFO | [92mtrain_stage_targets[W=115,438(17.5%) | N1=32,840(5.0%) | N2=232,906(35.2%) | N3=160,617(24.3%) | REM=119,699(18.1%)][0m
2026-08-15 22:30:49,642 | INFO | [92mtrain_stage_predictions[W=135,956(20.6%) | N1=13,807(2.1%) | N2=224,658(34.0%) | N3=156,556(23.7%) | REM=130,523(19.7%)][0m
2026-08-15 22:30:49,642 | INFO | [92mtrain_move_targets[Negative=96,292(80.4%) | Positive=23,408(19.6%)][0m
2026-08-15 22:30:49,643 | INFO | [92mtrain_move_predictions[Negative=97,649(81.6%) | Positive=22,051(18.4%)][0m
2026-08-15 22:30:49,643 | INFO | [93mval_stage_targets[W=41,124(26.9%) | N1=4,680(3.1%) | N2=47,169(30.9%) | N3=35,969(23.5%) | REM=23,900(15.6%)][0m
2026-08-15 22:30:49,643 | INFO | [93mval_stage_predictions[W=48,144(31.5%) | N1=754(0.5%) | N2=34,151(22.3%) | N3=43,580(28.5%) | REM=26,213(17.2%)][0m
2026-08-15 22:30:49,643 | INFO | [94mtrain_tonic_targets[Negative=117,660(98.3%) | Positive=2,040(1.7%)][0m
2026-08-15 22:30:49,643 | INFO | [94mtrain_tonic_predictions[Negative=111,025(92.8%) | Positive=8,675(7.2%)][0m
2026-08-15 22:30:49,643 | INFO | [94mval_tonic_targets[Negative=23,800(99.6%) | Positive=100(0.4%)][0m
2026-08-15 22:30:49,643 | INFO | [94mval_tonic_predictions[Negative=21,970(91.9%) | Positive=1,930(8.1%)][0m
2026-08-15 22:30:49,643 | INFO | [95mtrain_phasic_targets[Negative=108,090(90.3%) | Positive=11,610(9.7%)][0m
2026-08-15 22:30:49,643 | INFO | [95mtrain_phasic_predictions[Negative=100,241(83.7%) | Positive=19,459(16.3%)][0m
2026-08-15 22:30:49,643 | INFO | [95mval_phasic_targets[Negative=19,400(81.2%) | Positive=4,500(18.8%)][0m
2026-08-15 22:30:49,643 | INFO | [95mval_phasic_predictions[Negative=20,690(86.6%) | Positive=3,210(13.4%)][0m
2026-08-15 22:30:49,644 | INFO | [38;5;214mtrain_any_targets[Negative=96,292(80.4%) | Positive=23,408(19.6%)][0m
2026-08-15 22:30:49,644 | INFO | [38;5;214mtrain_any_predictions[Negative=98,116(82.0%) | Positive=21,584(18.0%)][0m
2026-08-15 22:30:49,644 | INFO | [38;5;214mval_any_targets[Negative=17,196(71.9%) | Positive=6,704(28.1%)][0m
2026-08-15 22:30:49,644 | INFO | [38;5;214mval_any_predictions[Negative=18,470(77.3%) | Positive=5,430(22.7%)][0m
2026-08-15 22:31:33,108 | INFO | fold=3 ep=015 train=37.5s val=5.8s [92mtrain_stg_loss=0.5384 train_rswa_loss=0.5126 train_rswa_head_loss(t/p/a)=0.1923/0.1565/0.1638[0m | [93mval_stg_f1=0.6039 val_stg_kappa=0.6025 val_rswa_head_loss(t/p/a)=0.3098/0.2241/0.2723 val_f1(t/p/a)=0.124/0.816/0.864 val_f1_macro=0.6016[0m
2026-08-15 22:31:33,108 | INFO | [92mtrain_stage_targets[W=112,659(17.0%) | N1=34,409(5.2%) | N2=239,755(36.2%) | N3=152,247(23.0%) | REM=122,630(18.5%)][0m
2026-08-15 22:31:33,109 | INFO | [92mtrain_stage_predictions[W=122,529(18.5%) | N1=15,256(2.3%) | N2=252,947(38.2%) | N3=142,940(21.6%) | REM=128,028(19.3%)][0m
2026-08-15 22:31:33,109 | INFO | [92mtrain_move_targets[Negative=97,351(79.4%) | Positive=25,279(20.6%)][0m
2026-08-15 22:31:33,109 | INFO | [92mtrain_move_predictions[Negative=98,338(80.2%) | Positive=24,292(19.8%)][0m
2026-08-15 22:31:33,109 | INFO | [93mval_stage_targets[W=41,124(26.9%) | N1=4,680(3.1%) | N2=47,169(30.9%) | N3=35,969(23.5%) | REM=23,900(15.6%)][0m
2026-08-15 22:31:33,109 | INFO | [93mval_stage_predictions[W=40,850(26.7%) | N1=1,682(1.1%) | N2=40,441(26.5%) | N3=27,110(17.7%) | REM=42,759(28.0%)][0m
2026-08-15 22:31:33,110 | INFO | [94mtrain_tonic_targets[Negative=120,510(98.3%) | Positive=2,120(1.7%)][0m
2026-08-15 22:31:33,110 | INFO | [94mtrain_tonic_predictions[Negative=113,915(92.9%) | Positive=8,715(7.1%)][0m
2026-08-15 22:31:33,110 | INFO | [94mval_tonic_targets[Negative=23,800(99.6%) | Positive=100(0.4%)][0m
2026-08-15 22:31:33,110 | INFO | [94mval_tonic_predictions[Negative=22,390(93.7%) | Positive=1,510(6.3%)][0m
2026-08-15 22:31:33,110 | INFO | [95mtrain_phasic_targets[Negative=109,250(89.1%) | Positive=13,380(10.9%)][0m
2026-08-15 22:31:33,111 | INFO | [95mtrain_phasic_predictions[Negative=101,236(82.6%) | Positive=21,394(17.4%)][0m
2026-08-15 22:31:33,111 | INFO | [95mval_phasic_targets[Negative=19,400(81.2%) | Positive=4,500(18.8%)][0m
2026-08-15 22:31:33,111 | INFO | [95mval_phasic_predictions[Negative=20,290(84.9%) | Positive=3,610(15.1%)][0m
2026-08-15 22:31:33,111 | INFO | [38;5;214mtrain_any_targets[Negative=97,351(79.4%) | Positive=25,279(20.6%)][0m
2026-08-15 22:31:33,111 | INFO | [38;5;214mtrain_any_predictions[Negative=98,767(80.5%) | Positive=23,863(19.5%)][0m
2026-08-15 22:31:33,111 | INFO | [38;5;214mval_any_targets[Negative=17,196(71.9%) | Positive=6,704(28.1%)][0m
2026-08-15 22:31:33,112 | INFO | [38;5;214mval_any_predictions[Negative=18,238(76.3%) | Positive=5,662(23.7%)][0m
2026-08-15 22:31:33,337 | INFO | Fold 3: novo melhor checkpoint na época 15, staging_f1_macro=0.6039
2026-08-15 22:32:15,773 | INFO | fold=3 ep=016 train=36.5s val=5.8s [92mtrain_stg_loss=0.4670 train_rswa_loss=0.4125 train_rswa_head_loss(t/p/a)=0.1589/0.1255/0.1282[0m | [93mval_stg_f1=0.6284 val_stg_kappa=0.6619 val_rswa_head_loss(t/p/a)=0.3300/0.3392/0.3915 val_f1(t/p/a)=0.110/0.712/0.823 val_f1_macro=0.5482[0m
2026-08-15 22:32:15,774 | INFO | [92mtrain_stage_targets[W=80,738(12.5%) | N1=29,459(4.5%) | N2=248,157(38.3%) | N3=160,779(24.8%) | REM=128,997(19.9%)][0m
2026-08-15 22:32:15,774 | INFO | [92mtrain_stage_predictions[W=89,758(13.8%) | N1=14,826(2.3%) | N2=259,356(40.0%) | N3=154,175(23.8%) | REM=130,015(20.1%)][0m
2026-08-15 22:32:15,774 | INFO | [92mtrain_move_targets[Negative=104,633(81.1%) | Positive=24,367(18.9%)][0m
2026-08-15 22:32:15,774 | INFO | [92mtrain_move_predictions[Negative=106,205(82.3%) | Positive=22,795(17.7%)][0m
2026-08-15 22:32:15,774 | INFO | [93mval_stage_targets[W=41,124(26.9%) | N1=4,680(3.1%) | N2=47,169(30.9%) | N3=35,969(23.5%) | REM=23,900(15.6%)][0m
2026-08-15 22:32:15,774 | INFO | [93mval_stage_predictions[W=40,270(26.3%) | N1=771(0.5%) | N2=48,701(31.9%) | N3=31,611(20.7%) | REM=31,489(20.6%)][0m
2026-08-15 22:32:15,775 | INFO | [94mtrain_tonic_targets[Negative=126,910(98.4%) | Positive=2,090(1.6%)][0m
2026-08-15 22:32:15,775 | INFO | [94mtrain_tonic_predictions[Negative=120,510(93.4%) | Positive=8,490(6.6%)][0m
2026-08-15 22:32:15,775 | INFO | [94mval_tonic_targets[Negative=23,800(99.6%) | Positive=100(0.4%)][0m
2026-08-15 22:32:15,775 | INFO | [94mval_tonic_predictions[Negative=22,190(92.8%) | Positive=1,710(7.2%)][0m
2026-08-15 22:32:15,775 | INFO | [95mtrain_phasic_targets[Negative=117,540(91.1%) | Positive=11,460(8.9%)][0m
2026-08-15 22:32:15,775 | INFO | [95mtrain_phasic_predictions[Negative=108,595(84.2%) | Positive=20,405(15.8%)][0m
2026-08-15 22:32:15,775 | INFO | [95mval_phasic_targets[Negative=19,400(81.2%) | Positive=4,500(18.8%)][0m
2026-08-15 22:32:15,775 | INFO | [95mval_phasic_predictions[Negative=21,290(89.1%) | Positive=2,610(10.9%)][0m
2026-08-15 22:32:15,775 | INFO | [38;5;214mtrain_any_targets[Negative=104,633(81.1%) | Positive=24,367(18.9%)][0m
2026-08-15 22:32:15,776 | INFO | [38;5;214mtrain_any_predictions[Negative=106,633(82.7%) | Positive=22,367(17.3%)][0m
2026-08-15 22:32:15,776 | INFO | [38;5;214mval_any_targets[Negative=17,196(71.9%) | Positive=6,704(28.1%)][0m
2026-08-15 22:32:15,776 | INFO | [38;5;214mval_any_predictions[Negative=18,843(78.8%) | Positive=5,057(21.2%)][0m
2026-08-15 22:32:15,964 | INFO | Fold 3: novo melhor checkpoint na época 16, staging_f1_macro=0.6284
2026-08-15 22:32:58,888 | INFO | fold=3 ep=017 train=37.1s val=5.8s [92mtrain_stg_loss=0.4886 train_rswa_loss=0.4467 train_rswa_head_loss(t/p/a)=0.1751/0.1302/0.1414[0m | [93mval_stg_f1=0.6303 val_stg_kappa=0.6250 val_rswa_head_loss(t/p/a)=0.3151/0.1626/0.1880 val_f1(t/p/a)=0.092/0.864/0.880 val_f1_macro=0.6121[0m
2026-08-15 22:32:58,888 | INFO | [92mtrain_stage_targets[W=69,458(10.6%) | N1=28,628(4.4%) | N2=252,148(38.5%) | N3=170,430(26.0%) | REM=134,206(20.5%)][0m
2026-08-15 22:32:58,888 | INFO | [92mtrain_stage_predictions[W=72,045(11.0%) | N1=14,049(2.1%) | N2=260,062(39.7%) | N3=165,884(25.3%) | REM=142,830(21.8%)][0m
2026-08-15 22:32:58,888 | INFO | [92mtrain_move_targets[Negative=108,930(81.2%) | Positive=25,280(18.8%)][0m
2026-08-15 22:32:58,888 | INFO | [92mtrain_move_predictions[Negative=110,662(82.5%) | Positive=23,548(17.5%)][0m
2026-08-15 22:32:58,888 | INFO | [93mval_stage_targets[W=41,124(26.9%) | N1=4,680(3.1%) | N2=47,169(30.9%) | N3=35,969(23.5%) | REM=23,900(15.6%)][0m
2026-08-15 22:32:58,889 | INFO | [93mval_stage_predictions[W=46,150(30.2%) | N1=5,269(3.4%) | N2=38,801(25.4%) | N3=33,020(21.6%) | REM=29,602(19.4%)][0m
2026-08-15 22:32:58,889 | INFO | [94mtrain_tonic_targets[Negative=132,500(98.7%) | Positive=1,710(1.3%)][0m
2026-08-15 22:32:58,889 | INFO | [94mtrain_tonic_predictions[Negative=126,300(94.1%) | Positive=7,910(5.9%)][0m
2026-08-15 22:32:58,889 | INFO | [94mval_tonic_targets[Negative=23,800(99.6%) | Positive=100(0.4%)][0m
2026-08-15 22:32:58,889 | INFO | [94mval_tonic_predictions[Negative=21,820(91.3%) | Positive=2,080(8.7%)][0m
2026-08-15 22:32:58,889 | INFO | [95mtrain_phasic_targets[Negative=121,680(90.7%) | Positive=12,530(9.3%)][0m
2026-08-15 22:32:58,889 | INFO | [95mtrain_phasic_predictions[Negative=113,918(84.9%) | Positive=20,292(15.1%)][0m
2026-08-15 22:32:58,889 | INFO | [95mval_phasic_targets[Negative=19,400(81.2%) | Positive=4,500(18.8%)][0m
2026-08-15 22:32:58,889 | INFO | [95mval_phasic_predictions[Negative=19,120(80.0%) | Positive=4,780(20.0%)][0m
2026-08-15 22:32:58,889 | INFO | [38;5;214mtrain_any_targets[Negative=108,930(81.2%) | Positive=25,280(18.8%)][0m
2026-08-15 22:32:58,889 | INFO | [38;5;214mtrain_any_predictions[Negative=111,071(82.8%) | Positive=23,139(17.2%)][0m
2026-08-15 22:32:58,889 | INFO | [38;5;214mval_any_targets[Negative=17,196(71.9%) | Positive=6,704(28.1%)][0m
2026-08-15 22:32:58,890 | INFO | [38;5;214mval_any_predictions[Negative=16,446(68.8%) | Positive=7,454(31.2%)][0m
2026-08-15 22:32:59,079 | INFO | Fold 3: novo melhor checkpoint na época 17, staging_f1_macro=0.6303
2026-08-15 22:33:41,860 | INFO | fold=3 ep=018 train=36.9s val=5.8s [92mtrain_stg_loss=0.4896 train_rswa_loss=0.4915 train_rswa_head_loss(t/p/a)=0.1808/0.1480/0.1627[0m | [93mval_stg_f1=0.6470 val_stg_kappa=0.6568 val_rswa_head_loss(t/p/a)=0.3373/0.1932/0.2238 val_f1(t/p/a)=0.103/0.823/0.876 val_f1_macro=0.6008[0m
2026-08-15 22:33:41,861 | INFO | [92mtrain_stage_targets[W=89,557(13.8%) | N1=32,459(5.0%) | N2=237,419(36.7%) | N3=165,456(25.6%) | REM=121,999(18.9%)][0m
2026-08-15 22:33:41,861 | INFO | [92mtrain_stage_predictions[W=90,483(14.0%) | N1=19,881(3.1%) | N2=254,097(39.3%) | N3=159,943(24.7%) | REM=122,486(18.9%)][0m
2026-08-15 22:33:41,861 | INFO | [92mtrain_move_targets[Negative=95,869(78.6%) | Positive=26,131(21.4%)][0m
2026-08-15 22:33:41,861 | INFO | [92mtrain_move_predictions[Negative=96,740(79.3%) | Positive=25,260(20.7%)][0m
2026-08-15 22:33:41,862 | INFO | [93mval_stage_targets[W=41,124(26.9%) | N1=4,680(3.1%) | N2=47,169(30.9%) | N3=35,969(23.5%) | REM=23,900(15.6%)][0m
2026-08-15 22:33:41,862 | INFO | [93mval_stage_predictions[W=44,886(29.4%) | N1=4,851(3.2%) | N2=40,590(26.6%) | N3=37,782(24.7%) | REM=24,733(16.2%)][0m
2026-08-15 22:33:41,862 | INFO | [94mtrain_tonic_targets[Negative=120,160(98.5%) | Positive=1,840(1.5%)][0m
2026-08-15 22:33:41,862 | INFO | [94mtrain_tonic_predictions[Negative=113,457(93.0%) | Positive=8,543(7.0%)][0m
2026-08-15 22:33:41,862 | INFO | [94mval_tonic_targets[Negative=23,800(99.6%) | Positive=100(0.4%)][0m
2026-08-15 22:33:41,863 | INFO | [94mval_tonic_predictions[Negative=22,060(92.3%) | Positive=1,840(7.7%)][0m
2026-08-15 22:33:41,863 | INFO | [95mtrain_phasic_targets[Negative=108,370(88.8%) | Positive=13,630(11.2%)][0m
2026-08-15 22:33:41,863 | INFO | [95mtrain_phasic_predictions[Negative=99,635(81.7%) | Positive=22,365(18.3%)][0m
2026-08-15 22:33:41,863 | INFO | [95mval_phasic_targets[Negative=19,400(81.2%) | Positive=4,500(18.8%)][0m
2026-08-15 22:33:41,863 | INFO | [95mval_phasic_predictions[Negative=20,310(85.0%) | Positive=3,590(15.0%)][0m
2026-08-15 22:33:41,863 | INFO | [38;5;214mtrain_any_targets[Negative=95,869(78.6%) | Positive=26,131(21.4%)][0m
2026-08-15 22:33:41,864 | INFO | [38;5;214mtrain_any_predictions[Negative=97,151(79.6%) | Positive=24,849(20.4%)][0m
2026-08-15 22:33:41,864 | INFO | [38;5;214mval_any_targets[Negative=17,196(71.9%) | Positive=6,704(28.1%)][0m
2026-08-15 22:33:41,864 | INFO | [38;5;214mval_any_predictions[Negative=17,523(73.3%) | Positive=6,377(26.7%)][0m
2026-08-15 22:33:42,092 | INFO | Fold 3: novo melhor checkpoint na época 18, staging_f1_macro=0.6470
2026-08-15 22:34:24,570 | INFO | fold=3 ep=019 train=36.6s val=5.8s [92mtrain_stg_loss=0.4718 train_rswa_loss=0.4286 train_rswa_head_loss(t/p/a)=0.1577/0.1326/0.1382[0m | [93mval_stg_f1=0.6246 val_stg_kappa=0.6492 val_rswa_head_loss(t/p/a)=0.3910/0.3167/0.3821 val_f1(t/p/a)=0.146/0.714/0.806 val_f1_macro=0.5556[0m
2026-08-15 22:34:24,570 | INFO | [92mtrain_stage_targets[W=102,619(15.8%) | N1=27,235(4.2%) | N2=245,929(37.9%) | N3=150,768(23.2%) | REM=121,989(18.8%)][0m
2026-08-15 22:34:24,571 | INFO | [92mtrain_stage_predictions[W=111,477(17.2%) | N1=17,283(2.7%) | N2=257,885(39.8%) | N3=140,362(21.6%) | REM=121,533(18.7%)][0m
2026-08-15 22:34:24,571 | INFO | [92mtrain_move_targets[Negative=97,054(79.6%) | Positive=24,936(20.4%)][0m
2026-08-15 22:34:24,571 | INFO | [92mtrain_move_predictions[Negative=98,389(80.7%) | Positive=23,601(19.3%)][0m
2026-08-15 22:34:24,571 | INFO | [93mval_stage_targets[W=41,124(26.9%) | N1=4,680(3.1%) | N2=47,169(30.9%) | N3=35,969(23.5%) | REM=23,900(15.6%)][0m
2026-08-15 22:34:24,571 | INFO | [93mval_stage_predictions[W=35,297(23.1%) | N1=836(0.5%) | N2=48,291(31.6%) | N3=33,670(22.0%) | REM=34,748(22.7%)][0m
2026-08-15 22:34:24,571 | INFO | [94mtrain_tonic_targets[Negative=120,140(98.5%) | Positive=1,850(1.5%)][0m
2026-08-15 22:34:24,571 | INFO | [94mtrain_tonic_predictions[Negative=114,343(93.7%) | Positive=7,647(6.3%)][0m
2026-08-15 22:34:24,571 | INFO | [94mval_tonic_targets[Negative=23,800(99.6%) | Positive=100(0.4%)][0m
2026-08-15 22:34:24,571 | INFO | [94mval_tonic_predictions[Negative=22,630(94.7%) | Positive=1,270(5.3%)][0m
2026-08-15 22:34:24,572 | INFO | [95mtrain_phasic_targets[Negative=108,850(89.2%) | Positive=13,140(10.8%)][0m
2026-08-15 22:34:24,572 | INFO | [95mtrain_phasic_predictions[Negative=101,223(83.0%) | Positive=20,767(17.0%)][0m
2026-08-15 22:34:24,572 | INFO | [95mval_phasic_targets[Negative=19,400(81.2%) | Positive=4,500(18.8%)][0m
2026-08-15 22:34:24,572 | INFO | [95mval_phasic_predictions[Negative=21,260(89.0%) | Positive=2,640(11.0%)][0m
2026-08-15 22:34:24,572 | INFO | [38;5;214mtrain_any_targets[Negative=97,054(79.6%) | Positive=24,936(20.4%)][0m
2026-08-15 22:34:24,572 | INFO | [38;5;214mtrain_any_predictions[Negative=98,775(81.0%) | Positive=23,215(19.0%)][0m
2026-08-15 22:34:24,572 | INFO | [38;5;214mval_any_targets[Negative=17,196(71.9%) | Positive=6,704(28.1%)][0m
2026-08-15 22:34:24,572 | INFO | [38;5;214mval_any_predictions[Negative=19,045(79.7%) | Positive=4,855(20.3%)][0m
2026-08-15 22:35:06,323 | INFO | fold=3 ep=020 train=35.8s val=5.8s [92mtrain_stg_loss=0.4433 train_rswa_loss=0.3792 train_rswa_head_loss(t/p/a)=0.1393/0.1217/0.1182[0m | [93mval_stg_f1=0.6253 val_stg_kappa=0.6359 val_rswa_head_loss(t/p/a)=0.3770/0.2264/0.2544 val_f1(t/p/a)=0.109/0.760/0.855 val_f1_macro=0.5746[0m
2026-08-15 22:35:06,324 | INFO | [92mtrain_stage_targets[W=93,505(14.6%) | N1=24,088(3.8%) | N2=239,456(37.4%) | N3=156,174(24.4%) | REM=126,587(19.8%)][0m
2026-08-15 22:35:06,324 | INFO | [92mtrain_stage_predictions[W=94,035(14.7%) | N1=11,593(1.8%) | N2=259,042(40.5%) | N3=146,027(22.8%) | REM=129,113(20.2%)][0m
2026-08-15 22:35:06,324 | INFO | [92mtrain_move_targets[Negative=103,315(81.6%) | Positive=23,275(18.4%)][0m
2026-08-15 22:35:06,324 | INFO | [92mtrain_move_predictions[Negative=104,087(82.2%) | Positive=22,503(17.8%)][0m
2026-08-15 22:35:06,325 | INFO | [93mval_stage_targets[W=41,124(26.9%) | N1=4,680(3.1%) | N2=47,169(30.9%) | N3=35,969(23.5%) | REM=23,900(15.6%)][0m
2026-08-15 22:35:06,325 | INFO | [93mval_stage_predictions[W=45,978(30.1%) | N1=1,831(1.2%) | N2=50,183(32.8%) | N3=32,959(21.6%) | REM=21,891(14.3%)][0m
2026-08-15 22:35:06,325 | INFO | [94mtrain_tonic_targets[Negative=124,410(98.3%) | Positive=2,180(1.7%)][0m
2026-08-15 22:35:06,325 | INFO | [94mtrain_tonic_predictions[Negative=118,973(94.0%) | Positive=7,617(6.0%)][0m
2026-08-15 22:35:06,325 | INFO | [94mval_tonic_targets[Negative=23,800(99.6%) | Positive=100(0.4%)][0m
2026-08-15 22:35:06,326 | INFO | [94mval_tonic_predictions[Negative=22,160(92.7%) | Positive=1,740(7.3%)][0m
2026-08-15 22:35:06,326 | INFO | [95mtrain_phasic_targets[Negative=115,280(91.1%) | Positive=11,310(8.9%)][0m
2026-08-15 22:35:06,326 | INFO | [95mtrain_phasic_predictions[Negative=106,877(84.4%) | Positive=19,713(15.6%)][0m
2026-08-15 22:35:06,326 | INFO | [95mval_phasic_targets[Negative=19,400(81.2%) | Positive=4,500(18.8%)][0m
2026-08-15 22:35:06,326 | INFO | [95mval_phasic_predictions[Negative=20,870(87.3%) | Positive=3,030(12.7%)][0m
2026-08-15 22:35:06,327 | INFO | [38;5;214mtrain_any_targets[Negative=103,315(81.6%) | Positive=23,275(18.4%)][0m
2026-08-15 22:35:06,327 | INFO | [38;5;214mtrain_any_predictions[Negative=104,434(82.5%) | Positive=22,156(17.5%)][0m
2026-08-15 22:35:06,327 | INFO | [38;5;214mval_any_targets[Negative=17,196(71.9%) | Positive=6,704(28.1%)][0m
2026-08-15 22:35:06,327 | INFO | [38;5;214mval_any_predictions[Negative=17,996(75.3%) | Positive=5,904(24.7%)][0m
2026-08-15 22:35:49,225 | INFO | fold=3 ep=021 train=37.0s val=5.7s [92mtrain_stg_loss=0.4201 train_rswa_loss=0.4666 train_rswa_head_loss(t/p/a)=0.1829/0.1367/0.1470[0m | [93mval_stg_f1=0.6051 val_stg_kappa=0.6165 val_rswa_head_loss(t/p/a)=0.4101/0.3973/0.5167 val_f1(t/p/a)=0.127/0.579/0.753 val_f1_macro=0.4862[0m
2026-08-15 22:35:49,225 | INFO | [92mtrain_stage_targets[W=103,095(15.6%) | N1=33,968(5.2%) | N2=236,859(35.9%) | N3=158,219(24.0%) | REM=127,279(19.3%)][0m
2026-08-15 22:35:49,225 | INFO | [92mtrain_stage_predictions[W=107,754(16.3%) | N1=18,883(2.9%) | N2=256,008(38.8%) | N3=150,188(22.8%) | REM=126,587(19.2%)][0m
2026-08-15 22:35:49,226 | INFO | [92mtrain_move_targets[Negative=99,424(78.1%) | Positive=27,856(21.9%)][0m
2026-08-15 22:35:49,226 | INFO | [92mtrain_move_predictions[Negative=100,121(78.7%) | Positive=27,159(21.3%)][0m
2026-08-15 22:35:49,226 | INFO | [93mval_stage_targets[W=41,124(26.9%) | N1=4,680(3.1%) | N2=47,169(30.9%) | N3=35,969(23.5%) | REM=23,900(15.6%)][0m
2026-08-15 22:35:49,226 | INFO | [93mval_stage_predictions[W=55,043(36.0%) | N1=2,359(1.5%) | N2=42,019(27.5%) | N3=32,068(21.0%) | REM=21,353(14.0%)][0m
2026-08-15 22:35:49,226 | INFO | [94mtrain_tonic_targets[Negative=125,560(98.6%) | Positive=1,720(1.4%)][0m
2026-08-15 22:35:49,226 | INFO | [94mtrain_tonic_predictions[Negative=118,124(92.8%) | Positive=9,156(7.2%)][0m
2026-08-15 22:35:49,226 | INFO | [94mval_tonic_targets[Negative=23,800(99.6%) | Positive=100(0.4%)][0m
2026-08-15 22:35:49,226 | INFO | [94mval_tonic_predictions[Negative=22,430(93.8%) | Positive=1,470(6.2%)][0m
2026-08-15 22:35:49,226 | INFO | [95mtrain_phasic_targets[Negative=112,550(88.4%) | Positive=14,730(11.6%)][0m
2026-08-15 22:35:49,226 | INFO | [95mtrain_phasic_predictions[Negative=103,808(81.6%) | Positive=23,472(18.4%)][0m
2026-08-15 22:35:49,227 | INFO | [95mval_phasic_targets[Negative=19,400(81.2%) | Positive=4,500(18.8%)][0m
2026-08-15 22:35:49,227 | INFO | [95mval_phasic_predictions[Negative=22,040(92.2%) | Positive=1,860(7.8%)][0m
2026-08-15 22:35:49,227 | INFO | [38;5;214mtrain_any_targets[Negative=99,424(78.1%) | Positive=27,856(21.9%)][0m
2026-08-15 22:35:49,227 | INFO | [38;5;214mtrain_any_predictions[Negative=100,452(78.9%) | Positive=26,828(21.1%)][0m
2026-08-15 22:35:49,227 | INFO | [38;5;214mval_any_targets[Negative=17,196(71.9%) | Positive=6,704(28.1%)][0m
2026-08-15 22:35:49,227 | INFO | [38;5;214mval_any_predictions[Negative=19,647(82.2%) | Positive=4,253(17.8%)][0m
2026-08-15 22:36:32,050 | INFO | fold=3 ep=022 train=36.9s val=5.8s [92mtrain_stg_loss=0.4057 train_rswa_loss=0.4135 train_rswa_head_loss(t/p/a)=0.1605/0.1233/0.1297[0m | [93mval_stg_f1=0.6309 val_stg_kappa=0.6269 val_rswa_head_loss(t/p/a)=0.3521/0.1923/0.2365 val_f1(t/p/a)=0.106/0.774/0.868 val_f1_macro=0.5826[0m
2026-08-15 22:36:32,050 | INFO | [92mtrain_stage_targets[W=87,106(13.3%) | N1=31,467(4.8%) | N2=245,405(37.5%) | N3=160,457(24.5%) | REM=129,955(19.9%)][0m
2026-08-15 22:36:32,050 | INFO | [92mtrain_stage_predictions[W=90,900(13.9%) | N1=19,931(3.0%) | N2=254,814(38.9%) | N3=155,384(23.7%) | REM=133,361(20.4%)][0m
2026-08-15 22:36:32,050 | INFO | [92mtrain_move_targets[Negative=103,391(79.6%) | Positive=26,569(20.4%)][0m
2026-08-15 22:36:32,051 | INFO | [92mtrain_move_predictions[Negative=105,129(80.9%) | Positive=24,831(19.1%)][0m
2026-08-15 22:36:32,051 | INFO | [93mval_stage_targets[W=41,124(26.9%) | N1=4,680(3.1%) | N2=47,169(30.9%) | N3=35,969(23.5%) | REM=23,900(15.6%)][0m
2026-08-15 22:36:32,051 | INFO | [93mval_stage_predictions[W=44,033(28.8%) | N1=6,017(3.9%) | N2=57,434(37.6%) | N3=25,964(17.0%) | REM=19,394(12.7%)][0m
2026-08-15 22:36:32,051 | INFO | [94mtrain_tonic_targets[Negative=128,110(98.6%) | Positive=1,850(1.4%)][0m
2026-08-15 22:36:32,051 | INFO | [94mtrain_tonic_predictions[Negative=121,674(93.6%) | Positive=8,286(6.4%)][0m
2026-08-15 22:36:32,051 | INFO | [94mval_tonic_targets[Negative=23,800(99.6%) | Positive=100(0.4%)][0m
2026-08-15 22:36:32,051 | INFO | [94mval_tonic_predictions[Negative=22,110(92.5%) | Positive=1,790(7.5%)][0m
2026-08-15 22:36:32,051 | INFO | [95mtrain_phasic_targets[Negative=115,960(89.2%) | Positive=14,000(10.8%)][0m
2026-08-15 22:36:32,051 | INFO | [95mtrain_phasic_predictions[Negative=108,424(83.4%) | Positive=21,536(16.6%)][0m
2026-08-15 22:36:32,051 | INFO | [95mval_phasic_targets[Negative=19,400(81.2%) | Positive=4,500(18.8%)][0m
2026-08-15 22:36:32,051 | INFO | [95mval_phasic_predictions[Negative=20,730(86.7%) | Positive=3,170(13.3%)][0m
2026-08-15 22:36:32,052 | INFO | [38;5;214mtrain_any_targets[Negative=103,391(79.6%) | Positive=26,569(20.4%)][0m
2026-08-15 22:36:32,052 | INFO | [38;5;214mtrain_any_predictions[Negative=105,474(81.2%) | Positive=24,486(18.8%)][0m
2026-08-15 22:36:32,052 | INFO | [38;5;214mval_any_targets[Negative=17,196(71.9%) | Positive=6,704(28.1%)][0m
2026-08-15 22:36:32,052 | INFO | [38;5;214mval_any_predictions[Negative=17,933(75.0%) | Positive=5,967(25.0%)][0m
2026-08-15 22:37:15,686 | INFO | fold=3 ep=023 train=37.7s val=5.8s [92mtrain_stg_loss=0.4062 train_rswa_loss=0.4406 train_rswa_head_loss(t/p/a)=0.1663/0.1342/0.1401[0m | [93mval_stg_f1=0.6235 val_stg_kappa=0.6213 val_rswa_head_loss(t/p/a)=0.4184/0.2143/0.2707 val_f1(t/p/a)=0.129/0.774/0.850 val_f1_macro=0.5845[0m
2026-08-15 22:37:15,687 | INFO | [92mtrain_stage_targets[W=102,043(15.2%) | N1=34,949(5.2%) | N2=248,002(37.0%) | N3=161,108(24.1%) | REM=123,548(18.4%)][0m
2026-08-15 22:37:15,687 | INFO | [92mtrain_stage_predictions[W=102,956(15.4%) | N1=28,150(4.2%) | N2=263,623(39.4%) | N3=150,624(22.5%) | REM=124,297(18.6%)][0m
2026-08-15 22:37:15,687 | INFO | [92mtrain_move_targets[Negative=98,748(79.9%) | Positive=24,802(20.1%)][0m
2026-08-15 22:37:15,688 | INFO | [92mtrain_move_predictions[Negative=99,916(80.9%) | Positive=23,634(19.1%)][0m
2026-08-15 22:37:15,688 | INFO | [93mval_stage_targets[W=41,124(26.9%) | N1=4,680(3.1%) | N2=47,169(30.9%) | N3=35,969(23.5%) | REM=23,900(15.6%)][0m
2026-08-15 22:37:15,688 | INFO | [93mval_stage_predictions[W=47,993(31.4%) | N1=5,320(3.5%) | N2=41,599(27.2%) | N3=30,981(20.3%) | REM=26,949(17.6%)][0m
2026-08-15 22:37:15,688 | INFO | [94mtrain_tonic_targets[Negative=121,560(98.4%) | Positive=1,990(1.6%)][0m
2026-08-15 22:37:15,688 | INFO | [94mtrain_tonic_predictions[Negative=116,131(94.0%) | Positive=7,419(6.0%)][0m
2026-08-15 22:37:15,689 | INFO | [94mval_tonic_targets[Negative=23,800(99.6%) | Positive=100(0.4%)][0m
2026-08-15 22:37:15,689 | INFO | [94mval_tonic_predictions[Negative=22,450(93.9%) | Positive=1,450(6.1%)][0m
2026-08-15 22:37:15,689 | INFO | [95mtrain_phasic_targets[Negative=110,880(89.7%) | Positive=12,670(10.3%)][0m
2026-08-15 22:37:15,689 | INFO | [95mtrain_phasic_predictions[Negative=102,767(83.2%) | Positive=20,783(16.8%)][0m
2026-08-15 22:37:15,689 | INFO | [95mval_phasic_targets[Negative=19,400(81.2%) | Positive=4,500(18.8%)][0m
2026-08-15 22:37:15,690 | INFO | [95mval_phasic_predictions[Negative=20,730(86.7%) | Positive=3,170(13.3%)][0m
2026-08-15 22:37:15,690 | INFO | [38;5;214mtrain_any_targets[Negative=98,748(79.9%) | Positive=24,802(20.1%)][0m
2026-08-15 22:37:15,690 | INFO | [38;5;214mtrain_any_predictions[Negative=100,303(81.2%) | Positive=23,247(18.8%)][0m
2026-08-15 22:37:15,690 | INFO | [38;5;214mval_any_targets[Negative=17,196(71.9%) | Positive=6,704(28.1%)][0m
2026-08-15 22:37:15,690 | INFO | [38;5;214mval_any_predictions[Negative=18,195(76.1%) | Positive=5,705(23.9%)][0m
2026-08-15 22:37:59,087 | INFO | fold=3 ep=024 train=37.5s val=5.8s [92mtrain_stg_loss=0.4233 train_rswa_loss=0.4109 train_rswa_head_loss(t/p/a)=0.1465/0.1304/0.1340[0m | [93mval_stg_f1=0.6282 val_stg_kappa=0.6276 val_rswa_head_loss(t/p/a)=0.4026/0.2255/0.2683 val_f1(t/p/a)=0.133/0.772/0.849 val_f1_macro=0.5849[0m
2026-08-15 22:37:59,087 | INFO | [92mtrain_stage_targets[W=124,430(18.8%) | N1=36,637(5.5%) | N2=231,606(34.9%) | N3=147,468(22.2%) | REM=122,749(18.5%)][0m
2026-08-15 22:37:59,087 | INFO | [92mtrain_stage_predictions[W=127,339(19.2%) | N1=22,059(3.3%) | N2=249,981(37.7%) | N3=139,519(21.0%) | REM=123,992(18.7%)][0m
2026-08-15 22:37:59,088 | INFO | [92mtrain_move_targets[Negative=95,616(77.9%) | Positive=27,134(22.1%)][0m
2026-08-15 22:37:59,088 | INFO | [92mtrain_move_predictions[Negative=96,348(78.5%) | Positive=26,402(21.5%)][0m
2026-08-15 22:37:59,088 | INFO | [93mval_stage_targets[W=41,124(26.9%) | N1=4,680(3.1%) | N2=47,169(30.9%) | N3=35,969(23.5%) | REM=23,900(15.6%)][0m
2026-08-15 22:37:59,088 | INFO | [93mval_stage_predictions[W=49,957(32.7%) | N1=7,041(4.6%) | N2=38,461(25.2%) | N3=33,846(22.1%) | REM=23,537(15.4%)][0m
2026-08-15 22:37:59,088 | INFO | [94mtrain_tonic_targets[Negative=121,050(98.6%) | Positive=1,700(1.4%)][0m
2026-08-15 22:37:59,089 | INFO | [94mtrain_tonic_predictions[Negative=115,444(94.0%) | Positive=7,306(6.0%)][0m
2026-08-15 22:37:59,089 | INFO | [94mval_tonic_targets[Negative=23,800(99.6%) | Positive=100(0.4%)][0m
2026-08-15 22:37:59,089 | INFO | [94mval_tonic_predictions[Negative=22,500(94.1%) | Positive=1,400(5.9%)][0m
2026-08-15 22:37:59,089 | INFO | [95mtrain_phasic_targets[Negative=107,930(87.9%) | Positive=14,820(12.1%)][0m
2026-08-15 22:37:59,089 | INFO | [95mtrain_phasic_predictions[Negative=99,702(81.2%) | Positive=23,048(18.8%)][0m
2026-08-15 22:37:59,090 | INFO | [95mval_phasic_targets[Negative=19,400(81.2%) | Positive=4,500(18.8%)][0m
2026-08-15 22:37:59,090 | INFO | [95mval_phasic_predictions[Negative=20,840(87.2%) | Positive=3,060(12.8%)][0m
2026-08-15 22:37:59,090 | INFO | [38;5;214mtrain_any_targets[Negative=95,616(77.9%) | Positive=27,134(22.1%)][0m
2026-08-15 22:37:59,090 | INFO | [38;5;214mtrain_any_predictions[Negative=96,759(78.8%) | Positive=25,991(21.2%)][0m
2026-08-15 22:37:59,090 | INFO | [38;5;214mval_any_targets[Negative=17,196(71.9%) | Positive=6,704(28.1%)][0m
2026-08-15 22:37:59,090 | INFO | [38;5;214mval_any_predictions[Negative=18,175(76.0%) | Positive=5,725(24.0%)][0m
2026-08-15 22:38:42,304 | INFO | fold=3 ep=025 train=37.2s val=5.8s [92mtrain_stg_loss=0.4015 train_rswa_loss=0.4076 train_rswa_head_loss(t/p/a)=0.1667/0.1191/0.1218[0m | [93mval_stg_f1=0.6531 val_stg_kappa=0.6552 val_rswa_head_loss(t/p/a)=0.3140/0.1532/0.1953 val_f1(t/p/a)=0.114/0.856/0.882 val_f1_macro=0.6174[0m
2026-08-15 22:38:42,304 | INFO | [92mtrain_stage_targets[W=77,990(11.8%) | N1=30,345(4.6%) | N2=252,167(38.2%) | N3=165,779(25.1%) | REM=134,099(20.3%)][0m
2026-08-15 22:38:42,304 | INFO | [92mtrain_stage_predictions[W=78,238(11.8%) | N1=23,174(3.5%) | N2=268,222(40.6%) | N3=157,832(23.9%) | REM=132,914(20.1%)][0m
2026-08-15 22:38:42,304 | INFO | [92mtrain_move_targets[Negative=106,131(79.1%) | Positive=27,969(20.9%)][0m
2026-08-15 22:38:42,305 | INFO | [92mtrain_move_predictions[Negative=107,069(79.8%) | Positive=27,031(20.2%)][0m
2026-08-15 22:38:42,305 | INFO | [93mval_stage_targets[W=41,124(26.9%) | N1=4,680(3.1%) | N2=47,169(30.9%) | N3=35,969(23.5%) | REM=23,900(15.6%)][0m
2026-08-15 22:38:42,305 | INFO | [93mval_stage_predictions[W=37,759(24.7%) | N1=7,355(4.8%) | N2=47,527(31.1%) | N3=34,378(22.5%) | REM=25,823(16.9%)][0m
2026-08-15 22:38:42,305 | INFO | [94mtrain_tonic_targets[Negative=132,310(98.7%) | Positive=1,790(1.3%)][0m
2026-08-15 22:38:42,305 | INFO | [94mtrain_tonic_predictions[Negative=127,027(94.7%) | Positive=7,073(5.3%)][0m
2026-08-15 22:38:42,305 | INFO | [94mval_tonic_targets[Negative=23,800(99.6%) | Positive=100(0.4%)][0m
2026-08-15 22:38:42,305 | INFO | [94mval_tonic_predictions[Negative=22,250(93.1%) | Positive=1,650(6.9%)][0m
2026-08-15 22:38:42,305 | INFO | [95mtrain_phasic_targets[Negative=119,070(88.8%) | Positive=15,030(11.2%)][0m
2026-08-15 22:38:42,306 | INFO | [95mtrain_phasic_predictions[Negative=110,592(82.5%) | Positive=23,508(17.5%)][0m
2026-08-15 22:38:42,306 | INFO | [95mval_phasic_targets[Negative=19,400(81.2%) | Positive=4,500(18.8%)][0m
2026-08-15 22:38:42,306 | INFO | [95mval_phasic_predictions[Negative=19,610(82.1%) | Positive=4,290(17.9%)][0m
2026-08-15 22:38:42,306 | INFO | [38;5;214mtrain_any_targets[Negative=106,131(79.1%) | Positive=27,969(20.9%)][0m
2026-08-15 22:38:42,306 | INFO | [38;5;214mtrain_any_predictions[Negative=107,412(80.1%) | Positive=26,688(19.9%)][0m
2026-08-15 22:38:42,306 | INFO | [38;5;214mval_any_targets[Negative=17,196(71.9%) | Positive=6,704(28.1%)][0m
2026-08-15 22:38:42,306 | INFO | [38;5;214mval_any_predictions[Negative=16,679(69.8%) | Positive=7,221(30.2%)][0m
2026-08-15 22:38:42,491 | INFO | Fold 3: novo melhor checkpoint na época 25, staging_f1_macro=0.6531
2026-08-15 22:39:25,895 | INFO | fold=3 ep=026 train=37.6s val=5.8s [92mtrain_stg_loss=0.4009 train_rswa_loss=0.4070 train_rswa_head_loss(t/p/a)=0.1445/0.1248/0.1376[0m | [93mval_stg_f1=0.6413 val_stg_kappa=0.6339 val_rswa_head_loss(t/p/a)=0.3566/0.2012/0.2461 val_f1(t/p/a)=0.103/0.762/0.869 val_f1_macro=0.5778[0m
2026-08-15 22:39:25,896 | INFO | [92mtrain_stage_targets[W=87,377(13.1%) | N1=26,898(4.0%) | N2=255,337(38.3%) | N3=166,400(25.0%) | REM=130,338(19.6%)][0m
2026-08-15 22:39:25,896 | INFO | [92mtrain_stage_predictions[W=84,109(12.6%) | N1=18,246(2.7%) | N2=275,524(41.3%) | N3=156,499(23.5%) | REM=131,972(19.8%)][0m
2026-08-15 22:39:25,896 | INFO | [92mtrain_move_targets[Negative=101,909(78.2%) | Positive=28,431(21.8%)][0m
2026-08-15 22:39:25,896 | INFO | [92mtrain_move_predictions[Negative=102,632(78.7%) | Positive=27,708(21.3%)][0m
2026-08-15 22:39:25,896 | INFO | [93mval_stage_targets[W=41,124(26.9%) | N1=4,680(3.1%) | N2=47,169(30.9%) | N3=35,969(23.5%) | REM=23,900(15.6%)][0m
2026-08-15 22:39:25,896 | INFO | [93mval_stage_predictions[W=46,284(30.3%) | N1=5,833(3.8%) | N2=46,554(30.5%) | N3=28,024(18.3%) | REM=26,147(17.1%)][0m
2026-08-15 22:39:25,896 | INFO | [94mtrain_tonic_targets[Negative=128,500(98.6%) | Positive=1,840(1.4%)][0m
2026-08-15 22:39:25,896 | INFO | [94mtrain_tonic_predictions[Negative=122,819(94.2%) | Positive=7,521(5.8%)][0m
2026-08-15 22:39:25,897 | INFO | [94mval_tonic_targets[Negative=23,800(99.6%) | Positive=100(0.4%)][0m
2026-08-15 22:39:25,897 | INFO | [94mval_tonic_predictions[Negative=22,060(92.3%) | Positive=1,840(7.7%)][0m
2026-08-15 22:39:25,897 | INFO | [95mtrain_phasic_targets[Negative=115,300(88.5%) | Positive=15,040(11.5%)][0m
2026-08-15 22:39:25,897 | INFO | [95mtrain_phasic_predictions[Negative=106,539(81.7%) | Positive=23,801(18.3%)][0m
2026-08-15 22:39:25,897 | INFO | [95mval_phasic_targets[Negative=19,400(81.2%) | Positive=4,500(18.8%)][0m
2026-08-15 22:39:25,897 | INFO | [95mval_phasic_predictions[Negative=20,890(87.4%) | Positive=3,010(12.6%)][0m
2026-08-15 22:39:25,897 | INFO | [38;5;214mtrain_any_targets[Negative=101,909(78.2%) | Positive=28,431(21.8%)][0m
2026-08-15 22:39:25,897 | INFO | [38;5;214mtrain_any_predictions[Negative=102,991(79.0%) | Positive=27,349(21.0%)][0m
2026-08-15 22:39:25,897 | INFO | [38;5;214mval_any_targets[Negative=17,196(71.9%) | Positive=6,704(28.1%)][0m
2026-08-15 22:39:25,897 | INFO | [38;5;214mval_any_predictions[Negative=17,939(75.1%) | Positive=5,961(24.9%)][0m
2026-08-15 22:40:09,635 | INFO | fold=3 ep=027 train=37.7s val=5.8s [92mtrain_stg_loss=0.3705 train_rswa_loss=0.4351 train_rswa_head_loss(t/p/a)=0.1558/0.1339/0.1454[0m | [93mval_stg_f1=0.6269 val_stg_kappa=0.6335 val_rswa_head_loss(t/p/a)=0.3839/0.2100/0.2631 val_f1(t/p/a)=0.120/0.738/0.841 val_f1_macro=0.5666[0m
2026-08-15 22:40:09,636 | INFO | [92mtrain_stage_targets[W=90,811(13.6%) | N1=31,007(4.7%) | N2=247,457(37.2%) | N3=158,536(23.8%) | REM=138,159(20.7%)][0m
2026-08-15 22:40:09,636 | INFO | [92mtrain_stage_predictions[W=90,263(13.6%) | N1=22,632(3.4%) | N2=259,223(38.9%) | N3=153,891(23.1%) | REM=139,961(21.0%)][0m
2026-08-15 22:40:09,636 | INFO | [92mtrain_move_targets[Negative=107,089(77.5%) | Positive=31,071(22.5%)][0m
2026-08-15 22:40:09,637 | INFO | [92mtrain_move_predictions[Negative=107,970(78.1%) | Positive=30,190(21.9%)][0m
2026-08-15 22:40:09,637 | INFO | [93mval_stage_targets[W=41,124(26.9%) | N1=4,680(3.1%) | N2=47,169(30.9%) | N3=35,969(23.5%) | REM=23,900(15.6%)][0m
2026-08-15 22:40:09,637 | INFO | [93mval_stage_predictions[W=50,061(32.8%) | N1=3,887(2.5%) | N2=52,345(34.2%) | N3=29,617(19.4%) | REM=16,932(11.1%)][0m
2026-08-15 22:40:09,637 | INFO | [94mtrain_tonic_targets[Negative=136,290(98.6%) | Positive=1,870(1.4%)][0m
2026-08-15 22:40:09,637 | INFO | [94mtrain_tonic_predictions[Negative=129,894(94.0%) | Positive=8,266(6.0%)][0m
2026-08-15 22:40:09,638 | INFO | [94mval_tonic_targets[Negative=23,800(99.6%) | Positive=100(0.4%)][0m
2026-08-15 22:40:09,638 | INFO | [94mval_tonic_predictions[Negative=22,340(93.5%) | Positive=1,560(6.5%)][0m
2026-08-15 22:40:09,638 | INFO | [95mtrain_phasic_targets[Negative=121,320(87.8%) | Positive=16,840(12.2%)][0m
2026-08-15 22:40:09,638 | INFO | [95mtrain_phasic_predictions[Negative=112,708(81.6%) | Positive=25,452(18.4%)][0m
2026-08-15 22:40:09,638 | INFO | [95mval_phasic_targets[Negative=19,400(81.2%) | Positive=4,500(18.8%)][0m
2026-08-15 22:40:09,639 | INFO | [95mval_phasic_predictions[Negative=21,030(88.0%) | Positive=2,870(12.0%)][0m
2026-08-15 22:40:09,639 | INFO | [38;5;214mtrain_any_targets[Negative=107,089(77.5%) | Positive=31,071(22.5%)][0m
2026-08-15 22:40:09,639 | INFO | [38;5;214mtrain_any_predictions[Negative=108,329(78.4%) | Positive=29,831(21.6%)][0m
2026-08-15 22:40:09,639 | INFO | [38;5;214mval_any_targets[Negative=17,196(71.9%) | Positive=6,704(28.1%)][0m
2026-08-15 22:40:09,639 | INFO | [38;5;214mval_any_predictions[Negative=18,282(76.5%) | Positive=5,618(23.5%)][0m
2026-08-15 22:40:52,507 | INFO | fold=3 ep=028 train=36.9s val=5.8s [92mtrain_stg_loss=0.4011 train_rswa_loss=0.3870 train_rswa_head_loss(t/p/a)=0.1352/0.1260/0.1258[0m | [93mval_stg_f1=0.6545 val_stg_kappa=0.6515 val_rswa_head_loss(t/p/a)=0.3911/0.1531/0.1898 val_f1(t/p/a)=0.111/0.835/0.888 val_f1_macro=0.6113[0m
2026-08-15 22:40:52,508 | INFO | [92mtrain_stage_targets[W=94,530(14.5%) | N1=30,086(4.6%) | N2=251,938(38.5%) | N3=155,837(23.8%) | REM=121,619(18.6%)][0m
2026-08-15 22:40:52,508 | INFO | [92mtrain_stage_predictions[W=95,685(14.6%) | N1=21,728(3.3%) | N2=262,079(40.1%) | N3=151,396(23.1%) | REM=123,122(18.8%)][0m
2026-08-15 22:40:52,508 | INFO | [92mtrain_move_targets[Negative=96,350(79.2%) | Positive=25,270(20.8%)][0m
2026-08-15 22:40:52,508 | INFO | [92mtrain_move_predictions[Negative=97,535(80.2%) | Positive=24,085(19.8%)][0m
2026-08-15 22:40:52,508 | INFO | [93mval_stage_targets[W=41,124(26.9%) | N1=4,680(3.1%) | N2=47,169(30.9%) | N3=35,969(23.5%) | REM=23,900(15.6%)][0m
2026-08-15 22:40:52,508 | INFO | [93mval_stage_predictions[W=42,307(27.7%) | N1=7,651(5.0%) | N2=52,612(34.4%) | N3=29,093(19.0%) | REM=21,179(13.9%)][0m
2026-08-15 22:40:52,508 | INFO | [94mtrain_tonic_targets[Negative=119,480(98.2%) | Positive=2,140(1.8%)][0m
2026-08-15 22:40:52,508 | INFO | [94mtrain_tonic_predictions[Negative=114,831(94.4%) | Positive=6,789(5.6%)][0m
2026-08-15 22:40:52,508 | INFO | [94mval_tonic_targets[Negative=23,800(99.6%) | Positive=100(0.4%)][0m
2026-08-15 22:40:52,508 | INFO | [94mval_tonic_predictions[Negative=22,200(92.9%) | Positive=1,700(7.1%)][0m
2026-08-15 22:40:52,509 | INFO | [95mtrain_phasic_targets[Negative=108,730(89.4%) | Positive=12,890(10.6%)][0m
2026-08-15 22:40:52,509 | INFO | [95mtrain_phasic_predictions[Negative=101,404(83.4%) | Positive=20,216(16.6%)][0m
2026-08-15 22:40:52,509 | INFO | [95mval_phasic_targets[Negative=19,400(81.2%) | Positive=4,500(18.8%)][0m
2026-08-15 22:40:52,509 | INFO | [95mval_phasic_predictions[Negative=19,940(83.4%) | Positive=3,960(16.6%)][0m
2026-08-15 22:40:52,509 | INFO | [38;5;214mtrain_any_targets[Negative=96,350(79.2%) | Positive=25,270(20.8%)][0m
2026-08-15 22:40:52,509 | INFO | [38;5;214mtrain_any_predictions[Negative=97,918(80.5%) | Positive=23,702(19.5%)][0m
2026-08-15 22:40:52,509 | INFO | [38;5;214mval_any_targets[Negative=17,196(71.9%) | Positive=6,704(28.1%)][0m
2026-08-15 22:40:52,509 | INFO | [38;5;214mval_any_predictions[Negative=17,093(71.5%) | Positive=6,807(28.5%)][0m
2026-08-15 22:40:52,698 | INFO | Fold 3: novo melhor checkpoint na época 28, staging_f1_macro=0.6545
2026-08-15 22:41:34,941 | INFO | fold=3 ep=029 train=36.3s val=5.9s [92mtrain_stg_loss=0.3999 train_rswa_loss=0.3430 train_rswa_head_loss(t/p/a)=0.1184/0.1081/0.1165[0m | [93mval_stg_f1=0.6702 val_stg_kappa=0.6814 val_rswa_head_loss(t/p/a)=0.4138/0.1714/0.1947 val_f1(t/p/a)=0.119/0.809/0.879 val_f1_macro=0.6021[0m
2026-08-15 22:41:34,941 | INFO | [92mtrain_stage_targets[W=83,689(13.0%) | N1=32,040(5.0%) | N2=240,526(37.4%) | N3=167,277(26.0%) | REM=119,908(18.6%)][0m
2026-08-15 22:41:34,941 | INFO | [92mtrain_stage_predictions[W=86,044(13.4%) | N1=24,419(3.8%) | N2=257,979(40.1%) | N3=156,300(24.3%) | REM=118,698(18.4%)][0m
2026-08-15 22:41:34,942 | INFO | [92mtrain_move_targets[Negative=97,148(81.0%) | Positive=22,762(19.0%)][0m
2026-08-15 22:41:34,942 | INFO | [92mtrain_move_predictions[Negative=98,505(82.1%) | Positive=21,405(17.9%)][0m
2026-08-15 22:41:34,942 | INFO | [93mval_stage_targets[W=41,124(26.9%) | N1=4,680(3.1%) | N2=47,169(30.9%) | N3=35,969(23.5%) | REM=23,900(15.6%)][0m
2026-08-15 22:41:34,942 | INFO | [93mval_stage_predictions[W=41,137(26.9%) | N1=4,000(2.6%) | N2=52,601(34.4%) | N3=34,048(22.3%) | REM=21,056(13.8%)][0m
2026-08-15 22:41:34,942 | INFO | [94mtrain_tonic_targets[Negative=117,830(98.3%) | Positive=2,080(1.7%)][0m
2026-08-15 22:41:34,942 | INFO | [94mtrain_tonic_predictions[Negative=113,224(94.4%) | Positive=6,686(5.6%)][0m
2026-08-15 22:41:34,942 | INFO | [94mval_tonic_targets[Negative=23,800(99.6%) | Positive=100(0.4%)][0m
2026-08-15 22:41:34,942 | INFO | [94mval_tonic_predictions[Negative=22,320(93.4%) | Positive=1,580(6.6%)][0m
2026-08-15 22:41:34,942 | INFO | [95mtrain_phasic_targets[Negative=108,930(90.8%) | Positive=10,980(9.2%)][0m
2026-08-15 22:41:34,942 | INFO | [95mtrain_phasic_predictions[Negative=102,552(85.5%) | Positive=17,358(14.5%)][0m
2026-08-15 22:41:34,943 | INFO | [95mval_phasic_targets[Negative=19,400(81.2%) | Positive=4,500(18.8%)][0m
2026-08-15 22:41:34,943 | INFO | [95mval_phasic_predictions[Negative=20,240(84.7%) | Positive=3,660(15.3%)][0m
2026-08-15 22:41:34,943 | INFO | [38;5;214mtrain_any_targets[Negative=97,148(81.0%) | Positive=22,762(19.0%)][0m
2026-08-15 22:41:34,943 | INFO | [38;5;214mtrain_any_predictions[Negative=98,796(82.4%) | Positive=21,114(17.6%)][0m
2026-08-15 22:41:34,943 | INFO | [38;5;214mval_any_targets[Negative=17,196(71.9%) | Positive=6,704(28.1%)][0m
2026-08-15 22:41:34,943 | INFO | [38;5;214mval_any_predictions[Negative=17,091(71.5%) | Positive=6,809(28.5%)][0m
2026-08-15 22:41:35,133 | INFO | Fold 3: novo melhor checkpoint na época 29, staging_f1_macro=0.6702
2026-08-15 22:42:17,915 | INFO | fold=3 ep=030 train=36.9s val=5.9s [92mtrain_stg_loss=0.3909 train_rswa_loss=0.3666 train_rswa_head_loss(t/p/a)=0.1189/0.1158/0.1319[0m | [93mval_stg_f1=0.6584 val_stg_kappa=0.6561 val_rswa_head_loss(t/p/a)=0.4387/0.2058/0.2481 val_f1(t/p/a)=0.132/0.767/0.863 val_f1_macro=0.5873[0m
2026-08-15 22:42:17,915 | INFO | [92mtrain_stage_targets[W=102,096(15.6%) | N1=35,028(5.4%) | N2=257,218(39.3%) | N3=148,879(22.8%) | REM=110,489(16.9%)][0m
2026-08-15 22:42:17,915 | INFO | [92mtrain_stage_predictions[W=107,623(16.5%) | N1=20,118(3.1%) | N2=271,355(41.5%) | N3=143,634(22.0%) | REM=110,980(17.0%)][0m
2026-08-15 22:42:17,915 | INFO | [92mtrain_move_targets[Negative=87,599(79.3%) | Positive=22,891(20.7%)][0m
2026-08-15 22:42:17,915 | INFO | [92mtrain_move_predictions[Negative=87,870(79.5%) | Positive=22,620(20.5%)][0m
2026-08-15 22:42:17,915 | INFO | [93mval_stage_targets[W=41,124(26.9%) | N1=4,680(3.1%) | N2=47,169(30.9%) | N3=35,969(23.5%) | REM=23,900(15.6%)][0m
2026-08-15 22:42:17,915 | INFO | [93mval_stage_predictions[W=33,434(21.9%) | N1=7,640(5.0%) | N2=51,021(33.4%) | N3=37,589(24.6%) | REM=23,158(15.2%)][0m
2026-08-15 22:42:17,916 | INFO | [94mtrain_tonic_targets[Negative=108,760(98.4%) | Positive=1,730(1.6%)][0m
2026-08-15 22:42:17,916 | INFO | [94mtrain_tonic_predictions[Negative=105,084(95.1%) | Positive=5,406(4.9%)][0m
2026-08-15 22:42:17,916 | INFO | [94mval_tonic_targets[Negative=23,800(99.6%) | Positive=100(0.4%)][0m
2026-08-15 22:42:17,916 | INFO | [94mval_tonic_predictions[Negative=22,490(94.1%) | Positive=1,410(5.9%)][0m
2026-08-15 22:42:17,916 | INFO | [95mtrain_phasic_targets[Negative=99,140(89.7%) | Positive=11,350(10.3%)][0m
2026-08-15 22:42:17,916 | INFO | [95mtrain_phasic_predictions[Negative=91,836(83.1%) | Positive=18,654(16.9%)][0m
2026-08-15 22:42:17,916 | INFO | [95mval_phasic_targets[Negative=19,400(81.2%) | Positive=4,500(18.8%)][0m
2026-08-15 22:42:17,916 | INFO | [95mval_phasic_predictions[Negative=20,760(86.9%) | Positive=3,140(13.1%)][0m
2026-08-15 22:42:17,916 | INFO | [38;5;214mtrain_any_targets[Negative=87,599(79.3%) | Positive=22,891(20.7%)][0m
2026-08-15 22:42:17,916 | INFO | [38;5;214mtrain_any_predictions[Negative=88,135(79.8%) | Positive=22,355(20.2%)][0m
2026-08-15 22:42:17,916 | INFO | [38;5;214mval_any_targets[Negative=17,196(71.9%) | Positive=6,704(28.1%)][0m
2026-08-15 22:42:17,916 | INFO | [38;5;214mval_any_predictions[Negative=17,879(74.8%) | Positive=6,021(25.2%)][0m
2026-08-15 22:43:00,858 | INFO | fold=3 ep=031 train=37.0s val=5.8s [92mtrain_stg_loss=0.3930 train_rswa_loss=0.3866 train_rswa_head_loss(t/p/a)=0.1447/0.1180/0.1239[0m | [93mval_stg_f1=0.6615 val_stg_kappa=0.6717 val_rswa_head_loss(t/p/a)=0.3497/0.1824/0.1965 val_f1(t/p/a)=0.107/0.741/0.885 val_f1_macro=0.5775[0m
2026-08-15 22:43:00,859 | INFO | [92mtrain_stage_targets[W=80,459(12.3%) | N1=26,040(4.0%) | N2=256,578(39.3%) | N3=158,328(24.2%) | REM=131,975(20.2%)][0m
2026-08-15 22:43:00,860 | INFO | [92mtrain_stage_predictions[W=81,340(12.4%) | N1=22,365(3.4%) | N2=268,394(41.1%) | N3=148,305(22.7%) | REM=132,976(20.4%)][0m
2026-08-15 22:43:00,860 | INFO | [92mtrain_move_targets[Negative=105,251(79.7%) | Positive=26,729(20.3%)][0m
2026-08-15 22:43:00,860 | INFO | [92mtrain_move_predictions[Negative=106,638(80.8%) | Positive=25,342(19.2%)][0m
2026-08-15 22:43:00,860 | INFO | [93mval_stage_targets[W=41,124(26.9%) | N1=4,680(3.1%) | N2=47,169(30.9%) | N3=35,969(23.5%) | REM=23,900(15.6%)][0m
2026-08-15 22:43:00,860 | INFO | [93mval_stage_predictions[W=39,534(25.9%) | N1=3,503(2.3%) | N2=48,598(31.8%) | N3=36,319(23.8%) | REM=24,888(16.3%)][0m
2026-08-15 22:43:00,860 | INFO | [94mtrain_tonic_targets[Negative=129,660(98.2%) | Positive=2,320(1.8%)][0m
2026-08-15 22:43:00,860 | INFO | [94mtrain_tonic_predictions[Negative=124,544(94.4%) | Positive=7,436(5.6%)][0m
2026-08-15 22:43:00,860 | INFO | [94mval_tonic_targets[Negative=23,800(99.6%) | Positive=100(0.4%)][0m
2026-08-15 22:43:00,861 | INFO | [94mval_tonic_predictions[Negative=22,130(92.6%) | Positive=1,770(7.4%)][0m
2026-08-15 22:43:00,861 | INFO | [95mtrain_phasic_targets[Negative=119,030(90.2%) | Positive=12,950(9.8%)][0m
2026-08-15 22:43:00,861 | INFO | [95mtrain_phasic_predictions[Negative=111,573(84.5%) | Positive=20,407(15.5%)][0m
2026-08-15 22:43:00,861 | INFO | [95mval_phasic_targets[Negative=19,400(81.2%) | Positive=4,500(18.8%)][0m
2026-08-15 22:43:00,861 | INFO | [95mval_phasic_predictions[Negative=20,650(86.4%) | Positive=3,250(13.6%)][0m
2026-08-15 22:43:00,861 | INFO | [38;5;214mtrain_any_targets[Negative=105,251(79.7%) | Positive=26,729(20.3%)][0m
2026-08-15 22:43:00,861 | INFO | [38;5;214mtrain_any_predictions[Negative=107,038(81.1%) | Positive=24,942(18.9%)][0m
2026-08-15 22:43:00,862 | INFO | [38;5;214mval_any_targets[Negative=17,196(71.9%) | Positive=6,704(28.1%)][0m
2026-08-15 22:43:00,862 | INFO | [38;5;214mval_any_predictions[Negative=17,273(72.3%) | Positive=6,627(27.7%)][0m
2026-08-15 22:43:44,038 | INFO | fold=3 ep=032 train=37.2s val=5.8s [92mtrain_stg_loss=0.3834 train_rswa_loss=0.3781 train_rswa_head_loss(t/p/a)=0.1263/0.1223/0.1294[0m | [93mval_stg_f1=0.6675 val_stg_kappa=0.6659 val_rswa_head_loss(t/p/a)=0.3896/0.1597/0.1717 val_f1(t/p/a)=0.100/0.791/0.883 val_f1_macro=0.5911[0m
2026-08-15 22:43:44,038 | INFO | [92mtrain_stage_targets[W=106,355(16.1%) | N1=32,089(4.9%) | N2=240,407(36.5%) | N3=159,679(24.2%) | REM=120,840(18.3%)][0m
2026-08-15 22:43:44,038 | INFO | [92mtrain_stage_predictions[W=108,340(16.4%) | N1=19,145(2.9%) | N2=259,374(39.3%) | N3=153,444(23.3%) | REM=119,067(18.1%)][0m
2026-08-15 22:43:44,039 | INFO | [92mtrain_move_targets[Negative=95,675(79.2%) | Positive=25,165(20.8%)][0m
2026-08-15 22:43:44,039 | INFO | [92mtrain_move_predictions[Negative=96,124(79.5%) | Positive=24,716(20.5%)][0m
2026-08-15 22:43:44,039 | INFO | [93mval_stage_targets[W=41,124(26.9%) | N1=4,680(3.1%) | N2=47,169(30.9%) | N3=35,969(23.5%) | REM=23,900(15.6%)][0m
2026-08-15 22:43:44,039 | INFO | [93mval_stage_predictions[W=38,944(25.5%) | N1=7,124(4.7%) | N2=54,888(35.9%) | N3=28,021(18.3%) | REM=23,865(15.6%)][0m
2026-08-15 22:43:44,039 | INFO | [94mtrain_tonic_targets[Negative=118,870(98.4%) | Positive=1,970(1.6%)][0m
2026-08-15 22:43:44,039 | INFO | [94mtrain_tonic_predictions[Negative=114,018(94.4%) | Positive=6,822(5.6%)][0m
2026-08-15 22:43:44,039 | INFO | [94mval_tonic_targets[Negative=23,800(99.6%) | Positive=100(0.4%)][0m
2026-08-15 22:43:44,039 | INFO | [94mval_tonic_predictions[Negative=22,000(92.1%) | Positive=1,900(7.9%)][0m
2026-08-15 22:43:44,039 | INFO | [95mtrain_phasic_targets[Negative=107,590(89.0%) | Positive=13,250(11.0%)][0m
2026-08-15 22:43:44,040 | INFO | [95mtrain_phasic_predictions[Negative=101,111(83.7%) | Positive=19,729(16.3%)][0m
2026-08-15 22:43:44,040 | INFO | [95mval_phasic_targets[Negative=19,400(81.2%) | Positive=4,500(18.8%)][0m
2026-08-15 22:43:44,040 | INFO | [95mval_phasic_predictions[Negative=19,950(83.5%) | Positive=3,950(16.5%)][0m
2026-08-15 22:43:44,040 | INFO | [38;5;214mtrain_any_targets[Negative=95,675(79.2%) | Positive=25,165(20.8%)][0m
2026-08-15 22:43:44,040 | INFO | [38;5;214mtrain_any_predictions[Negative=96,521(79.9%) | Positive=24,319(20.1%)][0m
2026-08-15 22:43:44,040 | INFO | [38;5;214mval_any_targets[Negative=17,196(71.9%) | Positive=6,704(28.1%)][0m
2026-08-15 22:43:44,040 | INFO | [38;5;214mval_any_predictions[Negative=16,310(68.2%) | Positive=7,590(31.8%)][0m
2026-08-15 22:44:27,785 | INFO | fold=3 ep=033 train=37.8s val=5.8s [92mtrain_stg_loss=0.3860 train_rswa_loss=0.3664 train_rswa_head_loss(t/p/a)=0.1209/0.1207/0.1248[0m | [93mval_stg_f1=0.6562 val_stg_kappa=0.6430 val_rswa_head_loss(t/p/a)=0.4643/0.2061/0.2294 val_f1(t/p/a)=0.139/0.776/0.866 val_f1_macro=0.5937[0m
2026-08-15 22:44:27,786 | INFO | [92mtrain_stage_targets[W=109,039(16.3%) | N1=34,088(5.1%) | N2=240,837(35.9%) | N3=163,029(24.3%) | REM=123,197(18.4%)][0m
2026-08-15 22:44:27,786 | INFO | [92mtrain_stage_predictions[W=114,544(17.1%) | N1=24,644(3.7%) | N2=253,634(37.8%) | N3=157,215(23.5%) | REM=120,153(17.9%)][0m
2026-08-15 22:44:27,786 | INFO | [92mtrain_move_targets[Negative=96,784(78.6%) | Positive=26,416(21.4%)][0m
2026-08-15 22:44:27,786 | INFO | [92mtrain_move_predictions[Negative=97,576(79.2%) | Positive=25,624(20.8%)][0m
2026-08-15 22:44:27,786 | INFO | [93mval_stage_targets[W=41,124(26.9%) | N1=4,680(3.1%) | N2=47,169(30.9%) | N3=35,969(23.5%) | REM=23,900(15.6%)][0m
2026-08-15 22:44:27,786 | INFO | [93mval_stage_predictions[W=30,897(20.2%) | N1=5,821(3.8%) | N2=57,428(37.6%) | N3=29,445(19.3%) | REM=29,251(19.1%)][0m
2026-08-15 22:44:27,786 | INFO | [94mtrain_tonic_targets[Negative=120,960(98.2%) | Positive=2,240(1.8%)][0m
2026-08-15 22:44:27,787 | INFO | [94mtrain_tonic_predictions[Negative=116,143(94.3%) | Positive=7,057(5.7%)][0m
2026-08-15 22:44:27,787 | INFO | [94mval_tonic_targets[Negative=23,800(99.6%) | Positive=100(0.4%)][0m
2026-08-15 22:44:27,787 | INFO | [94mval_tonic_predictions[Negative=22,560(94.4%) | Positive=1,340(5.6%)][0m
2026-08-15 22:44:27,787 | INFO | [95mtrain_phasic_targets[Negative=109,250(88.7%) | Positive=13,950(11.3%)][0m
2026-08-15 22:44:27,787 | INFO | [95mtrain_phasic_predictions[Negative=102,566(83.3%) | Positive=20,634(16.7%)][0m
2026-08-15 22:44:27,787 | INFO | [95mval_phasic_targets[Negative=19,400(81.2%) | Positive=4,500(18.8%)][0m
2026-08-15 22:44:27,787 | INFO | [95mval_phasic_predictions[Negative=20,590(86.2%) | Positive=3,310(13.8%)][0m
2026-08-15 22:44:27,787 | INFO | [38;5;214mtrain_any_targets[Negative=96,784(78.6%) | Positive=26,416(21.4%)][0m
2026-08-15 22:44:27,787 | INFO | [38;5;214mtrain_any_predictions[Negative=97,903(79.5%) | Positive=25,297(20.5%)][0m
2026-08-15 22:44:27,787 | INFO | [38;5;214mval_any_targets[Negative=17,196(71.9%) | Positive=6,704(28.1%)][0m
2026-08-15 22:44:27,787 | INFO | [38;5;214mval_any_predictions[Negative=17,618(73.7%) | Positive=6,282(26.3%)][0m
2026-08-15 22:45:10,499 | INFO | fold=3 ep=034 train=36.7s val=5.8s [92mtrain_stg_loss=0.3650 train_rswa_loss=0.3479 train_rswa_head_loss(t/p/a)=0.1152/0.1116/0.1211[0m | [93mval_stg_f1=0.6429 val_stg_kappa=0.6434 val_rswa_head_loss(t/p/a)=0.4045/0.1705/0.2000 val_f1(t/p/a)=0.136/0.819/0.885 val_f1_macro=0.6134[0m
2026-08-15 22:45:10,499 | INFO | [92mtrain_stage_targets[W=95,165(14.6%) | N1=30,817(4.7%) | N2=252,678(38.8%) | N3=150,960(23.2%) | REM=121,010(18.6%)][0m
2026-08-15 22:45:10,499 | INFO | [92mtrain_stage_predictions[W=98,092(15.1%) | N1=21,320(3.3%) | N2=268,641(41.3%) | N3=143,846(22.1%) | REM=118,731(18.2%)][0m
2026-08-15 22:45:10,500 | INFO | [92mtrain_move_targets[Negative=95,973(79.3%) | Positive=25,037(20.7%)][0m
2026-08-15 22:45:10,500 | INFO | [92mtrain_move_predictions[Negative=96,722(79.9%) | Positive=24,288(20.1%)][0m
2026-08-15 22:45:10,500 | INFO | [93mval_stage_targets[W=41,124(26.9%) | N1=4,680(3.1%) | N2=47,169(30.9%) | N3=35,969(23.5%) | REM=23,900(15.6%)][0m
2026-08-15 22:45:10,500 | INFO | [93mval_stage_predictions[W=50,332(32.9%) | N1=4,746(3.1%) | N2=43,628(28.5%) | N3=29,534(19.3%) | REM=24,602(16.1%)][0m
2026-08-15 22:45:10,500 | INFO | [94mtrain_tonic_targets[Negative=119,290(98.6%) | Positive=1,720(1.4%)][0m
2026-08-15 22:45:10,500 | INFO | [94mtrain_tonic_predictions[Negative=114,913(95.0%) | Positive=6,097(5.0%)][0m
2026-08-15 22:45:10,500 | INFO | [94mval_tonic_targets[Negative=23,800(99.6%) | Positive=100(0.4%)][0m
2026-08-15 22:45:10,500 | INFO | [94mval_tonic_predictions[Negative=22,530(94.3%) | Positive=1,370(5.7%)][0m
2026-08-15 22:45:10,500 | INFO | [95mtrain_phasic_targets[Negative=108,180(89.4%) | Positive=12,830(10.6%)][0m
2026-08-15 22:45:10,500 | INFO | [95mtrain_phasic_predictions[Negative=101,015(83.5%) | Positive=19,995(16.5%)][0m
2026-08-15 22:45:10,501 | INFO | [95mval_phasic_targets[Negative=19,400(81.2%) | Positive=4,500(18.8%)][0m
2026-08-15 22:45:10,501 | INFO | [95mval_phasic_predictions[Negative=20,320(85.0%) | Positive=3,580(15.0%)][0m
2026-08-15 22:45:10,501 | INFO | [38;5;214mtrain_any_targets[Negative=95,973(79.3%) | Positive=25,037(20.7%)][0m
2026-08-15 22:45:10,501 | INFO | [38;5;214mtrain_any_predictions[Negative=97,059(80.2%) | Positive=23,951(19.8%)][0m
2026-08-15 22:45:10,501 | INFO | [38;5;214mval_any_targets[Negative=17,196(71.9%) | Positive=6,704(28.1%)][0m
2026-08-15 22:45:10,501 | INFO | [38;5;214mval_any_predictions[Negative=17,421(72.9%) | Positive=6,479(27.1%)][0m
2026-08-15 22:45:53,494 | INFO | fold=3 ep=035 train=37.0s val=5.8s [92mtrain_stg_loss=0.3791 train_rswa_loss=0.3583 train_rswa_head_loss(t/p/a)=0.1223/0.1120/0.1240[0m | [93mval_stg_f1=0.6500 val_stg_kappa=0.6647 val_rswa_head_loss(t/p/a)=0.4858/0.1947/0.2527 val_f1(t/p/a)=0.155/0.775/0.863 val_f1_macro=0.5975[0m
2026-08-15 22:45:53,494 | INFO | [92mtrain_stage_targets[W=84,843(12.9%) | N1=32,848(5.0%) | N2=252,615(38.4%) | N3=159,318(24.2%) | REM=127,976(19.5%)][0m
2026-08-15 22:45:53,494 | INFO | [92mtrain_stage_predictions[W=87,240(13.3%) | N1=21,834(3.3%) | N2=266,707(40.6%) | N3=150,684(22.9%) | REM=131,135(19.9%)][0m
2026-08-15 22:45:53,494 | INFO | [92mtrain_move_targets[Negative=102,355(80.0%) | Positive=25,625(20.0%)][0m
2026-08-15 22:45:53,494 | INFO | [92mtrain_move_predictions[Negative=102,992(80.5%) | Positive=24,988(19.5%)][0m
2026-08-15 22:45:53,495 | INFO | [93mval_stage_targets[W=41,124(26.9%) | N1=4,680(3.1%) | N2=47,169(30.9%) | N3=35,969(23.5%) | REM=23,900(15.6%)][0m
2026-08-15 22:45:53,495 | INFO | [93mval_stage_predictions[W=42,635(27.9%) | N1=5,042(3.3%) | N2=57,684(37.7%) | N3=31,477(20.6%) | REM=16,004(10.5%)][0m
2026-08-15 22:45:53,495 | INFO | [94mtrain_tonic_targets[Negative=126,330(98.7%) | Positive=1,650(1.3%)][0m
2026-08-15 22:45:53,495 | INFO | [94mtrain_tonic_predictions[Negative=121,481(94.9%) | Positive=6,499(5.1%)][0m
2026-08-15 22:45:53,495 | INFO | [94mval_tonic_targets[Negative=23,800(99.6%) | Positive=100(0.4%)][0m
2026-08-15 22:45:53,495 | INFO | [94mval_tonic_predictions[Negative=22,710(95.0%) | Positive=1,190(5.0%)][0m
2026-08-15 22:45:53,495 | INFO | [95mtrain_phasic_targets[Negative=114,940(89.8%) | Positive=13,040(10.2%)][0m
2026-08-15 22:45:53,495 | INFO | [95mtrain_phasic_predictions[Negative=107,551(84.0%) | Positive=20,429(16.0%)][0m
2026-08-15 22:45:53,495 | INFO | [95mval_phasic_targets[Negative=19,400(81.2%) | Positive=4,500(18.8%)][0m
2026-08-15 22:45:53,495 | INFO | [95mval_phasic_predictions[Negative=20,630(86.3%) | Positive=3,270(13.7%)][0m
2026-08-15 22:45:53,495 | INFO | [38;5;214mtrain_any_targets[Negative=102,355(80.0%) | Positive=25,625(20.0%)][0m
2026-08-15 22:45:53,496 | INFO | [38;5;214mtrain_any_predictions[Negative=103,361(80.8%) | Positive=24,619(19.2%)][0m
2026-08-15 22:45:53,496 | INFO | [38;5;214mval_any_targets[Negative=17,196(71.9%) | Positive=6,704(28.1%)][0m
2026-08-15 22:45:53,496 | INFO | [38;5;214mval_any_predictions[Negative=17,903(74.9%) | Positive=5,997(25.1%)][0m
2026-08-15 22:46:35,631 | INFO | fold=3 ep=036 train=36.2s val=5.8s [92mtrain_stg_loss=0.3731 train_rswa_loss=0.3895 train_rswa_head_loss(t/p/a)=0.1300/0.1260/0.1334[0m | [93mval_stg_f1=0.6763 val_stg_kappa=0.6785 val_rswa_head_loss(t/p/a)=0.3904/0.1664/0.1724 val_f1(t/p/a)=0.097/0.785/0.891 val_f1_macro=0.5911[0m
2026-08-15 22:46:35,631 | INFO | [92mtrain_stage_targets[W=90,546(14.1%) | N1=34,578(5.4%) | N2=238,847(37.1%) | N3=156,849(24.4%) | REM=122,170(19.0%)][0m
2026-08-15 22:46:35,631 | INFO | [92mtrain_stage_predictions[W=93,998(14.6%) | N1=24,819(3.9%) | N2=252,457(39.3%) | N3=152,821(23.8%) | REM=118,895(18.5%)][0m
2026-08-15 22:46:35,631 | INFO | [92mtrain_move_targets[Negative=98,014(80.2%) | Positive=24,156(19.8%)][0m
2026-08-15 22:46:35,632 | INFO | [92mtrain_move_predictions[Negative=98,395(80.5%) | Positive=23,775(19.5%)][0m
2026-08-15 22:46:35,632 | INFO | [93mval_stage_targets[W=41,124(26.9%) | N1=4,680(3.1%) | N2=47,169(30.9%) | N3=35,969(23.5%) | REM=23,900(15.6%)][0m
2026-08-15 22:46:35,632 | INFO | [93mval_stage_predictions[W=40,307(26.4%) | N1=8,187(5.4%) | N2=54,070(35.4%) | N3=27,707(18.1%) | REM=22,571(14.8%)][0m
2026-08-15 22:46:35,632 | INFO | [94mtrain_tonic_targets[Negative=120,230(98.4%) | Positive=1,940(1.6%)][0m
2026-08-15 22:46:35,632 | INFO | [94mtrain_tonic_predictions[Negative=116,113(95.0%) | Positive=6,057(5.0%)][0m
2026-08-15 22:46:35,632 | INFO | [94mval_tonic_targets[Negative=23,800(99.6%) | Positive=100(0.4%)][0m
2026-08-15 22:46:35,632 | INFO | [94mval_tonic_predictions[Negative=21,940(91.8%) | Positive=1,960(8.2%)][0m
2026-08-15 22:46:35,632 | INFO | [95mtrain_phasic_targets[Negative=110,230(90.2%) | Positive=11,940(9.8%)][0m
2026-08-15 22:46:35,633 | INFO | [95mtrain_phasic_predictions[Negative=102,970(84.3%) | Positive=19,200(15.7%)][0m
2026-08-15 22:46:35,633 | INFO | [95mval_phasic_targets[Negative=19,400(81.2%) | Positive=4,500(18.8%)][0m
2026-08-15 22:46:35,633 | INFO | [95mval_phasic_predictions[Negative=19,920(83.3%) | Positive=3,980(16.7%)][0m
2026-08-15 22:46:35,633 | INFO | [38;5;214mtrain_any_targets[Negative=98,014(80.2%) | Positive=24,156(19.8%)][0m
2026-08-15 22:46:35,633 | INFO | [38;5;214mtrain_any_predictions[Negative=98,818(80.9%) | Positive=23,352(19.1%)][0m
2026-08-15 22:46:35,633 | INFO | [38;5;214mval_any_targets[Negative=17,196(71.9%) | Positive=6,704(28.1%)][0m
2026-08-15 22:46:35,633 | INFO | [38;5;214mval_any_predictions[Negative=16,290(68.2%) | Positive=7,610(31.8%)][0m
2026-08-15 22:46:35,814 | INFO | Fold 3: novo melhor checkpoint na época 36, staging_f1_macro=0.6763
2026-08-15 22:47:18,123 | INFO | fold=3 ep=037 train=36.5s val=5.8s [92mtrain_stg_loss=0.4198 train_rswa_loss=0.3369 train_rswa_head_loss(t/p/a)=0.1153/0.1074/0.1142[0m | [93mval_stg_f1=0.6691 val_stg_kappa=0.6613 val_rswa_head_loss(t/p/a)=0.4723/0.1931/0.2194 val_f1(t/p/a)=0.142/0.751/0.878 val_f1_macro=0.5903[0m
2026-08-15 22:47:18,123 | INFO | [92mtrain_stage_targets[W=101,794(15.8%) | N1=39,479(6.1%) | N2=225,420(35.0%) | N3=158,139(24.6%) | REM=118,668(18.4%)][0m
2026-08-15 22:47:18,123 | INFO | [92mtrain_stage_predictions[W=102,187(15.9%) | N1=32,420(5.0%) | N2=230,511(35.8%) | N3=157,189(24.4%) | REM=121,193(18.8%)][0m
2026-08-15 22:47:18,123 | INFO | [92mtrain_move_targets[Negative=95,286(80.3%) | Positive=23,384(19.7%)][0m
2026-08-15 22:47:18,123 | INFO | [92mtrain_move_predictions[Negative=96,144(81.0%) | Positive=22,526(19.0%)][0m
2026-08-15 22:47:18,124 | INFO | [93mval_stage_targets[W=41,124(26.9%) | N1=4,680(3.1%) | N2=47,169(30.9%) | N3=35,969(23.5%) | REM=23,900(15.6%)][0m
2026-08-15 22:47:18,124 | INFO | [93mval_stage_predictions[W=34,204(22.4%) | N1=7,216(4.7%) | N2=56,327(36.9%) | N3=27,125(17.7%) | REM=27,970(18.3%)][0m
2026-08-15 22:47:18,124 | INFO | [94mtrain_tonic_targets[Negative=116,650(98.3%) | Positive=2,020(1.7%)][0m
2026-08-15 22:47:18,124 | INFO | [94mtrain_tonic_predictions[Negative=111,846(94.2%) | Positive=6,824(5.8%)][0m
2026-08-15 22:47:18,124 | INFO | [94mval_tonic_targets[Negative=23,800(99.6%) | Positive=100(0.4%)][0m
2026-08-15 22:47:18,124 | INFO | [94mval_tonic_predictions[Negative=22,590(94.5%) | Positive=1,310(5.5%)][0m
2026-08-15 22:47:18,124 | INFO | [95mtrain_phasic_targets[Negative=107,280(90.4%) | Positive=11,390(9.6%)][0m
2026-08-15 22:47:18,124 | INFO | [95mtrain_phasic_predictions[Negative=100,763(84.9%) | Positive=17,907(15.1%)][0m
2026-08-15 22:47:18,124 | INFO | [95mval_phasic_targets[Negative=19,400(81.2%) | Positive=4,500(18.8%)][0m
2026-08-15 22:47:18,124 | INFO | [95mval_phasic_predictions[Negative=20,600(86.2%) | Positive=3,300(13.8%)][0m
2026-08-15 22:47:18,124 | INFO | [38;5;214mtrain_any_targets[Negative=95,286(80.3%) | Positive=23,384(19.7%)][0m
2026-08-15 22:47:18,125 | INFO | [38;5;214mtrain_any_predictions[Negative=96,430(81.3%) | Positive=22,240(18.7%)][0m
2026-08-15 22:47:18,125 | INFO | [38;5;214mval_any_targets[Negative=17,196(71.9%) | Positive=6,704(28.1%)][0m
2026-08-15 22:47:18,125 | INFO | [38;5;214mval_any_predictions[Negative=17,396(72.8%) | Positive=6,504(27.2%)][0m
2026-08-15 22:48:02,395 | INFO | fold=3 ep=038 train=38.3s val=5.9s [92mtrain_stg_loss=0.3808 train_rswa_loss=0.3652 train_rswa_head_loss(t/p/a)=0.1165/0.1176/0.1310[0m | [93mval_stg_f1=0.6607 val_stg_kappa=0.6485 val_rswa_head_loss(t/p/a)=0.4314/0.1763/0.2110 val_f1(t/p/a)=0.138/0.803/0.870 val_f1_macro=0.6038[0m
2026-08-15 22:48:02,395 | INFO | [92mtrain_stage_targets[W=119,243(17.6%) | N1=38,820(5.7%) | N2=227,754(33.6%) | N3=164,157(24.2%) | REM=128,756(19.0%)][0m
2026-08-15 22:48:02,395 | INFO | [92mtrain_stage_predictions[W=120,411(17.7%) | N1=27,311(4.0%) | N2=245,321(36.1%) | N3=156,652(23.1%) | REM=129,035(19.0%)][0m
2026-08-15 22:48:02,395 | INFO | [92mtrain_move_targets[Negative=101,761(79.0%) | Positive=26,999(21.0%)][0m
2026-08-15 22:48:02,395 | INFO | [92mtrain_move_predictions[Negative=102,245(79.4%) | Positive=26,515(20.6%)][0m
2026-08-15 22:48:02,395 | INFO | [93mval_stage_targets[W=41,124(26.9%) | N1=4,680(3.1%) | N2=47,169(30.9%) | N3=35,969(23.5%) | REM=23,900(15.6%)][0m
2026-08-15 22:48:02,395 | INFO | [93mval_stage_predictions[W=36,534(23.9%) | N1=10,500(6.9%) | N2=59,487(38.9%) | N3=25,750(16.8%) | REM=20,571(13.5%)][0m
2026-08-15 22:48:02,396 | INFO | [94mtrain_tonic_targets[Negative=127,500(99.0%) | Positive=1,260(1.0%)][0m
2026-08-15 22:48:02,396 | INFO | [94mtrain_tonic_predictions[Negative=121,975(94.7%) | Positive=6,785(5.3%)][0m
2026-08-15 22:48:02,396 | INFO | [94mval_tonic_targets[Negative=23,800(99.6%) | Positive=100(0.4%)][0m
2026-08-15 22:48:02,396 | INFO | [94mval_tonic_predictions[Negative=22,550(94.4%) | Positive=1,350(5.6%)][0m
2026-08-15 22:48:02,396 | INFO | [95mtrain_phasic_targets[Negative=113,760(88.4%) | Positive=15,000(11.6%)][0m
2026-08-15 22:48:02,396 | INFO | [95mtrain_phasic_predictions[Negative=107,142(83.2%) | Positive=21,618(16.8%)][0m
2026-08-15 22:48:02,396 | INFO | [95mval_phasic_targets[Negative=19,400(81.2%) | Positive=4,500(18.8%)][0m
2026-08-15 22:48:02,396 | INFO | [95mval_phasic_predictions[Negative=20,360(85.2%) | Positive=3,540(14.8%)][0m
2026-08-15 22:48:02,396 | INFO | [38;5;214mtrain_any_targets[Negative=101,761(79.0%) | Positive=26,999(21.0%)][0m
2026-08-15 22:48:02,396 | INFO | [38;5;214mtrain_any_predictions[Negative=102,634(79.7%) | Positive=26,126(20.3%)][0m
2026-08-15 22:48:02,396 | INFO | [38;5;214mval_any_targets[Negative=17,196(71.9%) | Positive=6,704(28.1%)][0m
2026-08-15 22:48:02,397 | INFO | [38;5;214mval_any_predictions[Negative=17,499(73.2%) | Positive=6,401(26.8%)][0m
2026-08-15 22:48:45,712 | INFO | fold=3 ep=039 train=37.3s val=5.8s [92mtrain_stg_loss=0.3708 train_rswa_loss=0.3643 train_rswa_head_loss(t/p/a)=0.1234/0.1151/0.1258[0m | [93mval_stg_f1=0.6695 val_stg_kappa=0.6781 val_rswa_head_loss(t/p/a)=0.4001/0.1509/0.1765 val_f1(t/p/a)=0.137/0.856/0.895 val_f1_macro=0.6295[0m
2026-08-15 22:48:45,713 | INFO | [92mtrain_stage_targets[W=108,675(16.4%) | N1=32,756(4.9%) | N2=241,158(36.4%) | N3=154,375(23.3%) | REM=125,076(18.9%)][0m
2026-08-15 22:48:45,713 | INFO | [92mtrain_stage_predictions[W=110,502(16.7%) | N1=19,583(3.0%) | N2=265,066(40.0%) | N3=143,439(21.7%) | REM=123,450(18.6%)][0m
2026-08-15 22:48:45,713 | INFO | [92mtrain_move_targets[Negative=98,671(78.9%) | Positive=26,409(21.1%)][0m
2026-08-15 22:48:45,713 | INFO | [92mtrain_move_predictions[Negative=99,711(79.7%) | Positive=25,369(20.3%)][0m
2026-08-15 22:48:45,713 | INFO | [93mval_stage_targets[W=41,124(26.9%) | N1=4,680(3.1%) | N2=47,169(30.9%) | N3=35,969(23.5%) | REM=23,900(15.6%)][0m
2026-08-15 22:48:45,714 | INFO | [93mval_stage_predictions[W=43,502(28.5%) | N1=5,612(3.7%) | N2=52,344(34.2%) | N3=32,841(21.5%) | REM=18,543(12.1%)][0m
2026-08-15 22:48:45,714 | INFO | [94mtrain_tonic_targets[Negative=123,490(98.7%) | Positive=1,590(1.3%)][0m
2026-08-15 22:48:45,714 | INFO | [94mtrain_tonic_predictions[Negative=119,088(95.2%) | Positive=5,992(4.8%)][0m
2026-08-15 22:48:45,714 | INFO | [94mval_tonic_targets[Negative=23,800(99.6%) | Positive=100(0.4%)][0m
2026-08-15 22:48:45,714 | INFO | [94mval_tonic_predictions[Negative=22,540(94.3%) | Positive=1,360(5.7%)][0m
2026-08-15 22:48:45,714 | INFO | [95mtrain_phasic_targets[Negative=110,230(88.1%) | Positive=14,850(11.9%)][0m
2026-08-15 22:48:45,714 | INFO | [95mtrain_phasic_predictions[Negative=104,079(83.2%) | Positive=21,001(16.8%)][0m
2026-08-15 22:48:45,714 | INFO | [95mval_phasic_targets[Negative=19,400(81.2%) | Positive=4,500(18.8%)][0m
2026-08-15 22:48:45,714 | INFO | [95mval_phasic_predictions[Negative=19,550(81.8%) | Positive=4,350(18.2%)][0m
2026-08-15 22:48:45,715 | INFO | [38;5;214mtrain_any_targets[Negative=98,671(78.9%) | Positive=26,409(21.1%)][0m
2026-08-15 22:48:45,715 | INFO | [38;5;214mtrain_any_predictions[Negative=100,068(80.0%) | Positive=25,012(20.0%)][0m
2026-08-15 22:48:45,715 | INFO | [38;5;214mval_any_targets[Negative=17,196(71.9%) | Positive=6,704(28.1%)][0m
2026-08-15 22:48:45,715 | INFO | [38;5;214mval_any_predictions[Negative=16,748(70.1%) | Positive=7,152(29.9%)][0m
2026-08-15 22:49:30,755 | INFO | fold=3 ep=040 train=39.1s val=5.8s [92mtrain_stg_loss=0.3231 train_rswa_loss=0.3419 train_rswa_head_loss(t/p/a)=0.1130/0.1097/0.1193[0m | [93mval_stg_f1=0.6689 val_stg_kappa=0.6783 val_rswa_head_loss(t/p/a)=0.4519/0.1804/0.2267 val_f1(t/p/a)=0.177/0.809/0.865 val_f1_macro=0.6172[0m
2026-08-15 22:49:30,756 | INFO | [92mtrain_stage_targets[W=119,361(17.4%) | N1=30,946(4.5%) | N2=247,445(36.0%) | N3=160,750(23.4%) | REM=128,138(18.7%)][0m
2026-08-15 22:49:30,756 | INFO | [92mtrain_stage_predictions[W=120,678(17.6%) | N1=20,339(3.0%) | N2=264,929(38.6%) | N3=154,495(22.5%) | REM=126,199(18.4%)][0m
2026-08-15 22:49:30,756 | INFO | [92mtrain_move_targets[Negative=100,580(78.5%) | Positive=27,560(21.5%)][0m
2026-08-15 22:49:30,756 | INFO | [92mtrain_move_predictions[Negative=101,042(78.9%) | Positive=27,098(21.1%)][0m
2026-08-15 22:49:30,756 | INFO | [93mval_stage_targets[W=41,124(26.9%) | N1=4,680(3.1%) | N2=47,169(30.9%) | N3=35,969(23.5%) | REM=23,900(15.6%)][0m
2026-08-15 22:49:30,756 | INFO | [93mval_stage_predictions[W=39,277(25.7%) | N1=3,527(2.3%) | N2=56,686(37.1%) | N3=29,974(19.6%) | REM=23,378(15.3%)][0m
2026-08-15 22:49:30,756 | INFO | [94mtrain_tonic_targets[Negative=126,250(98.5%) | Positive=1,890(1.5%)][0m
2026-08-15 22:49:30,757 | INFO | [94mtrain_tonic_predictions[Negative=121,588(94.9%) | Positive=6,552(5.1%)][0m
2026-08-15 22:49:30,757 | INFO | [94mval_tonic_targets[Negative=23,800(99.6%) | Positive=100(0.4%)][0m
2026-08-15 22:49:30,757 | INFO | [94mval_tonic_predictions[Negative=22,870(95.7%) | Positive=1,030(4.3%)][0m
2026-08-15 22:49:30,757 | INFO | [95mtrain_phasic_targets[Negative=113,200(88.3%) | Positive=14,940(11.7%)][0m
2026-08-15 22:49:30,757 | INFO | [95mtrain_phasic_predictions[Negative=106,039(82.8%) | Positive=22,101(17.2%)][0m
2026-08-15 22:49:30,757 | INFO | [95mval_phasic_targets[Negative=19,400(81.2%) | Positive=4,500(18.8%)][0m
2026-08-15 22:49:30,757 | INFO | [95mval_phasic_predictions[Negative=20,440(85.5%) | Positive=3,460(14.5%)][0m
2026-08-15 22:49:30,757 | INFO | [38;5;214mtrain_any_targets[Negative=100,580(78.5%) | Positive=27,560(21.5%)][0m
2026-08-15 22:49:30,757 | INFO | [38;5;214mtrain_any_predictions[Negative=101,349(79.1%) | Positive=26,791(20.9%)][0m
2026-08-15 22:49:30,757 | INFO | [38;5;214mval_any_targets[Negative=17,196(71.9%) | Positive=6,704(28.1%)][0m
2026-08-15 22:49:30,757 | INFO | [38;5;214mval_any_predictions[Negative=17,755(74.3%) | Positive=6,145(25.7%)][0m
2026-08-15 22:50:13,007 | INFO | fold=3 ep=041 train=36.3s val=5.8s [92mtrain_stg_loss=0.3460 train_rswa_loss=0.2995 train_rswa_head_loss(t/p/a)=0.0913/0.1004/0.1078[0m | [93mval_stg_f1=0.6331 val_stg_kappa=0.6183 val_rswa_head_loss(t/p/a)=0.4399/0.1508/0.1748 val_f1(t/p/a)=0.103/0.850/0.851 val_f1_macro=0.6016[0m
2026-08-15 22:50:13,007 | INFO | [92mtrain_stage_targets[W=80,822(12.6%) | N1=30,529(4.8%) | N2=240,225(37.5%) | N3=158,956(24.8%) | REM=130,028(20.3%)][0m
2026-08-15 22:50:13,007 | INFO | [92mtrain_stage_predictions[W=80,325(12.5%) | N1=25,480(4.0%) | N2=254,464(39.7%) | N3=149,643(23.4%) | REM=130,648(20.4%)][0m
2026-08-15 22:50:13,008 | INFO | [92mtrain_move_targets[Negative=105,545(81.2%) | Positive=24,485(18.8%)][0m
2026-08-15 22:50:13,008 | INFO | [92mtrain_move_predictions[Negative=106,756(82.1%) | Positive=23,274(17.9%)][0m
2026-08-15 22:50:13,008 | INFO | [93mval_stage_targets[W=41,124(26.9%) | N1=4,680(3.1%) | N2=47,169(30.9%) | N3=35,969(23.5%) | REM=23,900(15.6%)][0m
2026-08-15 22:50:13,008 | INFO | [93mval_stage_predictions[W=41,232(27.0%) | N1=6,897(4.5%) | N2=54,042(35.4%) | N3=32,760(21.4%) | REM=17,911(11.7%)][0m
2026-08-15 22:50:13,008 | INFO | [94mtrain_tonic_targets[Negative=128,000(98.4%) | Positive=2,030(1.6%)][0m
2026-08-15 22:50:13,008 | INFO | [94mtrain_tonic_predictions[Negative=124,176(95.5%) | Positive=5,854(4.5%)][0m
2026-08-15 22:50:13,008 | INFO | [94mval_tonic_targets[Negative=23,800(99.6%) | Positive=100(0.4%)][0m
2026-08-15 22:50:13,008 | INFO | [94mval_tonic_predictions[Negative=22,060(92.3%) | Positive=1,840(7.7%)][0m
2026-08-15 22:50:13,008 | INFO | [95mtrain_phasic_targets[Negative=118,390(91.0%) | Positive=11,640(9.0%)][0m
2026-08-15 22:50:13,009 | INFO | [95mtrain_phasic_predictions[Negative=111,217(85.5%) | Positive=18,813(14.5%)][0m
2026-08-15 22:50:13,009 | INFO | [95mval_phasic_targets[Negative=19,400(81.2%) | Positive=4,500(18.8%)][0m
2026-08-15 22:50:13,009 | INFO | [95mval_phasic_predictions[Negative=19,580(81.9%) | Positive=4,320(18.1%)][0m
2026-08-15 22:50:13,009 | INFO | [38;5;214mtrain_any_targets[Negative=105,545(81.2%) | Positive=24,485(18.8%)][0m
2026-08-15 22:50:13,009 | INFO | [38;5;214mtrain_any_predictions[Negative=107,116(82.4%) | Positive=22,914(17.6%)][0m
2026-08-15 22:50:13,009 | INFO | [38;5;214mval_any_targets[Negative=17,196(71.9%) | Positive=6,704(28.1%)][0m
2026-08-15 22:50:13,009 | INFO | [38;5;214mval_any_predictions[Negative=15,692(65.7%) | Positive=8,208(34.3%)][0m
2026-08-15 22:50:55,676 | INFO | fold=3 ep=042 train=36.7s val=5.8s [92mtrain_stg_loss=0.3514 train_rswa_loss=0.3416 train_rswa_head_loss(t/p/a)=0.1107/0.1094/0.1215[0m | [93mval_stg_f1=0.6731 val_stg_kappa=0.6772 val_rswa_head_loss(t/p/a)=0.3714/0.1514/0.1668 val_f1(t/p/a)=0.120/0.832/0.893 val_f1_macro=0.6153[0m
2026-08-15 22:50:55,676 | INFO | [92mtrain_stage_targets[W=97,293(15.0%) | N1=30,669(4.7%) | N2=245,555(37.8%) | N3=148,297(22.9%) | REM=127,176(19.6%)][0m
2026-08-15 22:50:55,677 | INFO | [92mtrain_stage_predictions[W=102,183(15.7%) | N1=21,102(3.3%) | N2=257,876(39.7%) | N3=142,298(21.9%) | REM=125,531(19.3%)][0m
2026-08-15 22:50:55,677 | INFO | [92mtrain_move_targets[Negative=100,678(79.2%) | Positive=26,502(20.8%)][0m
2026-08-15 22:50:55,677 | INFO | [92mtrain_move_predictions[Negative=101,590(79.9%) | Positive=25,590(20.1%)][0m
2026-08-15 22:50:55,677 | INFO | [93mval_stage_targets[W=41,124(26.9%) | N1=4,680(3.1%) | N2=47,169(30.9%) | N3=35,969(23.5%) | REM=23,900(15.6%)][0m
2026-08-15 22:50:55,677 | INFO | [93mval_stage_predictions[W=37,090(24.3%) | N1=7,402(4.8%) | N2=53,851(35.2%) | N3=31,729(20.8%) | REM=22,770(14.9%)][0m
2026-08-15 22:50:55,677 | INFO | [94mtrain_tonic_targets[Negative=125,540(98.7%) | Positive=1,640(1.3%)][0m
2026-08-15 22:50:55,677 | INFO | [94mtrain_tonic_predictions[Negative=121,008(95.1%) | Positive=6,172(4.9%)][0m
2026-08-15 22:50:55,677 | INFO | [94mval_tonic_targets[Negative=23,800(99.6%) | Positive=100(0.4%)][0m
2026-08-15 22:50:55,678 | INFO | [94mval_tonic_predictions[Negative=22,340(93.5%) | Positive=1,560(6.5%)][0m
2026-08-15 22:50:55,678 | INFO | [95mtrain_phasic_targets[Negative=113,580(89.3%) | Positive=13,600(10.7%)][0m
2026-08-15 22:50:55,678 | INFO | [95mtrain_phasic_predictions[Negative=106,524(83.8%) | Positive=20,656(16.2%)][0m
2026-08-15 22:50:55,678 | INFO | [95mval_phasic_targets[Negative=19,400(81.2%) | Positive=4,500(18.8%)][0m
2026-08-15 22:50:55,678 | INFO | [95mval_phasic_predictions[Negative=19,750(82.6%) | Positive=4,150(17.4%)][0m
2026-08-15 22:50:55,678 | INFO | [38;5;214mtrain_any_targets[Negative=100,678(79.2%) | Positive=26,502(20.8%)][0m
2026-08-15 22:50:55,678 | INFO | [38;5;214mtrain_any_predictions[Negative=101,952(80.2%) | Positive=25,228(19.8%)][0m
2026-08-15 22:50:55,678 | INFO | [38;5;214mval_any_targets[Negative=17,196(71.9%) | Positive=6,704(28.1%)][0m
2026-08-15 22:50:55,678 | INFO | [38;5;214mval_any_predictions[Negative=16,541(69.2%) | Positive=7,359(30.8%)][0m
2026-08-15 22:51:39,258 | INFO | fold=3 ep=043 train=37.6s val=5.9s [92mtrain_stg_loss=0.3677 train_rswa_loss=0.3289 train_rswa_head_loss(t/p/a)=0.1039/0.1091/0.1159[0m | [93mval_stg_f1=0.6610 val_stg_kappa=0.6680 val_rswa_head_loss(t/p/a)=0.4484/0.1595/0.1828 val_f1(t/p/a)=0.143/0.810/0.883 val_f1_macro=0.6122[0m
2026-08-15 22:51:39,259 | INFO | [92mtrain_stage_targets[W=94,128(14.1%) | N1=31,447(4.7%) | N2=250,676(37.6%) | N3=163,769(24.5%) | REM=127,340(19.1%)][0m
2026-08-15 22:51:39,259 | INFO | [92mtrain_stage_predictions[W=96,198(14.4%) | N1=25,884(3.9%) | N2=275,109(41.2%) | N3=147,141(22.0%) | REM=123,028(18.4%)][0m
2026-08-15 22:51:39,259 | INFO | [92mtrain_move_targets[Negative=101,076(79.4%) | Positive=26,264(20.6%)][0m
2026-08-15 22:51:39,259 | INFO | [92mtrain_move_predictions[Negative=101,524(79.7%) | Positive=25,816(20.3%)][0m
2026-08-15 22:51:39,259 | INFO | [93mval_stage_targets[W=41,124(26.9%) | N1=4,680(3.1%) | N2=47,169(30.9%) | N3=35,969(23.5%) | REM=23,900(15.6%)][0m
2026-08-15 22:51:39,259 | INFO | [93mval_stage_predictions[W=44,304(29.0%) | N1=4,981(3.3%) | N2=46,313(30.3%) | N3=37,212(24.3%) | REM=20,032(13.1%)][0m
2026-08-15 22:51:39,259 | INFO | [94mtrain_tonic_targets[Negative=125,140(98.3%) | Positive=2,200(1.7%)][0m
2026-08-15 22:51:39,260 | INFO | [94mtrain_tonic_predictions[Negative=121,096(95.1%) | Positive=6,244(4.9%)][0m
2026-08-15 22:51:39,260 | INFO | [94mval_tonic_targets[Negative=23,800(99.6%) | Positive=100(0.4%)][0m
2026-08-15 22:51:39,260 | INFO | [94mval_tonic_predictions[Negative=22,600(94.6%) | Positive=1,300(5.4%)][0m
2026-08-15 22:51:39,260 | INFO | [95mtrain_phasic_targets[Negative=113,560(89.2%) | Positive=13,780(10.8%)][0m
2026-08-15 22:51:39,260 | INFO | [95mtrain_phasic_predictions[Negative=106,570(83.7%) | Positive=20,770(16.3%)][0m
2026-08-15 22:51:39,260 | INFO | [95mval_phasic_targets[Negative=19,400(81.2%) | Positive=4,500(18.8%)][0m
2026-08-15 22:51:39,260 | INFO | [95mval_phasic_predictions[Negative=20,330(85.1%) | Positive=3,570(14.9%)][0m
2026-08-15 22:51:39,260 | INFO | [38;5;214mtrain_any_targets[Negative=101,076(79.4%) | Positive=26,264(20.6%)][0m
2026-08-15 22:51:39,260 | INFO | [38;5;214mtrain_any_predictions[Negative=101,829(80.0%) | Positive=25,511(20.0%)][0m
2026-08-15 22:51:39,261 | INFO | [38;5;214mval_any_targets[Negative=17,196(71.9%) | Positive=6,704(28.1%)][0m
2026-08-15 22:51:39,261 | INFO | [38;5;214mval_any_predictions[Negative=17,129(71.7%) | Positive=6,771(28.3%)][0m
2026-08-15 22:52:21,991 | INFO | fold=3 ep=044 train=36.8s val=5.8s [92mtrain_stg_loss=0.3294 train_rswa_loss=0.3184 train_rswa_head_loss(t/p/a)=0.0928/0.1059/0.1198[0m | [93mval_stg_f1=0.6835 val_stg_kappa=0.6843 val_rswa_head_loss(t/p/a)=0.4255/0.1717/0.1634 val_f1(t/p/a)=0.116/0.779/0.894 val_f1_macro=0.5963[0m
2026-08-15 22:52:21,991 | INFO | [92mtrain_stage_targets[W=109,900(16.8%) | N1=33,948(5.2%) | N2=231,314(35.5%) | N3=156,670(24.0%) | REM=120,398(18.5%)][0m
2026-08-15 22:52:21,991 | INFO | [92mtrain_stage_predictions[W=111,969(17.2%) | N1=25,048(3.8%) | N2=243,442(37.3%) | N3=150,517(23.1%) | REM=121,254(18.6%)][0m
2026-08-15 22:52:21,992 | INFO | [92mtrain_move_targets[Negative=94,181(78.2%) | Positive=26,219(21.8%)][0m
2026-08-15 22:52:21,992 | INFO | [92mtrain_move_predictions[Negative=94,855(78.8%) | Positive=25,545(21.2%)][0m
2026-08-15 22:52:21,992 | INFO | [93mval_stage_targets[W=41,124(26.9%) | N1=4,680(3.1%) | N2=47,169(30.9%) | N3=35,969(23.5%) | REM=23,900(15.6%)][0m
2026-08-15 22:52:21,992 | INFO | [93mval_stage_predictions[W=38,785(25.4%) | N1=6,371(4.2%) | N2=54,070(35.4%) | N3=29,758(19.5%) | REM=23,858(15.6%)][0m
2026-08-15 22:52:21,992 | INFO | [94mtrain_tonic_targets[Negative=118,490(98.4%) | Positive=1,910(1.6%)][0m
2026-08-15 22:52:21,992 | INFO | [94mtrain_tonic_predictions[Negative=114,229(94.9%) | Positive=6,171(5.1%)][0m
2026-08-15 22:52:21,992 | INFO | [94mval_tonic_targets[Negative=23,800(99.6%) | Positive=100(0.4%)][0m
2026-08-15 22:52:21,992 | INFO | [94mval_tonic_predictions[Negative=22,280(93.2%) | Positive=1,620(6.8%)][0m
2026-08-15 22:52:21,992 | INFO | [95mtrain_phasic_targets[Negative=106,530(88.5%) | Positive=13,870(11.5%)][0m
2026-08-15 22:52:21,993 | INFO | [95mtrain_phasic_predictions[Negative=99,740(82.8%) | Positive=20,660(17.2%)][0m
2026-08-15 22:52:21,993 | INFO | [95mval_phasic_targets[Negative=19,400(81.2%) | Positive=4,500(18.8%)][0m
2026-08-15 22:52:21,993 | INFO | [95mval_phasic_predictions[Negative=20,180(84.4%) | Positive=3,720(15.6%)][0m
2026-08-15 22:52:21,993 | INFO | [38;5;214mtrain_any_targets[Negative=94,181(78.2%) | Positive=26,219(21.8%)][0m
2026-08-15 22:52:21,993 | INFO | [38;5;214mtrain_any_predictions[Negative=95,195(79.1%) | Positive=25,205(20.9%)][0m
2026-08-15 22:52:21,993 | INFO | [38;5;214mval_any_targets[Negative=17,196(71.9%) | Positive=6,704(28.1%)][0m
2026-08-15 22:52:21,993 | INFO | [38;5;214mval_any_predictions[Negative=16,474(68.9%) | Positive=7,426(31.1%)][0m
2026-08-15 22:52:22,180 | INFO | Fold 3: novo melhor checkpoint na época 44, staging_f1_macro=0.6835
2026-08-15 22:53:04,987 | INFO | fold=3 ep=045 train=37.0s val=5.8s [92mtrain_stg_loss=0.3224 train_rswa_loss=0.3157 train_rswa_head_loss(t/p/a)=0.1027/0.1034/0.1095[0m | [93mval_stg_f1=0.6786 val_stg_kappa=0.6840 val_rswa_head_loss(t/p/a)=0.5625/0.1772/0.2002 val_f1(t/p/a)=0.155/0.780/0.867 val_f1_macro=0.6008[0m
2026-08-15 22:53:04,988 | INFO | [92mtrain_stage_targets[W=104,023(15.9%) | N1=32,849(5.0%) | N2=246,598(37.7%) | N3=150,550(23.0%) | REM=120,280(18.4%)][0m
2026-08-15 22:53:04,988 | INFO | [92mtrain_stage_predictions[W=105,166(16.1%) | N1=25,344(3.9%) | N2=256,869(39.3%) | N3=146,924(22.5%) | REM=119,997(18.3%)][0m
2026-08-15 22:53:04,988 | INFO | [92mtrain_move_targets[Negative=95,399(79.3%) | Positive=24,881(20.7%)][0m
2026-08-15 22:53:04,988 | INFO | [92mtrain_move_predictions[Negative=95,923(79.7%) | Positive=24,357(20.3%)][0m
2026-08-15 22:53:04,988 | INFO | [93mval_stage_targets[W=41,124(26.9%) | N1=4,680(3.1%) | N2=47,169(30.9%) | N3=35,969(23.5%) | REM=23,900(15.6%)][0m
2026-08-15 22:53:04,988 | INFO | [93mval_stage_predictions[W=41,475(27.1%) | N1=6,801(4.4%) | N2=51,154(33.5%) | N3=31,257(20.5%) | REM=22,155(14.5%)][0m
2026-08-15 22:53:04,988 | INFO | [94mtrain_tonic_targets[Negative=118,020(98.1%) | Positive=2,260(1.9%)][0m
2026-08-15 22:53:04,988 | INFO | [94mtrain_tonic_predictions[Negative=113,740(94.6%) | Positive=6,540(5.4%)][0m
2026-08-15 22:53:04,989 | INFO | [94mval_tonic_targets[Negative=23,800(99.6%) | Positive=100(0.4%)][0m
2026-08-15 22:53:04,989 | INFO | [94mval_tonic_predictions[Negative=22,840(95.6%) | Positive=1,060(4.4%)][0m
2026-08-15 22:53:04,989 | INFO | [95mtrain_phasic_targets[Negative=107,930(89.7%) | Positive=12,350(10.3%)][0m
2026-08-15 22:53:04,989 | INFO | [95mtrain_phasic_predictions[Negative=101,334(84.2%) | Positive=18,946(15.8%)][0m
2026-08-15 22:53:04,989 | INFO | [95mval_phasic_targets[Negative=19,400(81.2%) | Positive=4,500(18.8%)][0m
2026-08-15 22:53:04,989 | INFO | [95mval_phasic_predictions[Negative=20,450(85.6%) | Positive=3,450(14.4%)][0m
2026-08-15 22:53:04,989 | INFO | [38;5;214mtrain_any_targets[Negative=95,399(79.3%) | Positive=24,881(20.7%)][0m
2026-08-15 22:53:04,989 | INFO | [38;5;214mtrain_any_predictions[Negative=96,288(80.1%) | Positive=23,992(19.9%)][0m
2026-08-15 22:53:04,989 | INFO | [38;5;214mval_any_targets[Negative=17,196(71.9%) | Positive=6,704(28.1%)][0m
2026-08-15 22:53:04,989 | INFO | [38;5;214mval_any_predictions[Negative=17,147(71.7%) | Positive=6,753(28.3%)][0m
2026-08-15 22:53:46,992 | INFO | fold=3 ep=046 train=36.0s val=5.8s [92mtrain_stg_loss=0.3321 train_rswa_loss=0.2829 train_rswa_head_loss(t/p/a)=0.0808/0.0951/0.1069[0m | [93mval_stg_f1=0.6761 val_stg_kappa=0.6860 val_rswa_head_loss(t/p/a)=0.5211/0.1872/0.2132 val_f1(t/p/a)=0.167/0.739/0.863 val_f1_macro=0.5896[0m
2026-08-15 22:53:46,992 | INFO | [92mtrain_stage_targets[W=88,107(13.8%) | N1=29,859(4.7%) | N2=244,247(38.2%) | N3=154,857(24.2%) | REM=122,800(19.2%)][0m
2026-08-15 22:53:46,992 | INFO | [92mtrain_stage_predictions[W=87,661(13.7%) | N1=24,887(3.9%) | N2=255,283(39.9%) | N3=149,393(23.3%) | REM=122,646(19.2%)][0m
2026-08-15 22:53:46,992 | INFO | [92mtrain_move_targets[Negative=98,196(80.0%) | Positive=24,604(20.0%)][0m
2026-08-15 22:53:46,992 | INFO | [92mtrain_move_predictions[Negative=99,290(80.9%) | Positive=23,510(19.1%)][0m
2026-08-15 22:53:46,992 | INFO | [93mval_stage_targets[W=41,124(26.9%) | N1=4,680(3.1%) | N2=47,169(30.9%) | N3=35,969(23.5%) | REM=23,900(15.6%)][0m
2026-08-15 22:53:46,992 | INFO | [93mval_stage_predictions[W=42,327(27.7%) | N1=4,627(3.0%) | N2=50,824(33.3%) | N3=33,835(22.1%) | REM=21,229(13.9%)][0m
2026-08-15 22:53:46,992 | INFO | [94mtrain_tonic_targets[Negative=120,920(98.5%) | Positive=1,880(1.5%)][0m
2026-08-15 22:53:46,993 | INFO | [94mtrain_tonic_predictions[Negative=117,305(95.5%) | Positive=5,495(4.5%)][0m
2026-08-15 22:53:46,993 | INFO | [94mval_tonic_targets[Negative=23,800(99.6%) | Positive=100(0.4%)][0m
2026-08-15 22:53:46,993 | INFO | [94mval_tonic_predictions[Negative=22,920(95.9%) | Positive=980(4.1%)][0m
2026-08-15 22:53:46,993 | INFO | [95mtrain_phasic_targets[Negative=110,770(90.2%) | Positive=12,030(9.8%)][0m
2026-08-15 22:53:46,993 | INFO | [95mtrain_phasic_predictions[Negative=104,024(84.7%) | Positive=18,776(15.3%)][0m
2026-08-15 22:53:46,993 | INFO | [95mval_phasic_targets[Negative=19,400(81.2%) | Positive=4,500(18.8%)][0m
2026-08-15 22:53:46,993 | INFO | [95mval_phasic_predictions[Negative=20,740(86.8%) | Positive=3,160(13.2%)][0m
2026-08-15 22:53:46,993 | INFO | [38;5;214mtrain_any_targets[Negative=98,196(80.0%) | Positive=24,604(20.0%)][0m
2026-08-15 22:53:46,993 | INFO | [38;5;214mtrain_any_predictions[Negative=99,610(81.1%) | Positive=23,190(18.9%)][0m
2026-08-15 22:53:46,993 | INFO | [38;5;214mval_any_targets[Negative=17,196(71.9%) | Positive=6,704(28.1%)][0m
2026-08-15 22:53:46,993 | INFO | [38;5;214mval_any_predictions[Negative=17,624(73.7%) | Positive=6,276(26.3%)][0m
2026-08-15 22:54:29,824 | INFO | fold=3 ep=047 train=36.8s val=5.8s [92mtrain_stg_loss=0.3327 train_rswa_loss=0.2969 train_rswa_head_loss(t/p/a)=0.0863/0.0987/0.1118[0m | [93mval_stg_f1=0.6543 val_stg_kappa=0.6418 val_rswa_head_loss(t/p/a)=0.4338/0.1574/0.1650 val_f1(t/p/a)=0.127/0.800/0.884 val_f1_macro=0.6032[0m
2026-08-15 22:54:29,825 | INFO | [92mtrain_stage_targets[W=96,710(14.8%) | N1=32,439(5.0%) | N2=240,774(36.9%) | N3=157,340(24.1%) | REM=126,057(19.3%)][0m
2026-08-15 22:54:29,825 | INFO | [92mtrain_stage_predictions[W=96,888(14.8%) | N1=26,688(4.1%) | N2=250,667(38.4%) | N3=152,079(23.3%) | REM=126,998(19.4%)][0m
2026-08-15 22:54:29,825 | INFO | [92mtrain_move_targets[Negative=100,259(79.5%) | Positive=25,801(20.5%)][0m
2026-08-15 22:54:29,825 | INFO | [92mtrain_move_predictions[Negative=100,721(79.9%) | Positive=25,339(20.1%)][0m
2026-08-15 22:54:29,825 | INFO | [93mval_stage_targets[W=41,124(26.9%) | N1=4,680(3.1%) | N2=47,169(30.9%) | N3=35,969(23.5%) | REM=23,900(15.6%)][0m
2026-08-15 22:54:29,825 | INFO | [93mval_stage_predictions[W=31,034(20.3%) | N1=7,135(4.7%) | N2=60,523(39.6%) | N3=26,828(17.6%) | REM=27,322(17.9%)][0m
2026-08-15 22:54:29,825 | INFO | [94mtrain_tonic_targets[Negative=124,640(98.9%) | Positive=1,420(1.1%)][0m
2026-08-15 22:54:29,825 | INFO | [94mtrain_tonic_predictions[Negative=120,534(95.6%) | Positive=5,526(4.4%)][0m
2026-08-15 22:54:29,825 | INFO | [94mval_tonic_targets[Negative=23,800(99.6%) | Positive=100(0.4%)][0m
2026-08-15 22:54:29,826 | INFO | [94mval_tonic_predictions[Negative=22,420(93.8%) | Positive=1,480(6.2%)][0m
2026-08-15 22:54:29,826 | INFO | [95mtrain_phasic_targets[Negative=112,590(89.3%) | Positive=13,470(10.7%)][0m
2026-08-15 22:54:29,826 | INFO | [95mtrain_phasic_predictions[Negative=105,576(83.8%) | Positive=20,484(16.2%)][0m
2026-08-15 22:54:29,826 | INFO | [95mval_phasic_targets[Negative=19,400(81.2%) | Positive=4,500(18.8%)][0m
2026-08-15 22:54:29,826 | INFO | [95mval_phasic_predictions[Negative=20,120(84.2%) | Positive=3,780(15.8%)][0m
2026-08-15 22:54:29,826 | INFO | [38;5;214mtrain_any_targets[Negative=100,259(79.5%) | Positive=25,801(20.5%)][0m
2026-08-15 22:54:29,826 | INFO | [38;5;214mtrain_any_predictions[Negative=101,092(80.2%) | Positive=24,968(19.8%)][0m
2026-08-15 22:54:29,826 | INFO | [38;5;214mval_any_targets[Negative=17,196(71.9%) | Positive=6,704(28.1%)][0m
2026-08-15 22:54:29,826 | INFO | [38;5;214mval_any_predictions[Negative=16,631(69.6%) | Positive=7,269(30.4%)][0m
2026-08-15 22:55:12,663 | INFO | fold=3 ep=048 train=36.9s val=5.8s [92mtrain_stg_loss=0.3267 train_rswa_loss=0.3585 train_rswa_head_loss(t/p/a)=0.1269/0.1132/0.1184[0m | [93mval_stg_f1=0.6752 val_stg_kappa=0.6774 val_rswa_head_loss(t/p/a)=0.4884/0.1669/0.1787 val_f1(t/p/a)=0.127/0.781/0.863 val_f1_macro=0.5906[0m
2026-08-15 22:55:12,663 | INFO | [92mtrain_stage_targets[W=92,521(14.2%) | N1=31,488(4.8%) | N2=236,277(36.3%) | N3=162,827(25.0%) | REM=127,197(19.6%)][0m
2026-08-15 22:55:12,663 | INFO | [92mtrain_stage_predictions[W=93,373(14.4%) | N1=23,415(3.6%) | N2=253,147(38.9%) | N3=151,296(23.3%) | REM=129,079(19.8%)][0m
2026-08-15 22:55:12,663 | INFO | [92mtrain_move_targets[Negative=100,295(78.8%) | Positive=26,905(21.2%)][0m
2026-08-15 22:55:12,664 | INFO | [92mtrain_move_predictions[Negative=101,356(79.7%) | Positive=25,844(20.3%)][0m
2026-08-15 22:55:12,664 | INFO | [93mval_stage_targets[W=41,124(26.9%) | N1=4,680(3.1%) | N2=47,169(30.9%) | N3=35,969(23.5%) | REM=23,900(15.6%)][0m
2026-08-15 22:55:12,664 | INFO | [93mval_stage_predictions[W=38,960(25.5%) | N1=6,186(4.0%) | N2=55,133(36.1%) | N3=30,878(20.2%) | REM=21,685(14.2%)][0m
2026-08-15 22:55:12,664 | INFO | [94mtrain_tonic_targets[Negative=125,040(98.3%) | Positive=2,160(1.7%)][0m
2026-08-15 22:55:12,664 | INFO | [94mtrain_tonic_predictions[Negative=120,956(95.1%) | Positive=6,244(4.9%)][0m
2026-08-15 22:55:12,664 | INFO | [94mval_tonic_targets[Negative=23,800(99.6%) | Positive=100(0.4%)][0m
2026-08-15 22:55:12,664 | INFO | [94mval_tonic_predictions[Negative=22,430(93.8%) | Positive=1,470(6.2%)][0m
2026-08-15 22:55:12,664 | INFO | [95mtrain_phasic_targets[Negative=113,440(89.2%) | Positive=13,760(10.8%)][0m
2026-08-15 22:55:12,664 | INFO | [95mtrain_phasic_predictions[Negative=106,707(83.9%) | Positive=20,493(16.1%)][0m
2026-08-15 22:55:12,664 | INFO | [95mval_phasic_targets[Negative=19,400(81.2%) | Positive=4,500(18.8%)][0m
2026-08-15 22:55:12,665 | INFO | [95mval_phasic_predictions[Negative=20,360(85.2%) | Positive=3,540(14.8%)][0m
2026-08-15 22:55:12,665 | INFO | [38;5;214mtrain_any_targets[Negative=100,295(78.8%) | Positive=26,905(21.2%)][0m
2026-08-15 22:55:12,665 | INFO | [38;5;214mtrain_any_predictions[Negative=101,683(79.9%) | Positive=25,517(20.1%)][0m
2026-08-15 22:55:12,665 | INFO | [38;5;214mval_any_targets[Negative=17,196(71.9%) | Positive=6,704(28.1%)][0m
2026-08-15 22:55:12,665 | INFO | [38;5;214mval_any_predictions[Negative=16,698(69.9%) | Positive=7,202(30.1%)][0m
2026-08-15 22:55:55,599 | INFO | fold=3 ep=049 train=37.0s val=5.8s [92mtrain_stg_loss=0.3213 train_rswa_loss=0.2589 train_rswa_head_loss(t/p/a)=0.0668/0.0867/0.1054[0m | [93mval_stg_f1=0.6654 val_stg_kappa=0.6531 val_rswa_head_loss(t/p/a)=0.6092/0.1958/0.2113 val_f1(t/p/a)=0.175/0.746/0.871 val_f1_macro=0.5971[0m
2026-08-15 22:55:55,599 | INFO | [92mtrain_stage_targets[W=84,408(12.9%) | N1=29,690(4.5%) | N2=244,476(37.3%) | N3=167,459(25.6%) | REM=128,737(19.7%)][0m
2026-08-15 22:55:55,600 | INFO | [92mtrain_stage_predictions[W=85,505(13.1%) | N1=24,080(3.7%) | N2=254,253(38.8%) | N3=161,981(24.7%) | REM=128,951(19.7%)][0m
2026-08-15 22:55:55,600 | INFO | [92mtrain_move_targets[Negative=103,581(80.5%) | Positive=25,159(19.5%)][0m
2026-08-15 22:55:55,600 | INFO | [92mtrain_move_predictions[Negative=104,610(81.3%) | Positive=24,130(18.7%)][0m
2026-08-15 22:55:55,600 | INFO | [93mval_stage_targets[W=41,124(26.9%) | N1=4,680(3.1%) | N2=47,169(30.9%) | N3=35,969(23.5%) | REM=23,900(15.6%)][0m
2026-08-15 22:55:55,600 | INFO | [93mval_stage_predictions[W=33,825(22.1%) | N1=7,758(5.1%) | N2=51,033(33.4%) | N3=30,629(20.0%) | REM=29,597(19.4%)][0m
2026-08-15 22:55:55,600 | INFO | [94mtrain_tonic_targets[Negative=126,800(98.5%) | Positive=1,940(1.5%)][0m
2026-08-15 22:55:55,600 | INFO | [94mtrain_tonic_predictions[Negative=123,559(96.0%) | Positive=5,181(4.0%)][0m
2026-08-15 22:55:55,600 | INFO | [94mval_tonic_targets[Negative=23,800(99.6%) | Positive=100(0.4%)][0m
2026-08-15 22:55:55,600 | INFO | [94mval_tonic_predictions[Negative=22,970(96.1%) | Positive=930(3.9%)][0m
2026-08-15 22:55:55,601 | INFO | [95mtrain_phasic_targets[Negative=116,530(90.5%) | Positive=12,210(9.5%)][0m
2026-08-15 22:55:55,601 | INFO | [95mtrain_phasic_predictions[Negative=109,771(85.3%) | Positive=18,969(14.7%)][0m
2026-08-15 22:55:55,601 | INFO | [95mval_phasic_targets[Negative=19,400(81.2%) | Positive=4,500(18.8%)][0m
2026-08-15 22:55:55,601 | INFO | [95mval_phasic_predictions[Negative=20,810(87.1%) | Positive=3,090(12.9%)][0m
2026-08-15 22:55:55,601 | INFO | [38;5;214mtrain_any_targets[Negative=103,581(80.5%) | Positive=25,159(19.5%)][0m
2026-08-15 22:55:55,601 | INFO | [38;5;214mtrain_any_predictions[Negative=104,990(81.6%) | Positive=23,750(18.4%)][0m
2026-08-15 22:55:55,601 | INFO | [38;5;214mval_any_targets[Negative=17,196(71.9%) | Positive=6,704(28.1%)][0m
2026-08-15 22:55:55,601 | INFO | [38;5;214mval_any_predictions[Negative=17,574(73.5%) | Positive=6,326(26.5%)][0m
2026-08-15 22:56:38,071 | INFO | fold=3 ep=050 train=36.5s val=5.8s [92mtrain_stg_loss=0.3406 train_rswa_loss=0.3136 train_rswa_head_loss(t/p/a)=0.0942/0.1021/0.1173[0m | [93mval_stg_f1=0.6724 val_stg_kappa=0.6744 val_rswa_head_loss(t/p/a)=0.4636/0.1801/0.1957 val_f1(t/p/a)=0.157/0.769/0.880 val_f1_macro=0.6019[0m
2026-08-15 22:56:38,072 | INFO | [92mtrain_stage_targets[W=100,504(15.4%) | N1=32,128(4.9%) | N2=257,330(39.5%) | N3=142,920(22.0%) | REM=117,898(18.1%)][0m
2026-08-15 22:56:38,072 | INFO | [92mtrain_stage_predictions[W=100,244(15.4%) | N1=25,966(4.0%) | N2=267,990(41.2%) | N3=137,143(21.1%) | REM=119,437(18.4%)][0m
2026-08-15 22:56:38,072 | INFO | [92mtrain_move_targets[Negative=92,386(78.4%) | Positive=25,514(21.6%)][0m
2026-08-15 22:56:38,072 | INFO | [92mtrain_move_predictions[Negative=92,964(78.8%) | Positive=24,936(21.2%)][0m
2026-08-15 22:56:38,072 | INFO | [93mval_stage_targets[W=41,124(26.9%) | N1=4,680(3.1%) | N2=47,169(30.9%) | N3=35,969(23.5%) | REM=23,900(15.6%)][0m
2026-08-15 22:56:38,072 | INFO | [93mval_stage_predictions[W=39,285(25.7%) | N1=8,853(5.8%) | N2=51,609(33.8%) | N3=31,640(20.7%) | REM=21,455(14.0%)][0m
2026-08-15 22:56:38,073 | INFO | [94mtrain_tonic_targets[Negative=115,630(98.1%) | Positive=2,270(1.9%)][0m
2026-08-15 22:56:38,073 | INFO | [94mtrain_tonic_predictions[Negative=112,181(95.1%) | Positive=5,719(4.9%)][0m
2026-08-15 22:56:38,073 | INFO | [94mval_tonic_targets[Negative=23,800(99.6%) | Positive=100(0.4%)][0m
2026-08-15 22:56:38,073 | INFO | [94mval_tonic_predictions[Negative=22,850(95.6%) | Positive=1,050(4.4%)][0m
2026-08-15 22:56:38,073 | INFO | [95mtrain_phasic_targets[Negative=105,320(89.3%) | Positive=12,580(10.7%)][0m
2026-08-15 22:56:38,073 | INFO | [95mtrain_phasic_predictions[Negative=98,658(83.7%) | Positive=19,242(16.3%)][0m
2026-08-15 22:56:38,073 | INFO | [95mval_phasic_targets[Negative=19,400(81.2%) | Positive=4,500(18.8%)][0m
2026-08-15 22:56:38,073 | INFO | [95mval_phasic_predictions[Negative=20,700(86.6%) | Positive=3,200(13.4%)][0m
2026-08-15 22:56:38,073 | INFO | [38;5;214mtrain_any_targets[Negative=92,386(78.4%) | Positive=25,514(21.6%)][0m
2026-08-15 22:56:38,073 | INFO | [38;5;214mtrain_any_predictions[Negative=93,259(79.1%) | Positive=24,641(20.9%)][0m
2026-08-15 22:56:38,073 | INFO | [38;5;214mval_any_targets[Negative=17,196(71.9%) | Positive=6,704(28.1%)][0m
2026-08-15 22:56:38,074 | INFO | [38;5;214mval_any_predictions[Negative=17,683(74.0%) | Positive=6,217(26.0%)][0m
2026-08-15 22:56:53,441 | INFO | Fold 4 TREINO: exames=63 | estágios[W=132,170(20.3%) | N1=30,370(4.7%) | N2=232,070(35.6%) | N3=149,470(22.9%) | REM=107,540(16.5%)] | movimento=22,497/107,540 (20.92% das avaliáveis; avaliáveis=16.5% do total de 651,620 mini-épocas)
2026-08-15 22:56:53,442 | INFO | Fold 4 VALIDAÇÃO: exames=16 | estágios[W=26,740(16.7%) | N1=8,200(5.1%) | N2=58,270(36.4%) | N3=37,340(23.3%) | REM=29,520(18.4%)] | movimento=5,529/29,520 (18.73% das avaliáveis; avaliáveis=18.4% do total de 160,070 mini-épocas)
2026-08-15 22:56:53,445 | INFO | Fold 4: sujeitos com tonic -> treino=30/63 validação=8/16 | oversample_tonic_subjects=True tonic_subject_weight=20.00
2026-08-15 22:56:53,496 | INFO | [MODEL] shared_joint_system | trainable_params=1,443,952
2026-08-15 22:56:53,497 | INFO | SharedBiMambaJointSystem(
  (staging_encoder): StagingCNNEncoder(
    (branches): ModuleList(
      (0): MultiKernelCNNBranch(
        (paths): ModuleList(
          (0): Sequential(
            (0): Conv1d(3, 22, kernel_size=(30,), stride=(1,), padding=(15,), bias=False)
            (1): GroupNorm(2, 22, eps=1e-05, affine=True)
            (2): ReLU(inplace=True)
            (3): MaxPool1d(kernel_size=2, stride=2, padding=0, dilation=1, ceil_mode=False)
          )
          (1): Sequential(
            (0): Conv1d(3, 21, kernel_size=(70,), stride=(1,), padding=(35,), bias=False)
            (1): GroupNorm(7, 21, eps=1e-05, affine=True)
            (2): ReLU(inplace=True)
            (3): MaxPool1d(kernel_size=2, stride=2, padding=0, dilation=1, ceil_mode=False)
          )
          (2): Sequential(
            (0): Conv1d(3, 21, kernel_size=(150,), stride=(1,), padding=(75,), bias=False)
            (1): GroupNorm(7, 21, eps=1e-05, affine=True)
            (2): ReLU(inplace=True)
            (3): MaxPool1d(kernel_size=2, stride=2, padding=0, dilation=1, ceil_mode=False)
          )
        )
        (drop): Dropout(p=0.35, inplace=False)
      )
      (1): MultiKernelCNNBranch(
        (paths): ModuleList(
          (0): Sequential(
            (0): Conv1d(1, 22, kernel_size=(50,), stride=(1,), padding=(25,), bias=False)
            (1): GroupNorm(2, 22, eps=1e-05, affine=True)
            (2): ReLU(inplace=True)
            (3): MaxPool1d(kernel_size=2, stride=2, padding=0, dilation=1, ceil_mode=False)
          )
          (1): Sequential(
            (0): Conv1d(1, 21, kernel_size=(150,), stride=(1,), padding=(75,), bias=False)
            (1): GroupNorm(7, 21, eps=1e-05, affine=True)
            (2): ReLU(inplace=True)
            (3): MaxPool1d(kernel_size=2, stride=2, padding=0, dilation=1, ceil_mode=False)
          )
          (2): Sequential(
            (0): Conv1d(1, 21, kernel_size=(250,), stride=(1,), padding=(125,), bias=False)
            (1): GroupNorm(7, 21, eps=1e-05, affine=True)
            (2): ReLU(inplace=True)
            (3): MaxPool1d(kernel_size=2, stride=2, padding=0, dilation=1, ceil_mode=False)
          )
        )
        (drop): Dropout(p=0.35, inplace=False)
      )
    )
    (se_global): SEBlock(
      (fc): Sequential(
        (0): AdaptiveAvgPool1d(output_size=1)
        (1): Flatten(start_dim=1, end_dim=-1)
        (2): Linear(in_features=128, out_features=16, bias=False)
        (3): ReLU(inplace=True)
        (4): Linear(in_features=16, out_features=128, bias=False)
        (5): Sigmoid()
      )
    )
    (refine): Sequential(
      (0): Conv1d(128, 128, kernel_size=(5,), stride=(1,), padding=(2,), bias=False)
      (1): GroupNorm(8, 128, eps=1e-05, affine=True)
      (2): ReLU(inplace=True)
      (3): MaxPool1d(kernel_size=2, stride=2, padding=0, dilation=1, ceil_mode=False)
      (4): Conv1d(128, 256, kernel_size=(3,), stride=(1,), padding=(1,), bias=False)
      (5): GroupNorm(8, 256, eps=1e-05, affine=True)
      (6): ReLU(inplace=True)
    )
    (pool): AdaptiveAvgPool1d(output_size=1)
  )
  (rswa_encoder): RSWAFeatureEncoder(
    (paths): ModuleList(
      (0): Sequential(
        (0): Conv1d(2, 22, kernel_size=(50,), stride=(1,), padding=(25,), bias=False)
        (1): GroupNorm(2, 22, eps=1e-05, affine=True)
        (2): ReLU(inplace=True)
        (3): MaxPool1d(kernel_size=2, stride=2, padding=0, dilation=1, ceil_mode=False)
      )
      (1): Sequential(
        (0): Conv1d(2, 21, kernel_size=(150,), stride=(1,), padding=(75,), bias=False)
        (1): GroupNorm(7, 21, eps=1e-05, affine=True)
        (2): ReLU(inplace=True)
        (3): MaxPool1d(kernel_size=2, stride=2, padding=0, dilation=1, ceil_mode=False)
      )
      (2): Sequential(
        (0): Conv1d(2, 21, kernel_size=(300,), stride=(1,), padding=(150,), bias=False)
        (1): GroupNorm(7, 21, eps=1e-05, affine=True)
        (2): ReLU(inplace=True)
        (3): MaxPool1d(kernel_size=2, stride=2, padding=0, dilation=1, ceil_mode=False)
      )
    )
    (drop): Dropout(p=0.35, inplace=False)
    (se): SEBlock(
      (fc): Sequential(
        (0): AdaptiveAvgPool1d(output_size=1)
        (1): Flatten(start_dim=1, end_dim=-1)
        (2): Linear(in_features=64, out_features=8, bias=False)
        (3): ReLU(inplace=True)
        (4): Linear(in_features=8, out_features=64, bias=False)
        (5): Sigmoid()
      )
    )
    (refine): Sequential(
      (0): Conv1d(64, 64, kernel_size=(5,), stride=(1,), padding=(2,), bias=False)
      (1): GroupNorm(8, 64, eps=1e-05, affine=True)
      (2): ReLU(inplace=True)
      (3): MaxPool1d(kernel_size=2, stride=2, padding=0, dilation=1, ceil_mode=False)
      (4): Conv1d(64, 256, kernel_size=(3,), stride=(1,), padding=(1,), bias=False)
      (5): GroupNorm(8, 256, eps=1e-05, affine=True)
      (6): ReLU(inplace=True)
    )
    (pool): AdaptiveAvgPool1d(output_size=1)
  )
  (fusion): Sequential(
    (0): Linear(in_features=512, out_features=256, bias=False)
    (1): LayerNorm((256,), eps=1e-05, elementwise_affine=True)
    (2): ReLU(inplace=True)
    (3): Dropout(p=0.35, inplace=False)
  )
  (temporal): MambaStack(
    (blocks): ModuleList(
      (0): BidirMambaBlock(
        sequence_impl=mamba
        (norm): LayerNorm((256,), eps=1e-05, elementwise_affine=True)
        (drop): Dropout(p=0.35, inplace=False)
        (fwd): Mamba(
          (in_proj): Linear(in_features=256, out_features=1024, bias=False)
          (conv1d): Conv1d(512, 512, kernel_size=(4,), stride=(1,), padding=(3,), groups=512)
          (act): SiLU()
          (x_proj): Linear(in_features=512, out_features=48, bias=False)
          (dt_proj): Linear(in_features=16, out_features=512, bias=True)
          (out_proj): Linear(in_features=512, out_features=256, bias=False)
        )
        (bwd): Mamba(
          (in_proj): Linear(in_features=256, out_features=1024, bias=False)
          (conv1d): Conv1d(512, 512, kernel_size=(4,), stride=(1,), padding=(3,), groups=512)
          (act): SiLU()
          (x_proj): Linear(in_features=512, out_features=48, bias=False)
          (dt_proj): Linear(in_features=16, out_features=512, bias=True)
          (out_proj): Linear(in_features=512, out_features=256, bias=False)
        )
      )
    )
    (norm_out): LayerNorm((256,), eps=1e-05, elementwise_affine=True)
  )
  (staging_classifier): Sequential(
    (0): Linear(in_features=256, out_features=128, bias=True)
    (1): ReLU(inplace=True)
    (2): Dropout(p=0.35, inplace=False)
    (3): Linear(in_features=128, out_features=5, bias=True)
  )
  (tonic_head): Sequential(
    (0): Linear(in_features=256, out_features=128, bias=True)
    (1): ReLU(inplace=True)
    (2): Dropout(p=0.35, inplace=False)
    (3): Linear(in_features=128, out_features=1, bias=True)
  )
  (phasic_head): Sequential(
    (0): Linear(in_features=256, out_features=128, bias=True)
    (1): ReLU(inplace=True)
    (2): Dropout(p=0.35, inplace=False)
    (3): Linear(in_features=128, out_features=1, bias=True)
  )
  (any_head): Sequential(
    (0): Linear(in_features=256, out_features=128, bias=True)
    (1): ReLU(inplace=True)
    (2): Dropout(p=0.35, inplace=False)
    (3): Linear(in_features=128, out_features=1, bias=True)
  )
)
2026-08-15 22:56:53,531 | INFO | [MODEL] shared_joint_staging_encoder | trainable_params=210,684
2026-08-15 22:56:53,531 | INFO | StagingCNNEncoder(
  (branches): ModuleList(
    (0): MultiKernelCNNBranch(
      (paths): ModuleList(
        (0): Sequential(
          (0): Conv1d(3, 22, kernel_size=(30,), stride=(1,), padding=(15,), bias=False)
          (1): GroupNorm(2, 22, eps=1e-05, affine=True)
          (2): ReLU(inplace=True)
          (3): MaxPool1d(kernel_size=2, stride=2, padding=0, dilation=1, ceil_mode=False)
        )
        (1): Sequential(
          (0): Conv1d(3, 21, kernel_size=(70,), stride=(1,), padding=(35,), bias=False)
          (1): GroupNorm(7, 21, eps=1e-05, affine=True)
          (2): ReLU(inplace=True)
          (3): MaxPool1d(kernel_size=2, stride=2, padding=0, dilation=1, ceil_mode=False)
        )
        (2): Sequential(
          (0): Conv1d(3, 21, kernel_size=(150,), stride=(1,), padding=(75,), bias=False)
          (1): GroupNorm(7, 21, eps=1e-05, affine=True)
          (2): ReLU(inplace=True)
          (3): MaxPool1d(kernel_size=2, stride=2, padding=0, dilation=1, ceil_mode=False)
        )
      )
      (drop): Dropout(p=0.35, inplace=False)
    )
    (1): MultiKernelCNNBranch(
      (paths): ModuleList(
        (0): Sequential(
          (0): Conv1d(1, 22, kernel_size=(50,), stride=(1,), padding=(25,), bias=False)
          (1): GroupNorm(2, 22, eps=1e-05, affine=True)
          (2): ReLU(inplace=True)
          (3): MaxPool1d(kernel_size=2, stride=2, padding=0, dilation=1, ceil_mode=False)
        )
        (1): Sequential(
          (0): Conv1d(1, 21, kernel_size=(150,), stride=(1,), padding=(75,), bias=False)
          (1): GroupNorm(7, 21, eps=1e-05, affine=True)
          (2): ReLU(inplace=True)
          (3): MaxPool1d(kernel_size=2, stride=2, padding=0, dilation=1, ceil_mode=False)
        )
        (2): Sequential(
          (0): Conv1d(1, 21, kernel_size=(250,), stride=(1,), padding=(125,), bias=False)
          (1): GroupNorm(7, 21, eps=1e-05, affine=True)
          (2): ReLU(inplace=True)
          (3): MaxPool1d(kernel_size=2, stride=2, padding=0, dilation=1, ceil_mode=False)
        )
      )
      (drop): Dropout(p=0.35, inplace=False)
    )
  )
  (se_global): SEBlock(
    (fc): Sequential(
      (0): AdaptiveAvgPool1d(output_size=1)
      (1): Flatten(start_dim=1, end_dim=-1)
      (2): Linear(in_features=128, out_features=16, bias=False)
      (3): ReLU(inplace=True)
      (4): Linear(in_features=16, out_features=128, bias=False)
      (5): Sigmoid()
    )
  )
  (refine): Sequential(
    (0): Conv1d(128, 128, kernel_size=(5,), stride=(1,), padding=(2,), bias=False)
    (1): GroupNorm(8, 128, eps=1e-05, affine=True)
    (2): ReLU(inplace=True)
    (3): MaxPool1d(kernel_size=2, stride=2, padding=0, dilation=1, ceil_mode=False)
    (4): Conv1d(128, 256, kernel_size=(3,), stride=(1,), padding=(1,), bias=False)
    (5): GroupNorm(8, 256, eps=1e-05, affine=True)
    (6): ReLU(inplace=True)
  )
  (pool): AdaptiveAvgPool1d(output_size=1)
)
2026-08-15 22:56:53,532 | INFO | [MODEL] shared_joint_rswa_encoder | trainable_params=92,524
2026-08-15 22:56:53,532 | INFO | RSWAFeatureEncoder(
  (paths): ModuleList(
    (0): Sequential(
      (0): Conv1d(2, 22, kernel_size=(50,), stride=(1,), padding=(25,), bias=False)
      (1): GroupNorm(2, 22, eps=1e-05, affine=True)
      (2): ReLU(inplace=True)
      (3): MaxPool1d(kernel_size=2, stride=2, padding=0, dilation=1, ceil_mode=False)
    )
    (1): Sequential(
      (0): Conv1d(2, 21, kernel_size=(150,), stride=(1,), padding=(75,), bias=False)
      (1): GroupNorm(7, 21, eps=1e-05, affine=True)
      (2): ReLU(inplace=True)
      (3): MaxPool1d(kernel_size=2, stride=2, padding=0, dilation=1, ceil_mode=False)
    )
    (2): Sequential(
      (0): Conv1d(2, 21, kernel_size=(300,), stride=(1,), padding=(150,), bias=False)
      (1): GroupNorm(7, 21, eps=1e-05, affine=True)
      (2): ReLU(inplace=True)
      (3): MaxPool1d(kernel_size=2, stride=2, padding=0, dilation=1, ceil_mode=False)
    )
  )
  (drop): Dropout(p=0.35, inplace=False)
  (se): SEBlock(
    (fc): Sequential(
      (0): AdaptiveAvgPool1d(output_size=1)
      (1): Flatten(start_dim=1, end_dim=-1)
      (2): Linear(in_features=64, out_features=8, bias=False)
      (3): ReLU(inplace=True)
      (4): Linear(in_features=8, out_features=64, bias=False)
      (5): Sigmoid()
    )
  )
  (refine): Sequential(
    (0): Conv1d(64, 64, kernel_size=(5,), stride=(1,), padding=(2,), bias=False)
    (1): GroupNorm(8, 64, eps=1e-05, affine=True)
    (2): ReLU(inplace=True)
    (3): MaxPool1d(kernel_size=2, stride=2, padding=0, dilation=1, ceil_mode=False)
    (4): Conv1d(64, 256, kernel_size=(3,), stride=(1,), padding=(1,), bias=False)
    (5): GroupNorm(8, 256, eps=1e-05, affine=True)
    (6): ReLU(inplace=True)
  )
  (pool): AdaptiveAvgPool1d(output_size=1)
)
2026-08-15 22:56:53,533 | INFO | [MODEL] shared_joint_temporal | trainable_params=876,544
2026-08-15 22:56:53,533 | INFO | MambaStack(
  (blocks): ModuleList(
    (0): BidirMambaBlock(
      sequence_impl=mamba
      (norm): LayerNorm((256,), eps=1e-05, elementwise_affine=True)
      (drop): Dropout(p=0.35, inplace=False)
      (fwd): Mamba(
        (in_proj): Linear(in_features=256, out_features=1024, bias=False)
        (conv1d): Conv1d(512, 512, kernel_size=(4,), stride=(1,), padding=(3,), groups=512)
        (act): SiLU()
        (x_proj): Linear(in_features=512, out_features=48, bias=False)
        (dt_proj): Linear(in_features=16, out_features=512, bias=True)
        (out_proj): Linear(in_features=512, out_features=256, bias=False)
      )
      (bwd): Mamba(
        (in_proj): Linear(in_features=256, out_features=1024, bias=False)
        (conv1d): Conv1d(512, 512, kernel_size=(4,), stride=(1,), padding=(3,), groups=512)
        (act): SiLU()
        (x_proj): Linear(in_features=512, out_features=48, bias=False)
        (dt_proj): Linear(in_features=16, out_features=512, bias=True)
        (out_proj): Linear(in_features=512, out_features=256, bias=False)
      )
    )
  )
  (norm_out): LayerNorm((256,), eps=1e-05, elementwise_affine=True)
)
2026-08-15 22:56:53,631 | INFO | [MODEL] joint_system | trainable_params=1,443,952
2026-08-15 22:56:53,632 | INFO | SharedBiMambaJointSystem(
  (staging_encoder): StagingCNNEncoder(
    (branches): ModuleList(
      (0): MultiKernelCNNBranch(
        (paths): ModuleList(
          (0): Sequential(
            (0): Conv1d(3, 22, kernel_size=(30,), stride=(1,), padding=(15,), bias=False)
            (1): GroupNorm(2, 22, eps=1e-05, affine=True)
            (2): ReLU(inplace=True)
            (3): MaxPool1d(kernel_size=2, stride=2, padding=0, dilation=1, ceil_mode=False)
          )
          (1): Sequential(
            (0): Conv1d(3, 21, kernel_size=(70,), stride=(1,), padding=(35,), bias=False)
            (1): GroupNorm(7, 21, eps=1e-05, affine=True)
            (2): ReLU(inplace=True)
            (3): MaxPool1d(kernel_size=2, stride=2, padding=0, dilation=1, ceil_mode=False)
          )
          (2): Sequential(
            (0): Conv1d(3, 21, kernel_size=(150,), stride=(1,), padding=(75,), bias=False)
            (1): GroupNorm(7, 21, eps=1e-05, affine=True)
            (2): ReLU(inplace=True)
            (3): MaxPool1d(kernel_size=2, stride=2, padding=0, dilation=1, ceil_mode=False)
          )
        )
        (drop): Dropout(p=0.35, inplace=False)
      )
      (1): MultiKernelCNNBranch(
        (paths): ModuleList(
          (0): Sequential(
            (0): Conv1d(1, 22, kernel_size=(50,), stride=(1,), padding=(25,), bias=False)
            (1): GroupNorm(2, 22, eps=1e-05, affine=True)
            (2): ReLU(inplace=True)
            (3): MaxPool1d(kernel_size=2, stride=2, padding=0, dilation=1, ceil_mode=False)
          )
          (1): Sequential(
            (0): Conv1d(1, 21, kernel_size=(150,), stride=(1,), padding=(75,), bias=False)
            (1): GroupNorm(7, 21, eps=1e-05, affine=True)
            (2): ReLU(inplace=True)
            (3): MaxPool1d(kernel_size=2, stride=2, padding=0, dilation=1, ceil_mode=False)
          )
          (2): Sequential(
            (0): Conv1d(1, 21, kernel_size=(250,), stride=(1,), padding=(125,), bias=False)
            (1): GroupNorm(7, 21, eps=1e-05, affine=True)
            (2): ReLU(inplace=True)
            (3): MaxPool1d(kernel_size=2, stride=2, padding=0, dilation=1, ceil_mode=False)
          )
        )
        (drop): Dropout(p=0.35, inplace=False)
      )
    )
    (se_global): SEBlock(
      (fc): Sequential(
        (0): AdaptiveAvgPool1d(output_size=1)
        (1): Flatten(start_dim=1, end_dim=-1)
        (2): Linear(in_features=128, out_features=16, bias=False)
        (3): ReLU(inplace=True)
        (4): Linear(in_features=16, out_features=128, bias=False)
        (5): Sigmoid()
      )
    )
    (refine): Sequential(
      (0): Conv1d(128, 128, kernel_size=(5,), stride=(1,), padding=(2,), bias=False)
      (1): GroupNorm(8, 128, eps=1e-05, affine=True)
      (2): ReLU(inplace=True)
      (3): MaxPool1d(kernel_size=2, stride=2, padding=0, dilation=1, ceil_mode=False)
      (4): Conv1d(128, 256, kernel_size=(3,), stride=(1,), padding=(1,), bias=False)
      (5): GroupNorm(8, 256, eps=1e-05, affine=True)
      (6): ReLU(inplace=True)
    )
    (pool): AdaptiveAvgPool1d(output_size=1)
  )
  (rswa_encoder): RSWAFeatureEncoder(
    (paths): ModuleList(
      (0): Sequential(
        (0): Conv1d(2, 22, kernel_size=(50,), stride=(1,), padding=(25,), bias=False)
        (1): GroupNorm(2, 22, eps=1e-05, affine=True)
        (2): ReLU(inplace=True)
        (3): MaxPool1d(kernel_size=2, stride=2, padding=0, dilation=1, ceil_mode=False)
      )
      (1): Sequential(
        (0): Conv1d(2, 21, kernel_size=(150,), stride=(1,), padding=(75,), bias=False)
        (1): GroupNorm(7, 21, eps=1e-05, affine=True)
        (2): ReLU(inplace=True)
        (3): MaxPool1d(kernel_size=2, stride=2, padding=0, dilation=1, ceil_mode=False)
      )
      (2): Sequential(
        (0): Conv1d(2, 21, kernel_size=(300,), stride=(1,), padding=(150,), bias=False)
        (1): GroupNorm(7, 21, eps=1e-05, affine=True)
        (2): ReLU(inplace=True)
        (3): MaxPool1d(kernel_size=2, stride=2, padding=0, dilation=1, ceil_mode=False)
      )
    )
    (drop): Dropout(p=0.35, inplace=False)
    (se): SEBlock(
      (fc): Sequential(
        (0): AdaptiveAvgPool1d(output_size=1)
        (1): Flatten(start_dim=1, end_dim=-1)
        (2): Linear(in_features=64, out_features=8, bias=False)
        (3): ReLU(inplace=True)
        (4): Linear(in_features=8, out_features=64, bias=False)
        (5): Sigmoid()
      )
    )
    (refine): Sequential(
      (0): Conv1d(64, 64, kernel_size=(5,), stride=(1,), padding=(2,), bias=False)
      (1): GroupNorm(8, 64, eps=1e-05, affine=True)
      (2): ReLU(inplace=True)
      (3): MaxPool1d(kernel_size=2, stride=2, padding=0, dilation=1, ceil_mode=False)
      (4): Conv1d(64, 256, kernel_size=(3,), stride=(1,), padding=(1,), bias=False)
      (5): GroupNorm(8, 256, eps=1e-05, affine=True)
      (6): ReLU(inplace=True)
    )
    (pool): AdaptiveAvgPool1d(output_size=1)
  )
  (fusion): Sequential(
    (0): Linear(in_features=512, out_features=256, bias=False)
    (1): LayerNorm((256,), eps=1e-05, elementwise_affine=True)
    (2): ReLU(inplace=True)
    (3): Dropout(p=0.35, inplace=False)
  )
  (temporal): MambaStack(
    (blocks): ModuleList(
      (0): BidirMambaBlock(
        sequence_impl=mamba
        (norm): LayerNorm((256,), eps=1e-05, elementwise_affine=True)
        (drop): Dropout(p=0.35, inplace=False)
        (fwd): Mamba(
          (in_proj): Linear(in_features=256, out_features=1024, bias=False)
          (conv1d): Conv1d(512, 512, kernel_size=(4,), stride=(1,), padding=(3,), groups=512)
          (act): SiLU()
          (x_proj): Linear(in_features=512, out_features=48, bias=False)
          (dt_proj): Linear(in_features=16, out_features=512, bias=True)
          (out_proj): Linear(in_features=512, out_features=256, bias=False)
        )
        (bwd): Mamba(
          (in_proj): Linear(in_features=256, out_features=1024, bias=False)
          (conv1d): Conv1d(512, 512, kernel_size=(4,), stride=(1,), padding=(3,), groups=512)
          (act): SiLU()
          (x_proj): Linear(in_features=512, out_features=48, bias=False)
          (dt_proj): Linear(in_features=16, out_features=512, bias=True)
          (out_proj): Linear(in_features=512, out_features=256, bias=False)
        )
      )
    )
    (norm_out): LayerNorm((256,), eps=1e-05, elementwise_affine=True)
  )
  (staging_classifier): Sequential(
    (0): Linear(in_features=256, out_features=128, bias=True)
    (1): ReLU(inplace=True)
    (2): Dropout(p=0.35, inplace=False)
    (3): Linear(in_features=128, out_features=5, bias=True)
  )
  (tonic_head): Sequential(
    (0): Linear(in_features=256, out_features=128, bias=True)
    (1): ReLU(inplace=True)
    (2): Dropout(p=0.35, inplace=False)
    (3): Linear(in_features=128, out_features=1, bias=True)
  )
  (phasic_head): Sequential(
    (0): Linear(in_features=256, out_features=128, bias=True)
    (1): ReLU(inplace=True)
    (2): Dropout(p=0.35, inplace=False)
    (3): Linear(in_features=128, out_features=1, bias=True)
  )
  (any_head): Sequential(
    (0): Linear(in_features=256, out_features=128, bias=True)
    (1): ReLU(inplace=True)
    (2): Dropout(p=0.35, inplace=False)
    (3): Linear(in_features=128, out_features=1, bias=True)
  )
)
2026-08-15 22:56:53,642 | INFO | Fold 4: treino=63 validação=16
2026-08-15 22:57:38,112 | INFO | fold=4 ep=001 train=38.6s val=5.8s [92mtrain_stg_loss=1.4845 train_rswa_loss=1.9889 train_rswa_head_loss(t/p/a)=0.9204/0.4997/0.5687[0m | [93mval_stg_f1=0.1068 val_stg_kappa=0.0000 val_rswa_head_loss(t/p/a)=0.6915/0.4059/0.4653 val_f1(t/p/a)=0.000/0.000/0.000 val_f1_macro=0.0000[0m
2026-08-15 22:57:38,112 | INFO | [92mtrain_stage_targets[W=100,206(14.8%) | N1=30,929(4.6%) | N2=241,920(35.7%) | N3=168,225(24.8%) | REM=136,204(20.1%)][0m
2026-08-15 22:57:38,112 | INFO | [92mtrain_stage_predictions[W=18,237(2.7%) | N1=2,422(0.4%) | N2=502,453(74.2%) | N3=118,621(17.5%) | REM=35,751(5.3%)][0m
2026-08-15 22:57:38,113 | INFO | [92mtrain_move_targets[Negative=103,780(76.2%) | Positive=32,430(23.8%)][0m
2026-08-15 22:57:38,113 | INFO | [92mtrain_move_predictions[Negative=127,417(93.5%) | Positive=8,793(6.5%)][0m
2026-08-15 22:57:38,113 | INFO | [93mval_stage_targets[W=26,713(16.7%) | N1=8,200(5.1%) | N2=58,266(36.4%) | N3=37,340(23.3%) | REM=29,519(18.4%)][0m
2026-08-15 22:57:38,113 | INFO | [93mval_stage_predictions[W=0(0.0%) | N1=0(0.0%) | N2=160,038(100.0%) | N3=0(0.0%) | REM=0(0.0%)][0m
2026-08-15 22:57:38,113 | INFO | [94mtrain_tonic_targets[Negative=134,650(98.9%) | Positive=1,560(1.1%)][0m
2026-08-15 22:57:38,113 | INFO | [94mtrain_tonic_predictions[Negative=128,804(94.6%) | Positive=7,406(5.4%)][0m
2026-08-15 22:57:38,113 | INFO | [94mval_tonic_targets[Negative=29,330(99.4%) | Positive=190(0.6%)][0m
2026-08-15 22:57:38,113 | INFO | [94mval_tonic_predictions[Negative=29,520(100.0%) | Positive=0(0.0%)][0m
2026-08-15 22:57:38,113 | INFO | [95mtrain_phasic_targets[Negative=117,490(86.3%) | Positive=18,720(13.7%)][0m
2026-08-15 22:57:38,113 | INFO | [95mtrain_phasic_predictions[Negative=134,494(98.7%) | Positive=1,716(1.3%)][0m
2026-08-15 22:57:38,113 | INFO | [95mval_phasic_targets[Negative=26,750(90.6%) | Positive=2,770(9.4%)][0m
2026-08-15 22:57:38,114 | INFO | [95mval_phasic_predictions[Negative=29,520(100.0%) | Positive=0(0.0%)][0m
2026-08-15 22:57:38,114 | INFO | [38;5;214mtrain_any_targets[Negative=103,780(76.2%) | Positive=32,430(23.8%)][0m
2026-08-15 22:57:38,114 | INFO | [38;5;214mtrain_any_predictions[Negative=130,940(96.1%) | Positive=5,270(3.9%)][0m
2026-08-15 22:57:38,114 | INFO | [38;5;214mval_any_targets[Negative=23,991(81.3%) | Positive=5,529(18.7%)][0m
2026-08-15 22:57:38,114 | INFO | [38;5;214mval_any_predictions[Negative=29,520(100.0%) | Positive=0(0.0%)][0m
2026-08-15 22:57:38,302 | INFO | Fold 4: novo melhor checkpoint na época 1, staging_f1_macro=0.1068
2026-08-15 22:58:19,673 | INFO | fold=4 ep=002 train=35.8s val=5.5s [92mtrain_stg_loss=1.3865 train_rswa_loss=1.5579 train_rswa_head_loss(t/p/a)=0.7446/0.3721/0.4412[0m | [93mval_stg_f1=0.3946 val_stg_kappa=0.3107 val_rswa_head_loss(t/p/a)=0.3019/0.1789/0.2077 val_f1(t/p/a)=0.104/0.734/0.834 val_f1_macro=0.5573[0m
2026-08-15 22:58:19,673 | INFO | [92mtrain_stage_targets[W=89,161(14.0%) | N1=27,509(4.3%) | N2=245,738(38.6%) | N3=152,676(24.0%) | REM=121,720(19.1%)][0m
2026-08-15 22:58:19,673 | INFO | [92mtrain_stage_predictions[W=8,279(1.3%) | N1=61(0.0%) | N2=510,293(80.1%) | N3=69,521(10.9%) | REM=48,650(7.6%)][0m
2026-08-15 22:58:19,673 | INFO | [92mtrain_move_targets[Negative=93,643(76.9%) | Positive=28,077(23.1%)][0m
2026-08-15 22:58:19,673 | INFO | [92mtrain_move_predictions[Negative=110,508(90.8%) | Positive=11,212(9.2%)][0m
2026-08-15 22:58:19,674 | INFO | [93mval_stage_targets[W=26,713(16.7%) | N1=8,200(5.1%) | N2=58,266(36.4%) | N3=37,340(23.3%) | REM=29,519(18.4%)][0m
2026-08-15 22:58:19,674 | INFO | [93mval_stage_predictions[W=18,300(11.4%) | N1=0(0.0%) | N2=36,213(22.6%) | N3=70,013(43.7%) | REM=35,512(22.2%)][0m
2026-08-15 22:58:19,674 | INFO | [94mtrain_tonic_targets[Negative=119,890(98.5%) | Positive=1,830(1.5%)][0m
2026-08-15 22:58:19,674 | INFO | [94mtrain_tonic_predictions[Negative=111,895(91.9%) | Positive=9,825(8.1%)][0m
2026-08-15 22:58:19,674 | INFO | [94mval_tonic_targets[Negative=29,330(99.4%) | Positive=190(0.6%)][0m
2026-08-15 22:58:19,674 | INFO | [94mval_tonic_predictions[Negative=26,060(88.3%) | Positive=3,460(11.7%)][0m
2026-08-15 22:58:19,674 | INFO | [95mtrain_phasic_targets[Negative=106,220(87.3%) | Positive=15,500(12.7%)][0m
2026-08-15 22:58:19,674 | INFO | [95mtrain_phasic_predictions[Negative=117,494(96.5%) | Positive=4,226(3.5%)][0m
2026-08-15 22:58:19,674 | INFO | [95mval_phasic_targets[Negative=26,750(90.6%) | Positive=2,770(9.4%)][0m
2026-08-15 22:58:19,674 | INFO | [95mval_phasic_predictions[Negative=25,120(85.1%) | Positive=4,400(14.9%)][0m
2026-08-15 22:58:19,675 | INFO | [38;5;214mtrain_any_targets[Negative=93,643(76.9%) | Positive=28,077(23.1%)][0m
2026-08-15 22:58:19,675 | INFO | [38;5;214mtrain_any_predictions[Negative=116,215(95.5%) | Positive=5,505(4.5%)][0m
2026-08-15 22:58:19,675 | INFO | [38;5;214mval_any_targets[Negative=23,991(81.3%) | Positive=5,529(18.7%)][0m
2026-08-15 22:58:19,675 | INFO | [38;5;214mval_any_predictions[Negative=23,048(78.1%) | Positive=6,472(21.9%)][0m
2026-08-15 22:58:19,855 | INFO | Fold 4: novo melhor checkpoint na época 2, staging_f1_macro=0.3946
2026-08-15 22:59:02,920 | INFO | fold=4 ep=003 train=37.5s val=5.5s [92mtrain_stg_loss=1.2620 train_rswa_loss=0.9013 train_rswa_head_loss(t/p/a)=0.4009/0.2319/0.2685[0m | [93mval_stg_f1=0.4862 val_stg_kappa=0.4573 val_rswa_head_loss(t/p/a)=0.2075/0.1991/0.2358 val_f1(t/p/a)=0.257/0.675/0.804 val_f1_macro=0.5784[0m
2026-08-15 22:59:02,920 | INFO | [92mtrain_stage_targets[W=134,610(20.3%) | N1=26,199(3.9%) | N2=232,209(34.9%) | N3=150,777(22.7%) | REM=120,609(18.2%)][0m
2026-08-15 22:59:02,920 | INFO | [92mtrain_stage_predictions[W=75,433(11.4%) | N1=88(0.0%) | N2=297,660(44.8%) | N3=104,454(15.7%) | REM=186,769(28.1%)][0m
2026-08-15 22:59:02,920 | INFO | [92mtrain_move_targets[Negative=94,299(78.2%) | Positive=26,311(21.8%)][0m
2026-08-15 22:59:02,920 | INFO | [92mtrain_move_predictions[Negative=97,835(81.1%) | Positive=22,775(18.9%)][0m
2026-08-15 22:59:02,920 | INFO | [93mval_stage_targets[W=26,713(16.7%) | N1=8,200(5.1%) | N2=58,266(36.4%) | N3=37,340(23.3%) | REM=29,519(18.4%)][0m
2026-08-15 22:59:02,921 | INFO | [93mval_stage_predictions[W=29,745(18.6%) | N1=0(0.0%) | N2=41,357(25.8%) | N3=44,954(28.1%) | REM=43,982(27.5%)][0m
2026-08-15 22:59:02,921 | INFO | [94mtrain_tonic_targets[Negative=119,020(98.7%) | Positive=1,590(1.3%)][0m
2026-08-15 22:59:02,921 | INFO | [94mtrain_tonic_predictions[Negative=103,471(85.8%) | Positive=17,139(14.2%)][0m
2026-08-15 22:59:02,921 | INFO | [94mval_tonic_targets[Negative=29,330(99.4%) | Positive=190(0.6%)][0m
2026-08-15 22:59:02,921 | INFO | [94mval_tonic_predictions[Negative=28,230(95.6%) | Positive=1,290(4.4%)][0m
2026-08-15 22:59:02,921 | INFO | [95mtrain_phasic_targets[Negative=105,890(87.8%) | Positive=14,720(12.2%)][0m
2026-08-15 22:59:02,921 | INFO | [95mtrain_phasic_predictions[Negative=99,824(82.8%) | Positive=20,786(17.2%)][0m
2026-08-15 22:59:02,921 | INFO | [95mval_phasic_targets[Negative=26,750(90.6%) | Positive=2,770(9.4%)][0m
2026-08-15 22:59:02,921 | INFO | [95mval_phasic_predictions[Negative=27,370(92.7%) | Positive=2,150(7.3%)][0m
2026-08-15 22:59:02,921 | INFO | [38;5;214mtrain_any_targets[Negative=94,299(78.2%) | Positive=26,311(21.8%)][0m
2026-08-15 22:59:02,921 | INFO | [38;5;214mtrain_any_predictions[Negative=98,315(81.5%) | Positive=22,295(18.5%)][0m
2026-08-15 22:59:02,921 | INFO | [38;5;214mval_any_targets[Negative=23,991(81.3%) | Positive=5,529(18.7%)][0m
2026-08-15 22:59:02,922 | INFO | [38;5;214mval_any_predictions[Negative=25,469(86.3%) | Positive=4,051(13.7%)][0m
2026-08-15 22:59:03,111 | INFO | Fold 4: novo melhor checkpoint na época 3, staging_f1_macro=0.4862
2026-08-15 22:59:44,786 | INFO | fold=4 ep=004 train=36.2s val=5.4s [92mtrain_stg_loss=1.0335 train_rswa_loss=0.8726 train_rswa_head_loss(t/p/a)=0.3745/0.2303/0.2678[0m | [93mval_stg_f1=0.5054 val_stg_kappa=0.4827 val_rswa_head_loss(t/p/a)=0.2775/0.2586/0.3009 val_f1(t/p/a)=0.329/0.567/0.715 val_f1_macro=0.5370[0m
2026-08-15 22:59:44,786 | INFO | [92mtrain_stage_targets[W=99,004(15.4%) | N1=26,278(4.1%) | N2=238,320(37.1%) | N3=157,073(24.4%) | REM=122,059(19.0%)][0m
2026-08-15 22:59:44,786 | INFO | [92mtrain_stage_predictions[W=105,071(16.3%) | N1=65(0.0%) | N2=240,860(37.5%) | N3=157,931(24.6%) | REM=138,807(21.6%)][0m
2026-08-15 22:59:44,786 | INFO | [92mtrain_move_targets[Negative=91,288(74.8%) | Positive=30,772(25.2%)][0m
2026-08-15 22:59:44,786 | INFO | [92mtrain_move_predictions[Negative=95,363(78.1%) | Positive=26,697(21.9%)][0m
2026-08-15 22:59:44,786 | INFO | [93mval_stage_targets[W=26,713(16.7%) | N1=8,200(5.1%) | N2=58,266(36.4%) | N3=37,340(23.3%) | REM=29,519(18.4%)][0m
2026-08-15 22:59:44,786 | INFO | [93mval_stage_predictions[W=27,442(17.1%) | N1=0(0.0%) | N2=45,503(28.4%) | N3=31,077(19.4%) | REM=56,016(35.0%)][0m
2026-08-15 22:59:44,786 | INFO | [94mtrain_tonic_targets[Negative=120,060(98.4%) | Positive=2,000(1.6%)][0m
2026-08-15 22:59:44,786 | INFO | [94mtrain_tonic_predictions[Negative=107,229(87.8%) | Positive=14,831(12.2%)][0m
2026-08-15 22:59:44,787 | INFO | [94mval_tonic_targets[Negative=29,330(99.4%) | Positive=190(0.6%)][0m
2026-08-15 22:59:44,787 | INFO | [94mval_tonic_predictions[Negative=28,920(98.0%) | Positive=600(2.0%)][0m
2026-08-15 22:59:44,787 | INFO | [95mtrain_phasic_targets[Negative=104,760(85.8%) | Positive=17,300(14.2%)][0m
2026-08-15 22:59:44,787 | INFO | [95mtrain_phasic_predictions[Negative=97,754(80.1%) | Positive=24,306(19.9%)][0m
2026-08-15 22:59:44,787 | INFO | [95mval_phasic_targets[Negative=26,750(90.6%) | Positive=2,770(9.4%)][0m
2026-08-15 22:59:44,787 | INFO | [95mval_phasic_predictions[Negative=27,880(94.4%) | Positive=1,640(5.6%)][0m
2026-08-15 22:59:44,787 | INFO | [38;5;214mtrain_any_targets[Negative=91,288(74.8%) | Positive=30,772(25.2%)][0m
2026-08-15 22:59:44,787 | INFO | [38;5;214mtrain_any_predictions[Negative=95,599(78.3%) | Positive=26,461(21.7%)][0m
2026-08-15 22:59:44,787 | INFO | [38;5;214mval_any_targets[Negative=23,991(81.3%) | Positive=5,529(18.7%)][0m
2026-08-15 22:59:44,787 | INFO | [38;5;214mval_any_predictions[Negative=26,287(89.0%) | Positive=3,233(11.0%)][0m
2026-08-15 22:59:44,973 | INFO | Fold 4: novo melhor checkpoint na época 4, staging_f1_macro=0.5054
2026-08-15 23:00:25,901 | INFO | fold=4 ep=005 train=35.4s val=5.4s [92mtrain_stg_loss=0.8883 train_rswa_loss=0.6781 train_rswa_head_loss(t/p/a)=0.2698/0.1848/0.2235[0m | [93mval_stg_f1=0.4872 val_stg_kappa=0.4603 val_rswa_head_loss(t/p/a)=0.2616/0.3069/0.3244 val_f1(t/p/a)=0.333/0.519/0.681 val_f1_macro=0.5112[0m
2026-08-15 23:00:25,902 | INFO | [92mtrain_stage_targets[W=75,015(12.0%) | N1=23,847(3.8%) | N2=227,850(36.4%) | N3=173,973(27.8%) | REM=124,629(19.9%)][0m
2026-08-15 23:00:25,902 | INFO | [92mtrain_stage_predictions[W=86,101(13.8%) | N1=40(0.0%) | N2=241,063(38.6%) | N3=159,664(25.5%) | REM=138,446(22.1%)][0m
2026-08-15 23:00:25,902 | INFO | [92mtrain_move_targets[Negative=99,521(79.9%) | Positive=25,109(20.1%)][0m
2026-08-15 23:00:25,902 | INFO | [92mtrain_move_predictions[Negative=100,727(80.8%) | Positive=23,903(19.2%)][0m
2026-08-15 23:00:25,902 | INFO | [93mval_stage_targets[W=26,713(16.7%) | N1=8,200(5.1%) | N2=58,266(36.4%) | N3=37,340(23.3%) | REM=29,519(18.4%)][0m
2026-08-15 23:00:25,902 | INFO | [93mval_stage_predictions[W=26,767(16.7%) | N1=0(0.0%) | N2=29,363(18.3%) | N3=33,757(21.1%) | REM=70,151(43.8%)][0m
2026-08-15 23:00:25,902 | INFO | [94mtrain_tonic_targets[Negative=123,150(98.8%) | Positive=1,480(1.2%)][0m
2026-08-15 23:00:25,903 | INFO | [94mtrain_tonic_predictions[Negative=113,344(90.9%) | Positive=11,286(9.1%)][0m
2026-08-15 23:00:25,903 | INFO | [94mval_tonic_targets[Negative=29,330(99.4%) | Positive=190(0.6%)][0m
2026-08-15 23:00:25,903 | INFO | [94mval_tonic_predictions[Negative=28,810(97.6%) | Positive=710(2.4%)][0m
2026-08-15 23:00:25,903 | INFO | [95mtrain_phasic_targets[Negative=111,340(89.3%) | Positive=13,290(10.7%)][0m
2026-08-15 23:00:25,903 | INFO | [95mtrain_phasic_predictions[Negative=102,762(82.5%) | Positive=21,868(17.5%)][0m
2026-08-15 23:00:25,903 | INFO | [95mval_phasic_targets[Negative=26,750(90.6%) | Positive=2,770(9.4%)][0m
2026-08-15 23:00:25,903 | INFO | [95mval_phasic_predictions[Negative=28,090(95.2%) | Positive=1,430(4.8%)][0m
2026-08-15 23:00:25,903 | INFO | [38;5;214mtrain_any_targets[Negative=99,521(79.9%) | Positive=25,109(20.1%)][0m
2026-08-15 23:00:25,903 | INFO | [38;5;214mtrain_any_predictions[Negative=101,015(81.1%) | Positive=23,615(18.9%)][0m
2026-08-15 23:00:25,903 | INFO | [38;5;214mval_any_targets[Negative=23,991(81.3%) | Positive=5,529(18.7%)][0m
2026-08-15 23:00:25,904 | INFO | [38;5;214mval_any_predictions[Negative=26,526(89.9%) | Positive=2,994(10.1%)][0m
2026-08-15 23:01:07,214 | INFO | fold=4 ep=006 train=35.8s val=5.4s [92mtrain_stg_loss=0.8827 train_rswa_loss=0.6543 train_rswa_head_loss(t/p/a)=0.2765/0.1718/0.2060[0m | [93mval_stg_f1=0.5481 val_stg_kappa=0.5485 val_rswa_head_loss(t/p/a)=0.2430/0.2014/0.2370 val_f1(t/p/a)=0.359/0.721/0.821 val_f1_macro=0.6338[0m
2026-08-15 23:01:07,214 | INFO | [92mtrain_stage_targets[W=87,641(13.9%) | N1=24,308(3.8%) | N2=239,720(37.9%) | N3=161,246(25.5%) | REM=119,669(18.9%)][0m
2026-08-15 23:01:07,214 | INFO | [92mtrain_stage_predictions[W=96,430(15.2%) | N1=69(0.0%) | N2=244,756(38.7%) | N3=151,540(24.0%) | REM=139,789(22.1%)][0m
2026-08-15 23:01:07,214 | INFO | [92mtrain_move_targets[Negative=93,666(78.3%) | Positive=26,004(21.7%)][0m
2026-08-15 23:01:07,215 | INFO | [92mtrain_move_predictions[Negative=96,222(80.4%) | Positive=23,448(19.6%)][0m
2026-08-15 23:01:07,215 | INFO | [93mval_stage_targets[W=26,713(16.7%) | N1=8,200(5.1%) | N2=58,266(36.4%) | N3=37,340(23.3%) | REM=29,519(18.4%)][0m
2026-08-15 23:01:07,215 | INFO | [93mval_stage_predictions[W=18,161(11.3%) | N1=0(0.0%) | N2=48,906(30.6%) | N3=46,140(28.8%) | REM=46,831(29.3%)][0m
2026-08-15 23:01:07,215 | INFO | [94mtrain_tonic_targets[Negative=117,830(98.5%) | Positive=1,840(1.5%)][0m
2026-08-15 23:01:07,215 | INFO | [94mtrain_tonic_predictions[Negative=109,292(91.3%) | Positive=10,378(8.7%)][0m
2026-08-15 23:01:07,215 | INFO | [94mval_tonic_targets[Negative=29,330(99.4%) | Positive=190(0.6%)][0m
2026-08-15 23:01:07,215 | INFO | [94mval_tonic_predictions[Negative=28,930(98.0%) | Positive=590(2.0%)][0m
2026-08-15 23:01:07,215 | INFO | [95mtrain_phasic_targets[Negative=105,650(88.3%) | Positive=14,020(11.7%)][0m
2026-08-15 23:01:07,215 | INFO | [95mtrain_phasic_predictions[Negative=98,487(82.3%) | Positive=21,183(17.7%)][0m
2026-08-15 23:01:07,215 | INFO | [95mval_phasic_targets[Negative=26,750(90.6%) | Positive=2,770(9.4%)][0m
2026-08-15 23:01:07,215 | INFO | [95mval_phasic_predictions[Negative=27,160(92.0%) | Positive=2,360(8.0%)][0m
2026-08-15 23:01:07,216 | INFO | [38;5;214mtrain_any_targets[Negative=93,666(78.3%) | Positive=26,004(21.7%)][0m
2026-08-15 23:01:07,216 | INFO | [38;5;214mtrain_any_predictions[Negative=96,523(80.7%) | Positive=23,147(19.3%)][0m
2026-08-15 23:01:07,216 | INFO | [38;5;214mval_any_targets[Negative=23,991(81.3%) | Positive=5,529(18.7%)][0m
2026-08-15 23:01:07,216 | INFO | [38;5;214mval_any_predictions[Negative=25,340(85.8%) | Positive=4,180(14.2%)][0m
2026-08-15 23:01:07,398 | INFO | Fold 4: novo melhor checkpoint na época 6, staging_f1_macro=0.5481
2026-08-15 23:01:49,391 | INFO | fold=4 ep=007 train=36.5s val=5.4s [92mtrain_stg_loss=0.8188 train_rswa_loss=0.6256 train_rswa_head_loss(t/p/a)=0.2491/0.1697/0.2068[0m | [93mval_stg_f1=0.5681 val_stg_kappa=0.5699 val_rswa_head_loss(t/p/a)=0.6025/0.3330/0.3503 val_f1(t/p/a)=0.323/0.455/0.636 val_f1_macro=0.4713[0m
2026-08-15 23:01:49,391 | INFO | [92mtrain_stage_targets[W=93,791(14.4%) | N1=27,737(4.3%) | N2=255,790(39.3%) | N3=157,370(24.2%) | REM=116,616(17.9%)][0m
2026-08-15 23:01:49,391 | INFO | [92mtrain_stage_predictions[W=101,192(15.5%) | N1=233(0.0%) | N2=264,180(40.6%) | N3=147,470(22.6%) | REM=138,229(21.2%)][0m
2026-08-15 23:01:49,392 | INFO | [92mtrain_move_targets[Negative=90,272(77.4%) | Positive=26,348(22.6%)][0m
2026-08-15 23:01:49,392 | INFO | [92mtrain_move_predictions[Negative=91,142(78.2%) | Positive=25,478(21.8%)][0m
2026-08-15 23:01:49,392 | INFO | [93mval_stage_targets[W=26,713(16.7%) | N1=8,200(5.1%) | N2=58,266(36.4%) | N3=37,340(23.3%) | REM=29,519(18.4%)][0m
2026-08-15 23:01:49,392 | INFO | [93mval_stage_predictions[W=21,004(13.1%) | N1=93(0.1%) | N2=62,182(38.9%) | N3=26,008(16.3%) | REM=50,751(31.7%)][0m
2026-08-15 23:01:49,392 | INFO | [94mtrain_tonic_targets[Negative=115,030(98.6%) | Positive=1,590(1.4%)][0m
2026-08-15 23:01:49,392 | INFO | [94mtrain_tonic_predictions[Negative=106,744(91.5%) | Positive=9,876(8.5%)][0m
2026-08-15 23:01:49,392 | INFO | [94mval_tonic_targets[Negative=29,330(99.4%) | Positive=190(0.6%)][0m
2026-08-15 23:01:49,392 | INFO | [94mval_tonic_predictions[Negative=29,400(99.6%) | Positive=120(0.4%)][0m
2026-08-15 23:01:49,392 | INFO | [95mtrain_phasic_targets[Negative=101,670(87.2%) | Positive=14,950(12.8%)][0m
2026-08-15 23:01:49,393 | INFO | [95mtrain_phasic_predictions[Negative=93,699(80.3%) | Positive=22,921(19.7%)][0m
2026-08-15 23:01:49,393 | INFO | [95mval_phasic_targets[Negative=26,750(90.6%) | Positive=2,770(9.4%)][0m
2026-08-15 23:01:49,393 | INFO | [95mval_phasic_predictions[Negative=28,380(96.1%) | Positive=1,140(3.9%)][0m
2026-08-15 23:01:49,393 | INFO | [38;5;214mtrain_any_targets[Negative=90,272(77.4%) | Positive=26,348(22.6%)][0m
2026-08-15 23:01:49,393 | INFO | [38;5;214mtrain_any_predictions[Negative=91,473(78.4%) | Positive=25,147(21.6%)][0m
2026-08-15 23:01:49,393 | INFO | [38;5;214mval_any_targets[Negative=23,991(81.3%) | Positive=5,529(18.7%)][0m
2026-08-15 23:01:49,393 | INFO | [38;5;214mval_any_predictions[Negative=26,854(91.0%) | Positive=2,666(9.0%)][0m
2026-08-15 23:01:49,574 | INFO | Fold 4: novo melhor checkpoint na época 7, staging_f1_macro=0.5681
2026-08-15 23:02:29,849 | INFO | fold=4 ep=008 train=34.8s val=5.4s [92mtrain_stg_loss=0.7788 train_rswa_loss=0.5688 train_rswa_head_loss(t/p/a)=0.1992/0.1627/0.2069[0m | [93mval_stg_f1=0.5361 val_stg_kappa=0.5098 val_rswa_head_loss(t/p/a)=0.3150/0.2924/0.2853 val_f1(t/p/a)=0.393/0.533/0.722 val_f1_macro=0.5494[0m
2026-08-15 23:02:29,849 | INFO | [92mtrain_stage_targets[W=84,397(13.6%) | N1=29,357(4.7%) | N2=226,870(36.6%) | N3=164,121(26.5%) | REM=115,349(18.6%)][0m
2026-08-15 23:02:29,850 | INFO | [92mtrain_stage_predictions[W=102,663(16.6%) | N1=2,535(0.4%) | N2=242,052(39.0%) | N3=147,125(23.7%) | REM=125,719(20.3%)][0m
2026-08-15 23:02:29,850 | INFO | [92mtrain_move_targets[Negative=90,993(78.9%) | Positive=24,357(21.1%)][0m
2026-08-15 23:02:29,850 | INFO | [92mtrain_move_predictions[Negative=92,736(80.4%) | Positive=22,614(19.6%)][0m
2026-08-15 23:02:29,850 | INFO | [93mval_stage_targets[W=26,713(16.7%) | N1=8,200(5.1%) | N2=58,266(36.4%) | N3=37,340(23.3%) | REM=29,519(18.4%)][0m
2026-08-15 23:02:29,850 | INFO | [93mval_stage_predictions[W=35,017(21.9%) | N1=1,416(0.9%) | N2=40,981(25.6%) | N3=22,816(14.3%) | REM=59,808(37.4%)][0m
2026-08-15 23:02:29,850 | INFO | [94mtrain_tonic_targets[Negative=114,400(99.2%) | Positive=950(0.8%)][0m
2026-08-15 23:02:29,850 | INFO | [94mtrain_tonic_predictions[Negative=108,340(93.9%) | Positive=7,010(6.1%)][0m
2026-08-15 23:02:29,850 | INFO | [94mval_tonic_targets[Negative=29,330(99.4%) | Positive=190(0.6%)][0m
2026-08-15 23:02:29,850 | INFO | [94mval_tonic_predictions[Negative=29,100(98.6%) | Positive=420(1.4%)][0m
2026-08-15 23:02:29,851 | INFO | [95mtrain_phasic_targets[Negative=102,540(88.9%) | Positive=12,810(11.1%)][0m
2026-08-15 23:02:29,851 | INFO | [95mtrain_phasic_predictions[Negative=94,840(82.2%) | Positive=20,510(17.8%)][0m
2026-08-15 23:02:29,851 | INFO | [95mval_phasic_targets[Negative=26,750(90.6%) | Positive=2,770(9.4%)][0m
2026-08-15 23:02:29,851 | INFO | [95mval_phasic_predictions[Negative=28,090(95.2%) | Positive=1,430(4.8%)][0m
2026-08-15 23:02:29,851 | INFO | [38;5;214mtrain_any_targets[Negative=90,993(78.9%) | Positive=24,357(21.1%)][0m
2026-08-15 23:02:29,851 | INFO | [38;5;214mtrain_any_predictions[Negative=93,193(80.8%) | Positive=22,157(19.2%)][0m
2026-08-15 23:02:29,851 | INFO | [38;5;214mval_any_targets[Negative=23,991(81.3%) | Positive=5,529(18.7%)][0m
2026-08-15 23:02:29,851 | INFO | [38;5;214mval_any_predictions[Negative=26,254(88.9%) | Positive=3,266(11.1%)][0m
2026-08-15 23:03:11,812 | INFO | fold=4 ep=009 train=36.4s val=5.4s [92mtrain_stg_loss=0.7913 train_rswa_loss=0.6331 train_rswa_head_loss(t/p/a)=0.2585/0.1711/0.2035[0m | [93mval_stg_f1=0.5945 val_stg_kappa=0.5871 val_rswa_head_loss(t/p/a)=0.2232/0.3170/0.3590 val_f1(t/p/a)=0.382/0.531/0.689 val_f1_macro=0.5342[0m
2026-08-15 23:03:11,812 | INFO | [92mtrain_stage_targets[W=115,380(18.0%) | N1=28,599(4.5%) | N2=235,749(36.7%) | N3=147,337(23.0%) | REM=114,559(17.9%)][0m
2026-08-15 23:03:11,813 | INFO | [92mtrain_stage_predictions[W=129,245(20.1%) | N1=2,641(0.4%) | N2=252,989(39.4%) | N3=118,191(18.4%) | REM=138,558(21.6%)][0m
2026-08-15 23:03:11,813 | INFO | [92mtrain_move_targets[Negative=89,114(77.8%) | Positive=25,446(22.2%)][0m
2026-08-15 23:03:11,813 | INFO | [92mtrain_move_predictions[Negative=90,886(79.3%) | Positive=23,674(20.7%)][0m
2026-08-15 23:03:11,813 | INFO | [93mval_stage_targets[W=26,713(16.7%) | N1=8,200(5.1%) | N2=58,266(36.4%) | N3=37,340(23.3%) | REM=29,519(18.4%)][0m
2026-08-15 23:03:11,813 | INFO | [93mval_stage_predictions[W=25,348(15.8%) | N1=1,062(0.7%) | N2=40,385(25.2%) | N3=38,721(24.2%) | REM=54,522(34.1%)][0m
2026-08-15 23:03:11,813 | INFO | [94mtrain_tonic_targets[Negative=112,950(98.6%) | Positive=1,610(1.4%)][0m
2026-08-15 23:03:11,813 | INFO | [94mtrain_tonic_predictions[Negative=105,948(92.5%) | Positive=8,612(7.5%)][0m
2026-08-15 23:03:11,813 | INFO | [94mval_tonic_targets[Negative=29,330(99.4%) | Positive=190(0.6%)][0m
2026-08-15 23:03:11,814 | INFO | [94mval_tonic_predictions[Negative=28,820(97.6%) | Positive=700(2.4%)][0m
2026-08-15 23:03:11,814 | INFO | [95mtrain_phasic_targets[Negative=100,950(88.1%) | Positive=13,610(11.9%)][0m
2026-08-15 23:03:11,814 | INFO | [95mtrain_phasic_predictions[Negative=93,258(81.4%) | Positive=21,302(18.6%)][0m
2026-08-15 23:03:11,814 | INFO | [95mval_phasic_targets[Negative=26,750(90.6%) | Positive=2,770(9.4%)][0m
2026-08-15 23:03:11,814 | INFO | [95mval_phasic_predictions[Negative=28,110(95.2%) | Positive=1,410(4.8%)][0m
2026-08-15 23:03:11,814 | INFO | [38;5;214mtrain_any_targets[Negative=89,114(77.8%) | Positive=25,446(22.2%)][0m
2026-08-15 23:03:11,814 | INFO | [38;5;214mtrain_any_predictions[Negative=91,281(79.7%) | Positive=23,279(20.3%)][0m
2026-08-15 23:03:11,814 | INFO | [38;5;214mval_any_targets[Negative=23,991(81.3%) | Positive=5,529(18.7%)][0m
2026-08-15 23:03:11,814 | INFO | [38;5;214mval_any_predictions[Negative=26,467(89.7%) | Positive=3,053(10.3%)][0m
2026-08-15 23:03:12,004 | INFO | Fold 4: novo melhor checkpoint na época 9, staging_f1_macro=0.5945
2026-08-15 23:03:54,097 | INFO | fold=4 ep=010 train=36.6s val=5.4s [92mtrain_stg_loss=0.7418 train_rswa_loss=0.5515 train_rswa_head_loss(t/p/a)=0.2221/0.1551/0.1742[0m | [93mval_stg_f1=0.6201 val_stg_kappa=0.6221 val_rswa_head_loss(t/p/a)=0.2638/0.2951/0.3471 val_f1(t/p/a)=0.377/0.537/0.706 val_f1_macro=0.5397[0m
2026-08-15 23:03:54,097 | INFO | [92mtrain_stage_targets[W=102,889(16.1%) | N1=26,438(4.1%) | N2=239,610(37.4%) | N3=154,728(24.1%) | REM=117,229(18.3%)][0m
2026-08-15 23:03:54,097 | INFO | [92mtrain_stage_predictions[W=111,381(17.4%) | N1=3,838(0.6%) | N2=250,823(39.1%) | N3=144,222(22.5%) | REM=130,630(20.4%)][0m
2026-08-15 23:03:54,098 | INFO | [92mtrain_move_targets[Negative=93,509(79.8%) | Positive=23,721(20.2%)][0m
2026-08-15 23:03:54,098 | INFO | [92mtrain_move_predictions[Negative=94,456(80.6%) | Positive=22,774(19.4%)][0m
2026-08-15 23:03:54,098 | INFO | [93mval_stage_targets[W=26,713(16.7%) | N1=8,200(5.1%) | N2=58,266(36.4%) | N3=37,340(23.3%) | REM=29,519(18.4%)][0m
2026-08-15 23:03:54,098 | INFO | [93mval_stage_predictions[W=29,039(18.1%) | N1=1,324(0.8%) | N2=41,253(25.8%) | N3=43,167(27.0%) | REM=45,255(28.3%)][0m
2026-08-15 23:03:54,098 | INFO | [94mtrain_tonic_targets[Negative=115,750(98.7%) | Positive=1,480(1.3%)][0m
2026-08-15 23:03:54,098 | INFO | [94mtrain_tonic_predictions[Negative=108,169(92.3%) | Positive=9,061(7.7%)][0m
2026-08-15 23:03:54,098 | INFO | [94mval_tonic_targets[Negative=29,330(99.4%) | Positive=190(0.6%)][0m
2026-08-15 23:03:54,098 | INFO | [94mval_tonic_predictions[Negative=29,020(98.3%) | Positive=500(1.7%)][0m
2026-08-15 23:03:54,098 | INFO | [95mtrain_phasic_targets[Negative=104,940(89.5%) | Positive=12,290(10.5%)][0m
2026-08-15 23:03:54,099 | INFO | [95mtrain_phasic_predictions[Negative=97,077(82.8%) | Positive=20,153(17.2%)][0m
2026-08-15 23:03:54,099 | INFO | [95mval_phasic_targets[Negative=26,750(90.6%) | Positive=2,770(9.4%)][0m
2026-08-15 23:03:54,099 | INFO | [95mval_phasic_predictions[Negative=28,080(95.1%) | Positive=1,440(4.9%)][0m
2026-08-15 23:03:54,099 | INFO | [38;5;214mtrain_any_targets[Negative=93,509(79.8%) | Positive=23,721(20.2%)][0m
2026-08-15 23:03:54,099 | INFO | [38;5;214mtrain_any_predictions[Negative=94,923(81.0%) | Positive=22,307(19.0%)][0m
2026-08-15 23:03:54,099 | INFO | [38;5;214mval_any_targets[Negative=23,991(81.3%) | Positive=5,529(18.7%)][0m
2026-08-15 23:03:54,099 | INFO | [38;5;214mval_any_predictions[Negative=26,355(89.3%) | Positive=3,165(10.7%)][0m
2026-08-15 23:03:54,278 | INFO | Fold 4: novo melhor checkpoint na época 10, staging_f1_macro=0.6201
2026-08-15 23:04:35,644 | INFO | fold=4 ep=011 train=35.9s val=5.4s [92mtrain_stg_loss=0.7248 train_rswa_loss=0.6143 train_rswa_head_loss(t/p/a)=0.2639/0.1685/0.1819[0m | [93mval_stg_f1=0.6418 val_stg_kappa=0.6281 val_rswa_head_loss(t/p/a)=0.1822/0.1506/0.1730 val_f1(t/p/a)=0.362/0.786/0.855 val_f1_macro=0.6677[0m
2026-08-15 23:04:35,644 | INFO | [92mtrain_stage_targets[W=75,434(11.9%) | N1=26,949(4.2%) | N2=248,530(39.2%) | N3=162,983(25.7%) | REM=120,518(19.0%)][0m
2026-08-15 23:04:35,644 | INFO | [92mtrain_stage_predictions[W=82,951(13.1%) | N1=6,655(1.0%) | N2=253,833(40.0%) | N3=150,291(23.7%) | REM=140,684(22.2%)][0m
2026-08-15 23:04:35,645 | INFO | [92mtrain_move_targets[Negative=93,601(77.7%) | Positive=26,919(22.3%)][0m
2026-08-15 23:04:35,645 | INFO | [92mtrain_move_predictions[Negative=94,888(78.7%) | Positive=25,632(21.3%)][0m
2026-08-15 23:04:35,645 | INFO | [93mval_stage_targets[W=26,713(16.7%) | N1=8,200(5.1%) | N2=58,266(36.4%) | N3=37,340(23.3%) | REM=29,519(18.4%)][0m
2026-08-15 23:04:35,645 | INFO | [93mval_stage_predictions[W=32,672(20.4%) | N1=2,987(1.9%) | N2=44,679(27.9%) | N3=38,383(24.0%) | REM=41,317(25.8%)][0m
2026-08-15 23:04:35,645 | INFO | [94mtrain_tonic_targets[Negative=118,100(98.0%) | Positive=2,420(2.0%)][0m
2026-08-15 23:04:35,645 | INFO | [94mtrain_tonic_predictions[Negative=110,007(91.3%) | Positive=10,513(8.7%)][0m
2026-08-15 23:04:35,645 | INFO | [94mval_tonic_targets[Negative=29,330(99.4%) | Positive=190(0.6%)][0m
2026-08-15 23:04:35,645 | INFO | [94mval_tonic_predictions[Negative=28,660(97.1%) | Positive=860(2.9%)][0m
2026-08-15 23:04:35,645 | INFO | [95mtrain_phasic_targets[Negative=106,100(88.0%) | Positive=14,420(12.0%)][0m
2026-08-15 23:04:35,645 | INFO | [95mtrain_phasic_predictions[Negative=97,730(81.1%) | Positive=22,790(18.9%)][0m
2026-08-15 23:04:35,645 | INFO | [95mval_phasic_targets[Negative=26,750(90.6%) | Positive=2,770(9.4%)][0m
2026-08-15 23:04:35,646 | INFO | [95mval_phasic_predictions[Negative=26,970(91.4%) | Positive=2,550(8.6%)][0m
2026-08-15 23:04:35,646 | INFO | [38;5;214mtrain_any_targets[Negative=93,601(77.7%) | Positive=26,919(22.3%)][0m
2026-08-15 23:04:35,646 | INFO | [38;5;214mtrain_any_predictions[Negative=95,348(79.1%) | Positive=25,172(20.9%)][0m
2026-08-15 23:04:35,646 | INFO | [38;5;214mval_any_targets[Negative=23,991(81.3%) | Positive=5,529(18.7%)][0m
2026-08-15 23:04:35,646 | INFO | [38;5;214mval_any_predictions[Negative=24,911(84.4%) | Positive=4,609(15.6%)][0m
2026-08-15 23:04:35,827 | INFO | Fold 4: novo melhor checkpoint na época 11, staging_f1_macro=0.6418
2026-08-15 23:05:18,113 | INFO | fold=4 ep=012 train=36.8s val=5.4s [92mtrain_stg_loss=0.6749 train_rswa_loss=0.6234 train_rswa_head_loss(t/p/a)=0.2308/0.1823/0.2104[0m | [93mval_stg_f1=0.6682 val_stg_kappa=0.6534 val_rswa_head_loss(t/p/a)=0.2977/0.2642/0.3048 val_f1(t/p/a)=0.400/0.559/0.720 val_f1_macro=0.5599[0m
2026-08-15 23:05:18,113 | INFO | [92mtrain_stage_targets[W=105,071(16.2%) | N1=27,829(4.3%) | N2=235,320(36.2%) | N3=158,285(24.3%) | REM=123,579(19.0%)][0m
2026-08-15 23:05:18,113 | INFO | [92mtrain_stage_predictions[W=114,703(17.6%) | N1=4,998(0.8%) | N2=251,603(38.7%) | N3=142,746(22.0%) | REM=136,034(20.9%)][0m
2026-08-15 23:05:18,113 | INFO | [92mtrain_move_targets[Negative=92,588(74.9%) | Positive=30,992(25.1%)][0m
2026-08-15 23:05:18,114 | INFO | [92mtrain_move_predictions[Negative=94,762(76.7%) | Positive=28,818(23.3%)][0m
2026-08-15 23:05:18,114 | INFO | [93mval_stage_targets[W=26,713(16.7%) | N1=8,200(5.1%) | N2=58,266(36.4%) | N3=37,340(23.3%) | REM=29,519(18.4%)][0m
2026-08-15 23:05:18,114 | INFO | [93mval_stage_predictions[W=25,467(15.9%) | N1=2,792(1.7%) | N2=43,609(27.2%) | N3=46,730(29.2%) | REM=41,440(25.9%)][0m
2026-08-15 23:05:18,114 | INFO | [94mtrain_tonic_targets[Negative=122,340(99.0%) | Positive=1,240(1.0%)][0m
2026-08-15 23:05:18,114 | INFO | [94mtrain_tonic_predictions[Negative=114,457(92.6%) | Positive=9,123(7.4%)][0m
2026-08-15 23:05:18,114 | INFO | [94mval_tonic_targets[Negative=29,330(99.4%) | Positive=190(0.6%)][0m
2026-08-15 23:05:18,114 | INFO | [94mval_tonic_predictions[Negative=29,110(98.6%) | Positive=410(1.4%)][0m
2026-08-15 23:05:18,114 | INFO | [95mtrain_phasic_targets[Negative=105,360(85.3%) | Positive=18,220(14.7%)][0m
2026-08-15 23:05:18,114 | INFO | [95mtrain_phasic_predictions[Negative=98,511(79.7%) | Positive=25,069(20.3%)][0m
2026-08-15 23:05:18,114 | INFO | [95mval_phasic_targets[Negative=26,750(90.6%) | Positive=2,770(9.4%)][0m
2026-08-15 23:05:18,115 | INFO | [95mval_phasic_predictions[Negative=28,000(94.9%) | Positive=1,520(5.1%)][0m
2026-08-15 23:05:18,115 | INFO | [38;5;214mtrain_any_targets[Negative=92,588(74.9%) | Positive=30,992(25.1%)][0m
2026-08-15 23:05:18,115 | INFO | [38;5;214mtrain_any_predictions[Negative=95,284(77.1%) | Positive=28,296(22.9%)][0m
2026-08-15 23:05:18,115 | INFO | [38;5;214mval_any_targets[Negative=23,991(81.3%) | Positive=5,529(18.7%)][0m
2026-08-15 23:05:18,115 | INFO | [38;5;214mval_any_predictions[Negative=26,252(88.9%) | Positive=3,268(11.1%)][0m
2026-08-15 23:05:18,301 | INFO | Fold 4: novo melhor checkpoint na época 12, staging_f1_macro=0.6682
2026-08-15 23:06:00,283 | INFO | fold=4 ep=013 train=36.5s val=5.4s [92mtrain_stg_loss=0.7318 train_rswa_loss=0.5337 train_rswa_head_loss(t/p/a)=0.1857/0.1630/0.1850[0m | [93mval_stg_f1=0.5977 val_stg_kappa=0.6198 val_rswa_head_loss(t/p/a)=0.1193/0.1625/0.1753 val_f1(t/p/a)=0.271/0.766/0.852 val_f1_macro=0.6296[0m
2026-08-15 23:06:00,283 | INFO | [92mtrain_stage_targets[W=90,240(14.0%) | N1=26,449(4.1%) | N2=233,200(36.1%) | N3=173,176(26.8%) | REM=123,339(19.1%)][0m
2026-08-15 23:06:00,283 | INFO | [92mtrain_stage_predictions[W=100,055(15.5%) | N1=6,854(1.1%) | N2=248,906(38.5%) | N3=158,317(24.5%) | REM=132,272(20.5%)][0m
2026-08-15 23:06:00,283 | INFO | [92mtrain_move_targets[Negative=94,634(76.7%) | Positive=28,706(23.3%)][0m
2026-08-15 23:06:00,283 | INFO | [92mtrain_move_predictions[Negative=96,433(78.2%) | Positive=26,907(21.8%)][0m
2026-08-15 23:06:00,283 | INFO | [93mval_stage_targets[W=26,713(16.7%) | N1=8,200(5.1%) | N2=58,266(36.4%) | N3=37,340(23.3%) | REM=29,519(18.4%)][0m
2026-08-15 23:06:00,284 | INFO | [93mval_stage_predictions[W=47,245(29.5%) | N1=1,072(0.7%) | N2=38,902(24.3%) | N3=46,066(28.8%) | REM=26,753(16.7%)][0m
2026-08-15 23:06:00,284 | INFO | [94mtrain_tonic_targets[Negative=121,980(98.9%) | Positive=1,360(1.1%)][0m
2026-08-15 23:06:00,284 | INFO | [94mtrain_tonic_predictions[Negative=115,177(93.4%) | Positive=8,163(6.6%)][0m
2026-08-15 23:06:00,284 | INFO | [94mval_tonic_targets[Negative=29,330(99.4%) | Positive=190(0.6%)][0m
2026-08-15 23:06:00,284 | INFO | [94mval_tonic_predictions[Negative=28,310(95.9%) | Positive=1,210(4.1%)][0m
2026-08-15 23:06:00,284 | INFO | [95mtrain_phasic_targets[Negative=107,110(86.8%) | Positive=16,230(13.2%)][0m
2026-08-15 23:06:00,284 | INFO | [95mtrain_phasic_predictions[Negative=99,483(80.7%) | Positive=23,857(19.3%)][0m
2026-08-15 23:06:00,284 | INFO | [95mval_phasic_targets[Negative=26,750(90.6%) | Positive=2,770(9.4%)][0m
2026-08-15 23:06:00,284 | INFO | [95mval_phasic_predictions[Negative=27,040(91.6%) | Positive=2,480(8.4%)][0m
2026-08-15 23:06:00,284 | INFO | [38;5;214mtrain_any_targets[Negative=94,634(76.7%) | Positive=28,706(23.3%)][0m
2026-08-15 23:06:00,284 | INFO | [38;5;214mtrain_any_predictions[Negative=97,039(78.7%) | Positive=26,301(21.3%)][0m
2026-08-15 23:06:00,284 | INFO | [38;5;214mval_any_targets[Negative=23,991(81.3%) | Positive=5,529(18.7%)][0m
2026-08-15 23:06:00,285 | INFO | [38;5;214mval_any_predictions[Negative=24,868(84.2%) | Positive=4,652(15.8%)][0m
2026-08-15 23:06:43,194 | INFO | fold=4 ep=014 train=37.3s val=5.5s [92mtrain_stg_loss=0.6580 train_rswa_loss=0.5937 train_rswa_head_loss(t/p/a)=0.2514/0.1631/0.1792[0m | [93mval_stg_f1=0.6998 val_stg_kappa=0.7047 val_rswa_head_loss(t/p/a)=0.1661/0.2121/0.2463 val_f1(t/p/a)=0.358/0.675/0.798 val_f1_macro=0.6104[0m
2026-08-15 23:06:43,194 | INFO | [92mtrain_stage_targets[W=116,374(17.6%) | N1=27,257(4.1%) | N2=227,710(34.4%) | N3=162,445(24.6%) | REM=127,568(19.3%)][0m
2026-08-15 23:06:43,195 | INFO | [92mtrain_stage_predictions[W=136,393(20.6%) | N1=6,889(1.0%) | N2=226,473(34.2%) | N3=162,946(24.6%) | REM=128,653(19.5%)][0m
2026-08-15 23:06:43,195 | INFO | [92mtrain_move_targets[Negative=97,737(76.6%) | Positive=29,833(23.4%)][0m
2026-08-15 23:06:43,195 | INFO | [92mtrain_move_predictions[Negative=97,910(76.8%) | Positive=29,660(23.2%)][0m
2026-08-15 23:06:43,195 | INFO | [93mval_stage_targets[W=26,713(16.7%) | N1=8,200(5.1%) | N2=58,266(36.4%) | N3=37,340(23.3%) | REM=29,519(18.4%)][0m
2026-08-15 23:06:43,195 | INFO | [93mval_stage_predictions[W=22,774(14.2%) | N1=2,418(1.5%) | N2=54,067(33.8%) | N3=40,716(25.4%) | REM=40,063(25.0%)][0m
2026-08-15 23:06:43,195 | INFO | [94mtrain_tonic_targets[Negative=125,920(98.7%) | Positive=1,650(1.3%)][0m
2026-08-15 23:06:43,195 | INFO | [94mtrain_tonic_predictions[Negative=118,180(92.6%) | Positive=9,390(7.4%)][0m
2026-08-15 23:06:43,195 | INFO | [94mval_tonic_targets[Negative=29,330(99.4%) | Positive=190(0.6%)][0m
2026-08-15 23:06:43,195 | INFO | [94mval_tonic_predictions[Negative=28,650(97.1%) | Positive=870(2.9%)][0m
2026-08-15 23:06:43,195 | INFO | [95mtrain_phasic_targets[Negative=110,330(86.5%) | Positive=17,240(13.5%)][0m
2026-08-15 23:06:43,196 | INFO | [95mtrain_phasic_predictions[Negative=101,704(79.7%) | Positive=25,866(20.3%)][0m
2026-08-15 23:06:43,196 | INFO | [95mval_phasic_targets[Negative=26,750(90.6%) | Positive=2,770(9.4%)][0m
2026-08-15 23:06:43,196 | INFO | [95mval_phasic_predictions[Negative=27,460(93.0%) | Positive=2,060(7.0%)][0m
2026-08-15 23:06:43,196 | INFO | [38;5;214mtrain_any_targets[Negative=97,737(76.6%) | Positive=29,833(23.4%)][0m
2026-08-15 23:06:43,196 | INFO | [38;5;214mtrain_any_predictions[Negative=98,394(77.1%) | Positive=29,176(22.9%)][0m
2026-08-15 23:06:43,196 | INFO | [38;5;214mval_any_targets[Negative=23,991(81.3%) | Positive=5,529(18.7%)][0m
2026-08-15 23:06:43,196 | INFO | [38;5;214mval_any_predictions[Negative=25,520(86.4%) | Positive=4,000(13.6%)][0m
2026-08-15 23:06:43,370 | INFO | Fold 4: novo melhor checkpoint na época 14, staging_f1_macro=0.6998
2026-08-15 23:07:24,890 | INFO | fold=4 ep=015 train=36.0s val=5.4s [92mtrain_stg_loss=0.5590 train_rswa_loss=0.5576 train_rswa_head_loss(t/p/a)=0.2276/0.1601/0.1699[0m | [93mval_stg_f1=0.6930 val_stg_kappa=0.7039 val_rswa_head_loss(t/p/a)=0.1367/0.1361/0.1605 val_f1(t/p/a)=0.297/0.807/0.855 val_f1_macro=0.6528[0m
2026-08-15 23:07:24,890 | INFO | [92mtrain_stage_targets[W=77,062(12.1%) | N1=33,037(5.2%) | N2=225,700(35.4%) | N3=175,785(27.6%) | REM=125,530(19.7%)][0m
2026-08-15 23:07:24,890 | INFO | [92mtrain_stage_predictions[W=77,207(12.1%) | N1=18,066(2.8%) | N2=246,627(38.7%) | N3=166,813(26.2%) | REM=128,401(20.2%)][0m
2026-08-15 23:07:24,890 | INFO | [92mtrain_move_targets[Negative=98,504(78.5%) | Positive=27,026(21.5%)][0m
2026-08-15 23:07:24,890 | INFO | [92mtrain_move_predictions[Negative=99,320(79.1%) | Positive=26,210(20.9%)][0m
2026-08-15 23:07:24,891 | INFO | [93mval_stage_targets[W=26,713(16.7%) | N1=8,200(5.1%) | N2=58,266(36.4%) | N3=37,340(23.3%) | REM=29,519(18.4%)][0m
2026-08-15 23:07:24,891 | INFO | [93mval_stage_predictions[W=34,101(21.3%) | N1=3,646(2.3%) | N2=46,870(29.3%) | N3=37,732(23.6%) | REM=37,689(23.6%)][0m
2026-08-15 23:07:24,891 | INFO | [94mtrain_tonic_targets[Negative=123,820(98.6%) | Positive=1,710(1.4%)][0m
2026-08-15 23:07:24,891 | INFO | [94mtrain_tonic_predictions[Negative=116,903(93.1%) | Positive=8,627(6.9%)][0m
2026-08-15 23:07:24,891 | INFO | [94mval_tonic_targets[Negative=29,330(99.4%) | Positive=190(0.6%)][0m
2026-08-15 23:07:24,891 | INFO | [94mval_tonic_predictions[Negative=28,430(96.3%) | Positive=1,090(3.7%)][0m
2026-08-15 23:07:24,891 | INFO | [95mtrain_phasic_targets[Negative=111,590(88.9%) | Positive=13,940(11.1%)][0m
2026-08-15 23:07:24,891 | INFO | [95mtrain_phasic_predictions[Negative=102,019(81.3%) | Positive=23,511(18.7%)][0m
2026-08-15 23:07:24,891 | INFO | [95mval_phasic_targets[Negative=26,750(90.6%) | Positive=2,770(9.4%)][0m
2026-08-15 23:07:24,891 | INFO | [95mval_phasic_predictions[Negative=26,640(90.2%) | Positive=2,880(9.8%)][0m
2026-08-15 23:07:24,891 | INFO | [38;5;214mtrain_any_targets[Negative=98,504(78.5%) | Positive=27,026(21.5%)][0m
2026-08-15 23:07:24,892 | INFO | [38;5;214mtrain_any_predictions[Negative=99,756(79.5%) | Positive=25,774(20.5%)][0m
2026-08-15 23:07:24,892 | INFO | [38;5;214mval_any_targets[Negative=23,991(81.3%) | Positive=5,529(18.7%)][0m
2026-08-15 23:07:24,892 | INFO | [38;5;214mval_any_predictions[Negative=24,241(82.1%) | Positive=5,279(17.9%)][0m
2026-08-15 23:08:06,541 | INFO | fold=4 ep=016 train=36.1s val=5.4s [92mtrain_stg_loss=0.5857 train_rswa_loss=0.5914 train_rswa_head_loss(t/p/a)=0.2556/0.1658/0.1700[0m | [93mval_stg_f1=0.7000 val_stg_kappa=0.7188 val_rswa_head_loss(t/p/a)=0.2749/0.2237/0.2620 val_f1(t/p/a)=0.329/0.672/0.793 val_f1_macro=0.5982[0m
2026-08-15 23:08:06,541 | INFO | [92mtrain_stage_targets[W=106,500(16.7%) | N1=27,550(4.3%) | N2=224,928(35.2%) | N3=165,157(25.9%) | REM=114,659(17.9%)][0m
2026-08-15 23:08:06,541 | INFO | [92mtrain_stage_predictions[W=112,587(17.6%) | N1=13,194(2.1%) | N2=243,227(38.1%) | N3=151,892(23.8%) | REM=117,894(18.5%)][0m
2026-08-15 23:08:06,541 | INFO | [92mtrain_move_targets[Negative=89,159(77.8%) | Positive=25,501(22.2%)][0m
2026-08-15 23:08:06,541 | INFO | [92mtrain_move_predictions[Negative=89,033(77.6%) | Positive=25,627(22.4%)][0m
2026-08-15 23:08:06,542 | INFO | [93mval_stage_targets[W=26,713(16.7%) | N1=8,200(5.1%) | N2=58,266(36.4%) | N3=37,340(23.3%) | REM=29,519(18.4%)][0m
2026-08-15 23:08:06,542 | INFO | [93mval_stage_predictions[W=30,596(19.1%) | N1=2,421(1.5%) | N2=57,538(36.0%) | N3=36,980(23.1%) | REM=32,503(20.3%)][0m
2026-08-15 23:08:06,542 | INFO | [94mtrain_tonic_targets[Negative=112,920(98.5%) | Positive=1,740(1.5%)][0m
2026-08-15 23:08:06,542 | INFO | [94mtrain_tonic_predictions[Negative=106,021(92.5%) | Positive=8,639(7.5%)][0m
2026-08-15 23:08:06,543 | INFO | [94mval_tonic_targets[Negative=29,330(99.4%) | Positive=190(0.6%)][0m
2026-08-15 23:08:06,543 | INFO | [94mval_tonic_predictions[Negative=28,920(98.0%) | Positive=600(2.0%)][0m
2026-08-15 23:08:06,543 | INFO | [95mtrain_phasic_targets[Negative=100,300(87.5%) | Positive=14,360(12.5%)][0m
2026-08-15 23:08:06,543 | INFO | [95mtrain_phasic_predictions[Negative=92,187(80.4%) | Positive=22,473(19.6%)][0m
2026-08-15 23:08:06,543 | INFO | [95mval_phasic_targets[Negative=26,750(90.6%) | Positive=2,770(9.4%)][0m
2026-08-15 23:08:06,543 | INFO | [95mval_phasic_predictions[Negative=27,410(92.9%) | Positive=2,110(7.1%)][0m
2026-08-15 23:08:06,544 | INFO | [38;5;214mtrain_any_targets[Negative=89,159(77.8%) | Positive=25,501(22.2%)][0m
2026-08-15 23:08:06,544 | INFO | [38;5;214mtrain_any_predictions[Negative=89,480(78.0%) | Positive=25,180(22.0%)][0m
2026-08-15 23:08:06,544 | INFO | [38;5;214mval_any_targets[Negative=23,991(81.3%) | Positive=5,529(18.7%)][0m
2026-08-15 23:08:06,544 | INFO | [38;5;214mval_any_predictions[Negative=25,494(86.4%) | Positive=4,026(13.6%)][0m
2026-08-15 23:08:06,768 | INFO | Fold 4: novo melhor checkpoint na época 16, staging_f1_macro=0.7000
2026-08-15 23:08:48,601 | INFO | fold=4 ep=017 train=36.4s val=5.4s [92mtrain_stg_loss=0.5536 train_rswa_loss=0.5084 train_rswa_head_loss(t/p/a)=0.1904/0.1565/0.1615[0m | [93mval_stg_f1=0.7113 val_stg_kappa=0.7200 val_rswa_head_loss(t/p/a)=0.3365/0.2398/0.2920 val_f1(t/p/a)=0.316/0.626/0.763 val_f1_macro=0.5682[0m
2026-08-15 23:08:48,602 | INFO | [92mtrain_stage_targets[W=101,885(15.8%) | N1=26,459(4.1%) | N2=231,990(36.0%) | N3=161,034(25.0%) | REM=123,506(19.2%)][0m
2026-08-15 23:08:48,602 | INFO | [92mtrain_stage_predictions[W=107,956(16.7%) | N1=12,045(1.9%) | N2=242,775(37.6%) | N3=156,309(24.2%) | REM=125,789(19.5%)][0m
2026-08-15 23:08:48,602 | INFO | [92mtrain_move_targets[Negative=97,048(78.6%) | Positive=26,462(21.4%)][0m
2026-08-15 23:08:48,602 | INFO | [92mtrain_move_predictions[Negative=97,939(79.3%) | Positive=25,571(20.7%)][0m
2026-08-15 23:08:48,602 | INFO | [93mval_stage_targets[W=26,713(16.7%) | N1=8,200(5.1%) | N2=58,266(36.4%) | N3=37,340(23.3%) | REM=29,519(18.4%)][0m
2026-08-15 23:08:48,602 | INFO | [93mval_stage_predictions[W=26,593(16.6%) | N1=2,927(1.8%) | N2=52,248(32.6%) | N3=33,926(21.2%) | REM=44,344(27.7%)][0m
2026-08-15 23:08:48,603 | INFO | [94mtrain_tonic_targets[Negative=121,490(98.4%) | Positive=2,020(1.6%)][0m
2026-08-15 23:08:48,603 | INFO | [94mtrain_tonic_predictions[Negative=113,899(92.2%) | Positive=9,611(7.8%)][0m
2026-08-15 23:08:48,603 | INFO | [94mval_tonic_targets[Negative=29,330(99.4%) | Positive=190(0.6%)][0m
2026-08-15 23:08:48,603 | INFO | [94mval_tonic_predictions[Negative=28,950(98.1%) | Positive=570(1.9%)][0m
2026-08-15 23:08:48,603 | INFO | [95mtrain_phasic_targets[Negative=109,190(88.4%) | Positive=14,320(11.6%)][0m
2026-08-15 23:08:48,603 | INFO | [95mtrain_phasic_predictions[Negative=100,847(81.7%) | Positive=22,663(18.3%)][0m
2026-08-15 23:08:48,603 | INFO | [95mval_phasic_targets[Negative=26,750(90.6%) | Positive=2,770(9.4%)][0m
2026-08-15 23:08:48,603 | INFO | [95mval_phasic_predictions[Negative=27,750(94.0%) | Positive=1,770(6.0%)][0m
2026-08-15 23:08:48,603 | INFO | [38;5;214mtrain_any_targets[Negative=97,048(78.6%) | Positive=26,462(21.4%)][0m
2026-08-15 23:08:48,603 | INFO | [38;5;214mtrain_any_predictions[Negative=98,335(79.6%) | Positive=25,175(20.4%)][0m
2026-08-15 23:08:48,604 | INFO | [38;5;214mval_any_targets[Negative=23,991(81.3%) | Positive=5,529(18.7%)][0m
2026-08-15 23:08:48,604 | INFO | [38;5;214mval_any_predictions[Negative=25,794(87.4%) | Positive=3,726(12.6%)][0m
2026-08-15 23:08:48,784 | INFO | Fold 4: novo melhor checkpoint na época 17, staging_f1_macro=0.7113
2026-08-15 23:09:30,538 | INFO | fold=4 ep=018 train=36.3s val=5.4s [92mtrain_stg_loss=0.5475 train_rswa_loss=0.5053 train_rswa_head_loss(t/p/a)=0.1848/0.1517/0.1688[0m | [93mval_stg_f1=0.7158 val_stg_kappa=0.7165 val_rswa_head_loss(t/p/a)=0.3185/0.2835/0.3176 val_f1(t/p/a)=0.316/0.601/0.752 val_f1_macro=0.5565[0m
2026-08-15 23:09:30,538 | INFO | [92mtrain_stage_targets[W=92,462(14.4%) | N1=28,887(4.5%) | N2=237,620(37.0%) | N3=157,088(24.4%) | REM=126,687(19.7%)][0m
2026-08-15 23:09:30,539 | INFO | [92mtrain_stage_predictions[W=92,391(14.4%) | N1=15,352(2.4%) | N2=262,542(40.8%) | N3=145,588(22.7%) | REM=126,871(19.7%)][0m
2026-08-15 23:09:30,539 | INFO | [92mtrain_move_targets[Negative=97,868(77.2%) | Positive=28,822(22.8%)][0m
2026-08-15 23:09:30,539 | INFO | [92mtrain_move_predictions[Negative=99,073(78.2%) | Positive=27,617(21.8%)][0m
2026-08-15 23:09:30,539 | INFO | [93mval_stage_targets[W=26,713(16.7%) | N1=8,200(5.1%) | N2=58,266(36.4%) | N3=37,340(23.3%) | REM=29,519(18.4%)][0m
2026-08-15 23:09:30,539 | INFO | [93mval_stage_predictions[W=32,475(20.3%) | N1=4,509(2.8%) | N2=51,393(32.1%) | N3=32,700(20.4%) | REM=38,961(24.3%)][0m
2026-08-15 23:09:30,539 | INFO | [94mtrain_tonic_targets[Negative=125,370(99.0%) | Positive=1,320(1.0%)][0m
2026-08-15 23:09:30,539 | INFO | [94mtrain_tonic_predictions[Negative=119,476(94.3%) | Positive=7,214(5.7%)][0m
2026-08-15 23:09:30,539 | INFO | [94mval_tonic_targets[Negative=29,330(99.4%) | Positive=190(0.6%)][0m
2026-08-15 23:09:30,540 | INFO | [94mval_tonic_predictions[Negative=28,950(98.1%) | Positive=570(1.9%)][0m
2026-08-15 23:09:30,540 | INFO | [95mtrain_phasic_targets[Negative=110,160(87.0%) | Positive=16,530(13.0%)][0m
2026-08-15 23:09:30,540 | INFO | [95mtrain_phasic_predictions[Negative=102,334(80.8%) | Positive=24,356(19.2%)][0m
2026-08-15 23:09:30,540 | INFO | [95mval_phasic_targets[Negative=26,750(90.6%) | Positive=2,770(9.4%)][0m
2026-08-15 23:09:30,540 | INFO | [95mval_phasic_predictions[Negative=27,900(94.5%) | Positive=1,620(5.5%)][0m
2026-08-15 23:09:30,540 | INFO | [38;5;214mtrain_any_targets[Negative=97,868(77.2%) | Positive=28,822(22.8%)][0m
2026-08-15 23:09:30,540 | INFO | [38;5;214mtrain_any_predictions[Negative=99,598(78.6%) | Positive=27,092(21.4%)][0m
2026-08-15 23:09:30,540 | INFO | [38;5;214mval_any_targets[Negative=23,991(81.3%) | Positive=5,529(18.7%)][0m
2026-08-15 23:09:30,540 | INFO | [38;5;214mval_any_predictions[Negative=25,910(87.8%) | Positive=3,610(12.2%)][0m
2026-08-15 23:09:30,734 | INFO | Fold 4: novo melhor checkpoint na época 18, staging_f1_macro=0.7158
2026-08-15 23:10:12,488 | INFO | fold=4 ep=019 train=36.3s val=5.4s [92mtrain_stg_loss=0.5366 train_rswa_loss=0.4797 train_rswa_head_loss(t/p/a)=0.1525/0.1547/0.1726[0m | [93mval_stg_f1=0.7448 val_stg_kappa=0.7561 val_rswa_head_loss(t/p/a)=0.1419/0.1186/0.1414 val_f1(t/p/a)=0.224/0.817/0.856 val_f1_macro=0.6322[0m
2026-08-15 23:10:12,488 | INFO | [92mtrain_stage_targets[W=109,043(17.0%) | N1=29,368(4.6%) | N2=215,280(33.6%) | N3=163,964(25.6%) | REM=123,239(19.2%)][0m
2026-08-15 23:10:12,488 | INFO | [92mtrain_stage_predictions[W=115,522(18.0%) | N1=14,028(2.2%) | N2=226,648(35.4%) | N3=161,890(25.3%) | REM=122,806(19.2%)][0m
2026-08-15 23:10:12,489 | INFO | [92mtrain_move_targets[Negative=96,515(78.3%) | Positive=26,725(21.7%)][0m
2026-08-15 23:10:12,489 | INFO | [92mtrain_move_predictions[Negative=97,274(78.9%) | Positive=25,966(21.1%)][0m
2026-08-15 23:10:12,489 | INFO | [93mval_stage_targets[W=26,713(16.7%) | N1=8,200(5.1%) | N2=58,266(36.4%) | N3=37,340(23.3%) | REM=29,519(18.4%)][0m
2026-08-15 23:10:12,489 | INFO | [93mval_stage_predictions[W=32,806(20.5%) | N1=4,317(2.7%) | N2=61,319(38.3%) | N3=31,154(19.5%) | REM=30,442(19.0%)][0m
2026-08-15 23:10:12,489 | INFO | [94mtrain_tonic_targets[Negative=122,000(99.0%) | Positive=1,240(1.0%)][0m
2026-08-15 23:10:12,489 | INFO | [94mtrain_tonic_predictions[Negative=115,788(94.0%) | Positive=7,452(6.0%)][0m
2026-08-15 23:10:12,489 | INFO | [94mval_tonic_targets[Negative=29,330(99.4%) | Positive=190(0.6%)][0m
2026-08-15 23:10:12,489 | INFO | [94mval_tonic_predictions[Negative=28,010(94.9%) | Positive=1,510(5.1%)][0m
2026-08-15 23:10:12,489 | INFO | [95mtrain_phasic_targets[Negative=107,880(87.5%) | Positive=15,360(12.5%)][0m
2026-08-15 23:10:12,490 | INFO | [95mtrain_phasic_predictions[Negative=100,660(81.7%) | Positive=22,580(18.3%)][0m
2026-08-15 23:10:12,490 | INFO | [95mval_phasic_targets[Negative=26,750(90.6%) | Positive=2,770(9.4%)][0m
2026-08-15 23:10:12,490 | INFO | [95mval_phasic_predictions[Negative=26,440(89.6%) | Positive=3,080(10.4%)][0m
2026-08-15 23:10:12,490 | INFO | [38;5;214mtrain_any_targets[Negative=96,515(78.3%) | Positive=26,725(21.7%)][0m
2026-08-15 23:10:12,490 | INFO | [38;5;214mtrain_any_predictions[Negative=97,811(79.4%) | Positive=25,429(20.6%)][0m
2026-08-15 23:10:12,490 | INFO | [38;5;214mval_any_targets[Negative=23,991(81.3%) | Positive=5,529(18.7%)][0m
2026-08-15 23:10:12,490 | INFO | [38;5;214mval_any_predictions[Negative=23,432(79.4%) | Positive=6,088(20.6%)][0m
2026-08-15 23:10:12,675 | INFO | Fold 4: novo melhor checkpoint na época 19, staging_f1_macro=0.7448
2026-08-15 23:10:55,027 | INFO | fold=4 ep=020 train=36.9s val=5.4s [92mtrain_stg_loss=0.5166 train_rswa_loss=0.4835 train_rswa_head_loss(t/p/a)=0.1671/0.1493/0.1671[0m | [93mval_stg_f1=0.6912 val_stg_kappa=0.6593 val_rswa_head_loss(t/p/a)=0.1377/0.1230/0.1483 val_f1(t/p/a)=0.270/0.819/0.851 val_f1_macro=0.6463[0m
2026-08-15 23:10:55,027 | INFO | [92mtrain_stage_targets[W=109,821(16.8%) | N1=30,979(4.8%) | N2=223,299(34.3%) | N3=170,886(26.2%) | REM=116,859(17.9%)][0m
2026-08-15 23:10:55,027 | INFO | [92mtrain_stage_predictions[W=117,443(18.0%) | N1=13,963(2.1%) | N2=244,644(37.5%) | N3=159,430(24.5%) | REM=116,364(17.9%)][0m
2026-08-15 23:10:55,028 | INFO | [92mtrain_move_targets[Negative=89,406(76.5%) | Positive=27,454(23.5%)][0m
2026-08-15 23:10:55,028 | INFO | [92mtrain_move_predictions[Negative=89,832(76.9%) | Positive=27,028(23.1%)][0m
2026-08-15 23:10:55,028 | INFO | [93mval_stage_targets[W=26,713(16.7%) | N1=8,200(5.1%) | N2=58,266(36.4%) | N3=37,340(23.3%) | REM=29,519(18.4%)][0m
2026-08-15 23:10:55,028 | INFO | [93mval_stage_predictions[W=24,017(15.0%) | N1=2,965(1.9%) | N2=40,289(25.2%) | N3=59,755(37.3%) | REM=33,012(20.6%)][0m
2026-08-15 23:10:55,028 | INFO | [94mtrain_tonic_targets[Negative=115,470(98.8%) | Positive=1,390(1.2%)][0m
2026-08-15 23:10:55,028 | INFO | [94mtrain_tonic_predictions[Negative=109,471(93.7%) | Positive=7,389(6.3%)][0m
2026-08-15 23:10:55,028 | INFO | [94mval_tonic_targets[Negative=29,330(99.4%) | Positive=190(0.6%)][0m
2026-08-15 23:10:55,028 | INFO | [94mval_tonic_predictions[Negative=28,300(95.9%) | Positive=1,220(4.1%)][0m
2026-08-15 23:10:55,029 | INFO | [95mtrain_phasic_targets[Negative=100,940(86.4%) | Positive=15,920(13.6%)][0m
2026-08-15 23:10:55,029 | INFO | [95mtrain_phasic_predictions[Negative=93,429(79.9%) | Positive=23,431(20.1%)][0m
2026-08-15 23:10:55,029 | INFO | [95mval_phasic_targets[Negative=26,750(90.6%) | Positive=2,770(9.4%)][0m
2026-08-15 23:10:55,029 | INFO | [95mval_phasic_predictions[Negative=26,280(89.0%) | Positive=3,240(11.0%)][0m
2026-08-15 23:10:55,029 | INFO | [38;5;214mtrain_any_targets[Negative=89,406(76.5%) | Positive=27,454(23.5%)][0m
2026-08-15 23:10:55,029 | INFO | [38;5;214mtrain_any_predictions[Negative=90,301(77.3%) | Positive=26,559(22.7%)][0m
2026-08-15 23:10:55,029 | INFO | [38;5;214mval_any_targets[Negative=23,991(81.3%) | Positive=5,529(18.7%)][0m
2026-08-15 23:10:55,029 | INFO | [38;5;214mval_any_predictions[Negative=23,238(78.7%) | Positive=6,282(21.3%)][0m
2026-08-15 23:11:36,639 | INFO | fold=4 ep=021 train=36.0s val=5.4s [92mtrain_stg_loss=0.5276 train_rswa_loss=0.5000 train_rswa_head_loss(t/p/a)=0.1939/0.1486/0.1575[0m | [93mval_stg_f1=0.7133 val_stg_kappa=0.7330 val_rswa_head_loss(t/p/a)=0.1428/0.1623/0.1918 val_f1(t/p/a)=0.330/0.759/0.838 val_f1_macro=0.6425[0m
2026-08-15 23:11:36,639 | INFO | [92mtrain_stage_targets[W=106,494(16.8%) | N1=26,646(4.2%) | N2=231,060(36.5%) | N3=149,106(23.5%) | REM=120,148(19.0%)][0m
2026-08-15 23:11:36,640 | INFO | [92mtrain_stage_predictions[W=109,971(17.4%) | N1=16,653(2.6%) | N2=244,180(38.5%) | N3=141,894(22.4%) | REM=120,756(19.1%)][0m
2026-08-15 23:11:36,640 | INFO | [92mtrain_move_targets[Negative=91,399(76.1%) | Positive=28,751(23.9%)][0m
2026-08-15 23:11:36,640 | INFO | [92mtrain_move_predictions[Negative=91,994(76.6%) | Positive=28,156(23.4%)][0m
2026-08-15 23:11:36,640 | INFO | [93mval_stage_targets[W=26,713(16.7%) | N1=8,200(5.1%) | N2=58,266(36.4%) | N3=37,340(23.3%) | REM=29,519(18.4%)][0m
2026-08-15 23:11:36,640 | INFO | [93mval_stage_predictions[W=35,916(22.4%) | N1=3,055(1.9%) | N2=58,497(36.6%) | N3=34,351(21.5%) | REM=28,219(17.6%)][0m
2026-08-15 23:11:36,640 | INFO | [94mtrain_tonic_targets[Negative=118,260(98.4%) | Positive=1,890(1.6%)][0m
2026-08-15 23:11:36,640 | INFO | [94mtrain_tonic_predictions[Negative=111,720(93.0%) | Positive=8,430(7.0%)][0m
2026-08-15 23:11:36,640 | INFO | [94mval_tonic_targets[Negative=29,330(99.4%) | Positive=190(0.6%)][0m
2026-08-15 23:11:36,641 | INFO | [94mval_tonic_predictions[Negative=28,560(96.7%) | Positive=960(3.3%)][0m
2026-08-15 23:11:36,641 | INFO | [95mtrain_phasic_targets[Negative=103,590(86.2%) | Positive=16,560(13.8%)][0m
2026-08-15 23:11:36,641 | INFO | [95mtrain_phasic_predictions[Negative=95,773(79.7%) | Positive=24,377(20.3%)][0m
2026-08-15 23:11:36,641 | INFO | [95mval_phasic_targets[Negative=26,750(90.6%) | Positive=2,770(9.4%)][0m
2026-08-15 23:11:36,641 | INFO | [95mval_phasic_predictions[Negative=27,260(92.3%) | Positive=2,260(7.7%)][0m
2026-08-15 23:11:36,641 | INFO | [38;5;214mtrain_any_targets[Negative=91,399(76.1%) | Positive=28,751(23.9%)][0m
2026-08-15 23:11:36,641 | INFO | [38;5;214mtrain_any_predictions[Negative=92,467(77.0%) | Positive=27,683(23.0%)][0m
2026-08-15 23:11:36,641 | INFO | [38;5;214mval_any_targets[Negative=23,991(81.3%) | Positive=5,529(18.7%)][0m
2026-08-15 23:11:36,641 | INFO | [38;5;214mval_any_predictions[Negative=24,708(83.7%) | Positive=4,812(16.3%)][0m
2026-08-15 23:12:18,867 | INFO | fold=4 ep=022 train=36.7s val=5.4s [92mtrain_stg_loss=0.4839 train_rswa_loss=0.4694 train_rswa_head_loss(t/p/a)=0.1732/0.1444/0.1518[0m | [93mval_stg_f1=0.7359 val_stg_kappa=0.7265 val_rswa_head_loss(t/p/a)=0.2342/0.1619/0.1991 val_f1(t/p/a)=0.301/0.753/0.835 val_f1_macro=0.6296[0m
2026-08-15 23:12:18,867 | INFO | [92mtrain_stage_targets[W=98,082(15.1%) | N1=31,250(4.8%) | N2=231,848(35.7%) | N3=170,646(26.3%) | REM=117,148(18.1%)][0m
2026-08-15 23:12:18,868 | INFO | [92mtrain_stage_predictions[W=107,018(16.5%) | N1=13,448(2.1%) | N2=248,924(38.4%) | N3=159,409(24.6%) | REM=120,175(18.5%)][0m
2026-08-15 23:12:18,868 | INFO | [92mtrain_move_targets[Negative=91,755(78.3%) | Positive=25,395(21.7%)][0m
2026-08-15 23:12:18,868 | INFO | [92mtrain_move_predictions[Negative=92,903(79.3%) | Positive=24,247(20.7%)][0m
2026-08-15 23:12:18,868 | INFO | [93mval_stage_targets[W=26,713(16.7%) | N1=8,200(5.1%) | N2=58,266(36.4%) | N3=37,340(23.3%) | REM=29,519(18.4%)][0m
2026-08-15 23:12:18,868 | INFO | [93mval_stage_predictions[W=27,668(17.3%) | N1=4,666(2.9%) | N2=49,357(30.8%) | N3=46,232(28.9%) | REM=32,115(20.1%)][0m
2026-08-15 23:12:18,868 | INFO | [94mtrain_tonic_targets[Negative=115,540(98.6%) | Positive=1,610(1.4%)][0m
2026-08-15 23:12:18,868 | INFO | [94mtrain_tonic_predictions[Negative=109,759(93.7%) | Positive=7,391(6.3%)][0m
2026-08-15 23:12:18,868 | INFO | [94mval_tonic_targets[Negative=29,330(99.4%) | Positive=190(0.6%)][0m
2026-08-15 23:12:18,869 | INFO | [94mval_tonic_predictions[Negative=28,780(97.5%) | Positive=740(2.5%)][0m
2026-08-15 23:12:18,869 | INFO | [95mtrain_phasic_targets[Negative=103,590(88.4%) | Positive=13,560(11.6%)][0m
2026-08-15 23:12:18,869 | INFO | [95mtrain_phasic_predictions[Negative=96,036(82.0%) | Positive=21,114(18.0%)][0m
2026-08-15 23:12:18,869 | INFO | [95mval_phasic_targets[Negative=26,750(90.6%) | Positive=2,770(9.4%)][0m
2026-08-15 23:12:18,869 | INFO | [95mval_phasic_predictions[Negative=27,270(92.4%) | Positive=2,250(7.6%)][0m
2026-08-15 23:12:18,869 | INFO | [38;5;214mtrain_any_targets[Negative=91,755(78.3%) | Positive=25,395(21.7%)][0m
2026-08-15 23:12:18,869 | INFO | [38;5;214mtrain_any_predictions[Negative=93,312(79.7%) | Positive=23,838(20.3%)][0m
2026-08-15 23:12:18,869 | INFO | [38;5;214mval_any_targets[Negative=23,991(81.3%) | Positive=5,529(18.7%)][0m
2026-08-15 23:12:18,869 | INFO | [38;5;214mval_any_predictions[Negative=24,870(84.2%) | Positive=4,650(15.8%)][0m
2026-08-15 23:13:02,280 | INFO | fold=4 ep=023 train=37.8s val=5.4s [92mtrain_stg_loss=0.5569 train_rswa_loss=0.5232 train_rswa_head_loss(t/p/a)=0.1952/0.1552/0.1728[0m | [93mval_stg_f1=0.7538 val_stg_kappa=0.7441 val_rswa_head_loss(t/p/a)=0.1400/0.1367/0.1597 val_f1(t/p/a)=0.322/0.813/0.854 val_f1_macro=0.6627[0m
2026-08-15 23:13:02,280 | INFO | [92mtrain_stage_targets[W=117,751(17.6%) | N1=32,730(4.9%) | N2=237,329(35.4%) | N3=164,567(24.6%) | REM=117,637(17.6%)][0m
2026-08-15 23:13:02,280 | INFO | [92mtrain_stage_predictions[W=121,649(18.2%) | N1=17,095(2.6%) | N2=267,384(39.9%) | N3=145,359(21.7%) | REM=118,527(17.7%)][0m
2026-08-15 23:13:02,280 | INFO | [92mtrain_move_targets[Negative=89,375(76.0%) | Positive=28,265(24.0%)][0m
2026-08-15 23:13:02,281 | INFO | [92mtrain_move_predictions[Negative=89,808(76.3%) | Positive=27,832(23.7%)][0m
2026-08-15 23:13:02,281 | INFO | [93mval_stage_targets[W=26,713(16.7%) | N1=8,200(5.1%) | N2=58,266(36.4%) | N3=37,340(23.3%) | REM=29,519(18.4%)][0m
2026-08-15 23:13:02,281 | INFO | [93mval_stage_predictions[W=22,088(13.8%) | N1=4,925(3.1%) | N2=61,509(38.4%) | N3=32,013(20.0%) | REM=39,503(24.7%)][0m
2026-08-15 23:13:02,281 | INFO | [94mtrain_tonic_targets[Negative=116,270(98.8%) | Positive=1,370(1.2%)][0m
2026-08-15 23:13:02,281 | INFO | [94mtrain_tonic_predictions[Negative=109,917(93.4%) | Positive=7,723(6.6%)][0m
2026-08-15 23:13:02,281 | INFO | [94mval_tonic_targets[Negative=29,330(99.4%) | Positive=190(0.6%)][0m
2026-08-15 23:13:02,281 | INFO | [94mval_tonic_predictions[Negative=28,530(96.6%) | Positive=990(3.4%)][0m
2026-08-15 23:13:02,281 | INFO | [95mtrain_phasic_targets[Negative=101,700(86.5%) | Positive=15,940(13.5%)][0m
2026-08-15 23:13:02,281 | INFO | [95mtrain_phasic_predictions[Negative=93,422(79.4%) | Positive=24,218(20.6%)][0m
2026-08-15 23:13:02,281 | INFO | [95mval_phasic_targets[Negative=26,750(90.6%) | Positive=2,770(9.4%)][0m
2026-08-15 23:13:02,281 | INFO | [95mval_phasic_predictions[Negative=26,900(91.1%) | Positive=2,620(8.9%)][0m
2026-08-15 23:13:02,282 | INFO | [38;5;214mtrain_any_targets[Negative=89,375(76.0%) | Positive=28,265(24.0%)][0m
2026-08-15 23:13:02,282 | INFO | [38;5;214mtrain_any_predictions[Negative=90,327(76.8%) | Positive=27,313(23.2%)][0m
2026-08-15 23:13:02,282 | INFO | [38;5;214mval_any_targets[Negative=23,991(81.3%) | Positive=5,529(18.7%)][0m
2026-08-15 23:13:02,282 | INFO | [38;5;214mval_any_predictions[Negative=24,156(81.8%) | Positive=5,364(18.2%)][0m
2026-08-15 23:13:02,460 | INFO | Fold 4: novo melhor checkpoint na época 23, staging_f1_macro=0.7538
2026-08-15 23:13:44,303 | INFO | fold=4 ep=024 train=36.4s val=5.4s [92mtrain_stg_loss=0.4719 train_rswa_loss=0.4407 train_rswa_head_loss(t/p/a)=0.1487/0.1385/0.1536[0m | [93mval_stg_f1=0.7071 val_stg_kappa=0.7355 val_rswa_head_loss(t/p/a)=0.2285/0.1928/0.2346 val_f1(t/p/a)=0.371/0.675/0.790 val_f1_macro=0.6123[0m
2026-08-15 23:13:44,304 | INFO | [92mtrain_stage_targets[W=128,699(20.1%) | N1=25,449(4.0%) | N2=231,770(36.1%) | N3=148,866(23.2%) | REM=106,700(16.6%)][0m
2026-08-15 23:13:44,304 | INFO | [92mtrain_stage_predictions[W=134,339(20.9%) | N1=14,016(2.2%) | N2=247,724(38.6%) | N3=135,357(21.1%) | REM=110,048(17.2%)][0m
2026-08-15 23:13:44,304 | INFO | [92mtrain_move_targets[Negative=82,245(77.1%) | Positive=24,455(22.9%)][0m
2026-08-15 23:13:44,304 | INFO | [92mtrain_move_predictions[Negative=83,232(78.0%) | Positive=23,468(22.0%)][0m
2026-08-15 23:13:44,304 | INFO | [93mval_stage_targets[W=26,713(16.7%) | N1=8,200(5.1%) | N2=58,266(36.4%) | N3=37,340(23.3%) | REM=29,519(18.4%)][0m
2026-08-15 23:13:44,304 | INFO | [93mval_stage_predictions[W=38,111(23.8%) | N1=2,804(1.8%) | N2=54,196(33.9%) | N3=36,990(23.1%) | REM=27,937(17.5%)][0m
2026-08-15 23:13:44,304 | INFO | [94mtrain_tonic_targets[Negative=105,300(98.7%) | Positive=1,400(1.3%)][0m
2026-08-15 23:13:44,304 | INFO | [94mtrain_tonic_predictions[Negative=100,069(93.8%) | Positive=6,631(6.2%)][0m
2026-08-15 23:13:44,305 | INFO | [94mval_tonic_targets[Negative=29,330(99.4%) | Positive=190(0.6%)][0m
2026-08-15 23:13:44,305 | INFO | [94mval_tonic_predictions[Negative=28,740(97.4%) | Positive=780(2.6%)][0m
2026-08-15 23:13:44,305 | INFO | [95mtrain_phasic_targets[Negative=92,910(87.1%) | Positive=13,790(12.9%)][0m
2026-08-15 23:13:44,305 | INFO | [95mtrain_phasic_predictions[Negative=86,235(80.8%) | Positive=20,465(19.2%)][0m
2026-08-15 23:13:44,305 | INFO | [95mval_phasic_targets[Negative=26,750(90.6%) | Positive=2,770(9.4%)][0m
2026-08-15 23:13:44,305 | INFO | [95mval_phasic_predictions[Negative=27,760(94.0%) | Positive=1,760(6.0%)][0m
2026-08-15 23:13:44,305 | INFO | [38;5;214mtrain_any_targets[Negative=82,245(77.1%) | Positive=24,455(22.9%)][0m
2026-08-15 23:13:44,305 | INFO | [38;5;214mtrain_any_predictions[Negative=83,648(78.4%) | Positive=23,052(21.6%)][0m
2026-08-15 23:13:44,305 | INFO | [38;5;214mval_any_targets[Negative=23,991(81.3%) | Positive=5,529(18.7%)][0m
2026-08-15 23:13:44,305 | INFO | [38;5;214mval_any_predictions[Negative=25,360(85.9%) | Positive=4,160(14.1%)][0m
2026-08-15 23:14:26,864 | INFO | fold=4 ep=025 train=37.0s val=5.4s [92mtrain_stg_loss=0.4590 train_rswa_loss=0.4261 train_rswa_head_loss(t/p/a)=0.1570/0.1319/0.1372[0m | [93mval_stg_f1=0.6969 val_stg_kappa=0.7150 val_rswa_head_loss(t/p/a)=0.1940/0.1905/0.2192 val_f1(t/p/a)=0.300/0.697/0.814 val_f1_macro=0.6040[0m
2026-08-15 23:14:26,864 | INFO | [92mtrain_stage_targets[W=95,310(14.6%) | N1=34,579(5.3%) | N2=235,380(36.0%) | N3=162,878(24.9%) | REM=126,267(19.3%)][0m
2026-08-15 23:14:26,865 | INFO | [92mtrain_stage_predictions[W=99,704(15.2%) | N1=18,250(2.8%) | N2=261,609(40.0%) | N3=147,137(22.5%) | REM=127,714(19.5%)][0m
2026-08-15 23:14:26,865 | INFO | [92mtrain_move_targets[Negative=98,440(78.0%) | Positive=27,830(22.0%)][0m
2026-08-15 23:14:26,865 | INFO | [92mtrain_move_predictions[Negative=99,180(78.5%) | Positive=27,090(21.5%)][0m
2026-08-15 23:14:26,866 | INFO | [93mval_stage_targets[W=26,713(16.7%) | N1=8,200(5.1%) | N2=58,266(36.4%) | N3=37,340(23.3%) | REM=29,519(18.4%)][0m
2026-08-15 23:14:26,866 | INFO | [93mval_stage_predictions[W=41,491(25.9%) | N1=4,567(2.9%) | N2=54,679(34.2%) | N3=32,765(20.5%) | REM=26,536(16.6%)][0m
2026-08-15 23:14:26,866 | INFO | [94mtrain_tonic_targets[Negative=124,710(98.8%) | Positive=1,560(1.2%)][0m
2026-08-15 23:14:26,867 | INFO | [94mtrain_tonic_predictions[Negative=117,958(93.4%) | Positive=8,312(6.6%)][0m
2026-08-15 23:14:26,867 | INFO | [94mval_tonic_targets[Negative=29,330(99.4%) | Positive=190(0.6%)][0m
2026-08-15 23:14:26,867 | INFO | [94mval_tonic_predictions[Negative=28,710(97.3%) | Positive=810(2.7%)][0m
2026-08-15 23:14:26,867 | INFO | [95mtrain_phasic_targets[Negative=111,050(87.9%) | Positive=15,220(12.1%)][0m
2026-08-15 23:14:26,867 | INFO | [95mtrain_phasic_predictions[Negative=102,878(81.5%) | Positive=23,392(18.5%)][0m
2026-08-15 23:14:26,868 | INFO | [95mval_phasic_targets[Negative=26,750(90.6%) | Positive=2,770(9.4%)][0m
2026-08-15 23:14:26,868 | INFO | [95mval_phasic_predictions[Negative=27,730(93.9%) | Positive=1,790(6.1%)][0m
2026-08-15 23:14:26,868 | INFO | [38;5;214mtrain_any_targets[Negative=98,440(78.0%) | Positive=27,830(22.0%)][0m
2026-08-15 23:14:26,868 | INFO | [38;5;214mtrain_any_predictions[Negative=99,559(78.8%) | Positive=26,711(21.2%)][0m
2026-08-15 23:14:26,868 | INFO | [38;5;214mval_any_targets[Negative=23,991(81.3%) | Positive=5,529(18.7%)][0m
2026-08-15 23:14:26,869 | INFO | [38;5;214mval_any_predictions[Negative=25,227(85.5%) | Positive=4,293(14.5%)][0m
2026-08-15 23:15:08,998 | INFO | fold=4 ep=026 train=36.6s val=5.4s [92mtrain_stg_loss=0.4409 train_rswa_loss=0.4312 train_rswa_head_loss(t/p/a)=0.1531/0.1373/0.1409[0m | [93mval_stg_f1=0.7474 val_stg_kappa=0.7686 val_rswa_head_loss(t/p/a)=0.2177/0.2432/0.2800 val_f1(t/p/a)=0.351/0.631/0.780 val_f1_macro=0.5869[0m
2026-08-15 23:15:08,998 | INFO | [92mtrain_stage_targets[W=98,315(15.2%) | N1=28,058(4.3%) | N2=224,810(34.7%) | N3=169,073(26.1%) | REM=126,968(19.6%)][0m
2026-08-15 23:15:08,998 | INFO | [92mtrain_stage_predictions[W=101,820(15.7%) | N1=18,151(2.8%) | N2=240,528(37.2%) | N3=158,371(24.5%) | REM=128,354(19.8%)][0m
2026-08-15 23:15:08,998 | INFO | [92mtrain_move_targets[Negative=98,736(77.8%) | Positive=28,234(22.2%)][0m
2026-08-15 23:15:08,998 | INFO | [92mtrain_move_predictions[Negative=99,356(78.3%) | Positive=27,614(21.7%)][0m
2026-08-15 23:15:08,998 | INFO | [93mval_stage_targets[W=26,713(16.7%) | N1=8,200(5.1%) | N2=58,266(36.4%) | N3=37,340(23.3%) | REM=29,519(18.4%)][0m
2026-08-15 23:15:08,999 | INFO | [93mval_stage_predictions[W=30,868(19.3%) | N1=3,560(2.2%) | N2=61,644(38.5%) | N3=36,462(22.8%) | REM=27,504(17.2%)][0m
2026-08-15 23:15:08,999 | INFO | [94mtrain_tonic_targets[Negative=125,220(98.6%) | Positive=1,750(1.4%)][0m
2026-08-15 23:15:08,999 | INFO | [94mtrain_tonic_predictions[Negative=119,658(94.2%) | Positive=7,312(5.8%)][0m
2026-08-15 23:15:08,999 | INFO | [94mval_tonic_targets[Negative=29,330(99.4%) | Positive=190(0.6%)][0m
2026-08-15 23:15:08,999 | INFO | [94mval_tonic_predictions[Negative=28,740(97.4%) | Positive=780(2.6%)][0m
2026-08-15 23:15:08,999 | INFO | [95mtrain_phasic_targets[Negative=111,370(87.7%) | Positive=15,600(12.3%)][0m
2026-08-15 23:15:08,999 | INFO | [95mtrain_phasic_predictions[Negative=103,409(81.4%) | Positive=23,561(18.6%)][0m
2026-08-15 23:15:08,999 | INFO | [95mval_phasic_targets[Negative=26,750(90.6%) | Positive=2,770(9.4%)][0m
2026-08-15 23:15:08,999 | INFO | [95mval_phasic_predictions[Negative=28,040(95.0%) | Positive=1,480(5.0%)][0m
2026-08-15 23:15:08,999 | INFO | [38;5;214mtrain_any_targets[Negative=98,736(77.8%) | Positive=28,234(22.2%)][0m
2026-08-15 23:15:08,999 | INFO | [38;5;214mtrain_any_predictions[Negative=99,761(78.6%) | Positive=27,209(21.4%)][0m
2026-08-15 23:15:08,999 | INFO | [38;5;214mval_any_targets[Negative=23,991(81.3%) | Positive=5,529(18.7%)][0m
2026-08-15 23:15:09,000 | INFO | [38;5;214mval_any_predictions[Negative=25,522(86.5%) | Positive=3,998(13.5%)][0m
2026-08-15 23:15:50,275 | INFO | fold=4 ep=027 train=35.7s val=5.4s [92mtrain_stg_loss=0.4631 train_rswa_loss=0.4056 train_rswa_head_loss(t/p/a)=0.1272/0.1340/0.1443[0m | [93mval_stg_f1=0.7388 val_stg_kappa=0.7479 val_rswa_head_loss(t/p/a)=0.2281/0.1632/0.1918 val_f1(t/p/a)=0.304/0.739/0.823 val_f1_macro=0.6223[0m
2026-08-15 23:15:50,275 | INFO | [92mtrain_stage_targets[W=95,216(15.1%) | N1=27,256(4.3%) | N2=218,550(34.6%) | N3=164,303(26.0%) | REM=125,879(19.9%)][0m
2026-08-15 23:15:50,276 | INFO | [92mtrain_stage_predictions[W=98,341(15.6%) | N1=15,228(2.4%) | N2=234,034(37.1%) | N3=156,818(24.8%) | REM=126,783(20.1%)][0m
2026-08-15 23:15:50,276 | INFO | [92mtrain_move_targets[Negative=98,304(78.1%) | Positive=27,576(21.9%)][0m
2026-08-15 23:15:50,276 | INFO | [92mtrain_move_predictions[Negative=98,851(78.5%) | Positive=27,029(21.5%)][0m
2026-08-15 23:15:50,276 | INFO | [93mval_stage_targets[W=26,713(16.7%) | N1=8,200(5.1%) | N2=58,266(36.4%) | N3=37,340(23.3%) | REM=29,519(18.4%)][0m
2026-08-15 23:15:50,277 | INFO | [93mval_stage_predictions[W=32,292(20.2%) | N1=4,235(2.6%) | N2=54,534(34.1%) | N3=41,939(26.2%) | REM=27,038(16.9%)][0m
2026-08-15 23:15:50,277 | INFO | [94mtrain_tonic_targets[Negative=124,460(98.9%) | Positive=1,420(1.1%)][0m
2026-08-15 23:15:50,277 | INFO | [94mtrain_tonic_predictions[Negative=119,184(94.7%) | Positive=6,696(5.3%)][0m
2026-08-15 23:15:50,277 | INFO | [94mval_tonic_targets[Negative=29,330(99.4%) | Positive=190(0.6%)][0m
2026-08-15 23:15:50,277 | INFO | [94mval_tonic_predictions[Negative=28,790(97.5%) | Positive=730(2.5%)][0m
2026-08-15 23:15:50,278 | INFO | [95mtrain_phasic_targets[Negative=110,210(87.6%) | Positive=15,670(12.4%)][0m
2026-08-15 23:15:50,278 | INFO | [95mtrain_phasic_predictions[Negative=102,950(81.8%) | Positive=22,930(18.2%)][0m
2026-08-15 23:15:50,278 | INFO | [95mval_phasic_targets[Negative=26,750(90.6%) | Positive=2,770(9.4%)][0m
2026-08-15 23:15:50,278 | INFO | [95mval_phasic_predictions[Negative=27,530(93.3%) | Positive=1,990(6.7%)][0m
2026-08-15 23:15:50,278 | INFO | [38;5;214mtrain_any_targets[Negative=98,304(78.1%) | Positive=27,576(21.9%)][0m
2026-08-15 23:15:50,278 | INFO | [38;5;214mtrain_any_predictions[Negative=99,372(78.9%) | Positive=26,508(21.1%)][0m
2026-08-15 23:15:50,279 | INFO | [38;5;214mval_any_targets[Negative=23,991(81.3%) | Positive=5,529(18.7%)][0m
2026-08-15 23:15:50,279 | INFO | [38;5;214mval_any_predictions[Negative=24,700(83.7%) | Positive=4,820(16.3%)][0m
2026-08-15 23:16:31,924 | INFO | fold=4 ep=028 train=36.1s val=5.4s [92mtrain_stg_loss=0.4834 train_rswa_loss=0.4030 train_rswa_head_loss(t/p/a)=0.1321/0.1321/0.1388[0m | [93mval_stg_f1=0.7541 val_stg_kappa=0.7735 val_rswa_head_loss(t/p/a)=0.2482/0.1861/0.2173 val_f1(t/p/a)=0.283/0.709/0.826 val_f1_macro=0.6058[0m
2026-08-15 23:16:31,924 | INFO | [92mtrain_stage_targets[W=97,629(15.3%) | N1=27,378(4.3%) | N2=243,089(38.0%) | N3=156,469(24.5%) | REM=114,779(18.0%)][0m
2026-08-15 23:16:31,924 | INFO | [92mtrain_stage_predictions[W=94,187(14.7%) | N1=15,125(2.4%) | N2=268,484(42.0%) | N3=144,310(22.6%) | REM=117,238(18.3%)][0m
2026-08-15 23:16:31,924 | INFO | [92mtrain_move_targets[Negative=89,547(78.0%) | Positive=25,233(22.0%)][0m
2026-08-15 23:16:31,925 | INFO | [92mtrain_move_predictions[Negative=89,984(78.4%) | Positive=24,796(21.6%)][0m
2026-08-15 23:16:31,925 | INFO | [93mval_stage_targets[W=26,713(16.7%) | N1=8,200(5.1%) | N2=58,266(36.4%) | N3=37,340(23.3%) | REM=29,519(18.4%)][0m
2026-08-15 23:16:31,925 | INFO | [93mval_stage_predictions[W=27,341(17.1%) | N1=3,345(2.1%) | N2=60,839(38.0%) | N3=38,904(24.3%) | REM=29,609(18.5%)][0m
2026-08-15 23:16:31,925 | INFO | [94mtrain_tonic_targets[Negative=113,150(98.6%) | Positive=1,630(1.4%)][0m
2026-08-15 23:16:31,925 | INFO | [94mtrain_tonic_predictions[Negative=108,579(94.6%) | Positive=6,201(5.4%)][0m
2026-08-15 23:16:31,925 | INFO | [94mval_tonic_targets[Negative=29,330(99.4%) | Positive=190(0.6%)][0m
2026-08-15 23:16:31,925 | INFO | [94mval_tonic_predictions[Negative=28,790(97.5%) | Positive=730(2.5%)][0m
2026-08-15 23:16:31,925 | INFO | [95mtrain_phasic_targets[Negative=100,880(87.9%) | Positive=13,900(12.1%)][0m
2026-08-15 23:16:31,925 | INFO | [95mtrain_phasic_predictions[Negative=93,838(81.8%) | Positive=20,942(18.2%)][0m
2026-08-15 23:16:31,926 | INFO | [95mval_phasic_targets[Negative=26,750(90.6%) | Positive=2,770(9.4%)][0m
2026-08-15 23:16:31,926 | INFO | [95mval_phasic_predictions[Negative=27,690(93.8%) | Positive=1,830(6.2%)][0m
2026-08-15 23:16:31,926 | INFO | [38;5;214mtrain_any_targets[Negative=89,547(78.0%) | Positive=25,233(22.0%)][0m
2026-08-15 23:16:31,926 | INFO | [38;5;214mtrain_any_predictions[Negative=90,406(78.8%) | Positive=24,374(21.2%)][0m
2026-08-15 23:16:31,926 | INFO | [38;5;214mval_any_targets[Negative=23,991(81.3%) | Positive=5,529(18.7%)][0m
2026-08-15 23:16:31,926 | INFO | [38;5;214mval_any_predictions[Negative=25,034(84.8%) | Positive=4,486(15.2%)][0m
2026-08-15 23:16:32,114 | INFO | Fold 4: novo melhor checkpoint na época 28, staging_f1_macro=0.7541
2026-08-15 23:17:13,440 | INFO | fold=4 ep=029 train=35.8s val=5.4s [92mtrain_stg_loss=0.4541 train_rswa_loss=0.4061 train_rswa_head_loss(t/p/a)=0.1307/0.1329/0.1426[0m | [93mval_stg_f1=0.7646 val_stg_kappa=0.7712 val_rswa_head_loss(t/p/a)=0.2322/0.1671/0.1963 val_f1(t/p/a)=0.257/0.734/0.831 val_f1_macro=0.6074[0m
2026-08-15 23:17:13,440 | INFO | [92mtrain_stage_targets[W=91,744(14.4%) | N1=31,980(5.0%) | N2=214,579(33.7%) | N3=178,404(28.0%) | REM=119,687(18.8%)][0m
2026-08-15 23:17:13,440 | INFO | [92mtrain_stage_predictions[W=93,172(14.6%) | N1=19,173(3.0%) | N2=231,166(36.3%) | N3=172,646(27.1%) | REM=120,237(18.9%)][0m
2026-08-15 23:17:13,440 | INFO | [92mtrain_move_targets[Negative=93,491(78.1%) | Positive=26,199(21.9%)][0m
2026-08-15 23:17:13,440 | INFO | [92mtrain_move_predictions[Negative=94,553(79.0%) | Positive=25,137(21.0%)][0m
2026-08-15 23:17:13,441 | INFO | [93mval_stage_targets[W=26,713(16.7%) | N1=8,200(5.1%) | N2=58,266(36.4%) | N3=37,340(23.3%) | REM=29,519(18.4%)][0m
2026-08-15 23:17:13,441 | INFO | [93mval_stage_predictions[W=31,201(19.5%) | N1=5,727(3.6%) | N2=59,554(37.2%) | N3=37,472(23.4%) | REM=26,084(16.3%)][0m
2026-08-15 23:17:13,441 | INFO | [94mtrain_tonic_targets[Negative=118,010(98.6%) | Positive=1,680(1.4%)][0m
2026-08-15 23:17:13,441 | INFO | [94mtrain_tonic_predictions[Negative=112,763(94.2%) | Positive=6,927(5.8%)][0m
2026-08-15 23:17:13,441 | INFO | [94mval_tonic_targets[Negative=29,330(99.4%) | Positive=190(0.6%)][0m
2026-08-15 23:17:13,441 | INFO | [94mval_tonic_predictions[Negative=28,700(97.2%) | Positive=820(2.8%)][0m
2026-08-15 23:17:13,441 | INFO | [95mtrain_phasic_targets[Negative=105,750(88.4%) | Positive=13,940(11.6%)][0m
2026-08-15 23:17:13,441 | INFO | [95mtrain_phasic_predictions[Negative=98,843(82.6%) | Positive=20,847(17.4%)][0m
2026-08-15 23:17:13,441 | INFO | [95mval_phasic_targets[Negative=26,750(90.6%) | Positive=2,770(9.4%)][0m
2026-08-15 23:17:13,441 | INFO | [95mval_phasic_predictions[Negative=27,630(93.6%) | Positive=1,890(6.4%)][0m
2026-08-15 23:17:13,441 | INFO | [38;5;214mtrain_any_targets[Negative=93,491(78.1%) | Positive=26,199(21.9%)][0m
2026-08-15 23:17:13,442 | INFO | [38;5;214mtrain_any_predictions[Negative=94,927(79.3%) | Positive=24,763(20.7%)][0m
2026-08-15 23:17:13,442 | INFO | [38;5;214mval_any_targets[Negative=23,991(81.3%) | Positive=5,529(18.7%)][0m
2026-08-15 23:17:13,442 | INFO | [38;5;214mval_any_predictions[Negative=24,760(83.9%) | Positive=4,760(16.1%)][0m
2026-08-15 23:17:13,634 | INFO | Fold 4: novo melhor checkpoint na época 29, staging_f1_macro=0.7646
2026-08-15 23:17:55,534 | INFO | fold=4 ep=030 train=36.4s val=5.5s [92mtrain_stg_loss=0.4542 train_rswa_loss=0.4052 train_rswa_head_loss(t/p/a)=0.1278/0.1329/0.1446[0m | [93mval_stg_f1=0.7521 val_stg_kappa=0.7559 val_rswa_head_loss(t/p/a)=0.1370/0.1532/0.1741 val_f1(t/p/a)=0.306/0.727/0.834 val_f1_macro=0.6224[0m
2026-08-15 23:17:55,535 | INFO | [92mtrain_stage_targets[W=98,418(15.3%) | N1=28,829(4.5%) | N2=242,010(37.7%) | N3=158,509(24.7%) | REM=114,418(17.8%)][0m
2026-08-15 23:17:55,535 | INFO | [92mtrain_stage_predictions[W=103,221(16.1%) | N1=18,113(2.8%) | N2=261,353(40.7%) | N3=149,487(23.3%) | REM=110,010(17.1%)][0m
2026-08-15 23:17:55,535 | INFO | [92mtrain_move_targets[Negative=89,978(78.6%) | Positive=24,442(21.4%)][0m
2026-08-15 23:17:55,535 | INFO | [92mtrain_move_predictions[Negative=90,349(79.0%) | Positive=24,071(21.0%)][0m
2026-08-15 23:17:55,535 | INFO | [93mval_stage_targets[W=26,713(16.7%) | N1=8,200(5.1%) | N2=58,266(36.4%) | N3=37,340(23.3%) | REM=29,519(18.4%)][0m
2026-08-15 23:17:55,535 | INFO | [93mval_stage_predictions[W=31,178(19.5%) | N1=4,903(3.1%) | N2=61,797(38.6%) | N3=29,796(18.6%) | REM=32,364(20.2%)][0m
2026-08-15 23:17:55,535 | INFO | [94mtrain_tonic_targets[Negative=112,580(98.4%) | Positive=1,840(1.6%)][0m
2026-08-15 23:17:55,535 | INFO | [94mtrain_tonic_predictions[Negative=107,866(94.3%) | Positive=6,554(5.7%)][0m
2026-08-15 23:17:55,536 | INFO | [94mval_tonic_targets[Negative=29,330(99.4%) | Positive=190(0.6%)][0m
2026-08-15 23:17:55,536 | INFO | [94mval_tonic_predictions[Negative=28,470(96.4%) | Positive=1,050(3.6%)][0m
2026-08-15 23:17:55,536 | INFO | [95mtrain_phasic_targets[Negative=101,570(88.8%) | Positive=12,850(11.2%)][0m
2026-08-15 23:17:55,536 | INFO | [95mtrain_phasic_predictions[Negative=94,307(82.4%) | Positive=20,113(17.6%)][0m
2026-08-15 23:17:55,536 | INFO | [95mval_phasic_targets[Negative=26,750(90.6%) | Positive=2,770(9.4%)][0m
2026-08-15 23:17:55,536 | INFO | [95mval_phasic_predictions[Negative=27,640(93.6%) | Positive=1,880(6.4%)][0m
2026-08-15 23:17:55,536 | INFO | [38;5;214mtrain_any_targets[Negative=89,978(78.6%) | Positive=24,442(21.4%)][0m
2026-08-15 23:17:55,536 | INFO | [38;5;214mtrain_any_predictions[Negative=90,771(79.3%) | Positive=23,649(20.7%)][0m
2026-08-15 23:17:55,536 | INFO | [38;5;214mval_any_targets[Negative=23,991(81.3%) | Positive=5,529(18.7%)][0m
2026-08-15 23:17:55,536 | INFO | [38;5;214mval_any_predictions[Negative=24,255(82.2%) | Positive=5,265(17.8%)][0m
2026-08-15 23:18:38,476 | INFO | fold=4 ep=031 train=37.4s val=5.4s [92mtrain_stg_loss=0.3929 train_rswa_loss=0.4066 train_rswa_head_loss(t/p/a)=0.1278/0.1317/0.1471[0m | [93mval_stg_f1=0.7333 val_stg_kappa=0.7486 val_rswa_head_loss(t/p/a)=0.3184/0.2442/0.2757 val_f1(t/p/a)=0.302/0.605/0.772 val_f1_macro=0.5597[0m
2026-08-15 23:18:38,476 | INFO | [92mtrain_stage_targets[W=98,379(14.9%) | N1=24,850(3.8%) | N2=238,940(36.1%) | N3=170,838(25.8%) | REM=129,237(19.5%)][0m
2026-08-15 23:18:38,476 | INFO | [92mtrain_stage_predictions[W=99,962(15.1%) | N1=13,300(2.0%) | N2=253,858(38.3%) | N3=164,002(24.8%) | REM=131,122(19.8%)][0m
2026-08-15 23:18:38,476 | INFO | [92mtrain_move_targets[Negative=99,113(76.7%) | Positive=30,127(23.3%)][0m
2026-08-15 23:18:38,476 | INFO | [92mtrain_move_predictions[Negative=100,217(77.5%) | Positive=29,023(22.5%)][0m
2026-08-15 23:18:38,476 | INFO | [93mval_stage_targets[W=26,713(16.7%) | N1=8,200(5.1%) | N2=58,266(36.4%) | N3=37,340(23.3%) | REM=29,519(18.4%)][0m
2026-08-15 23:18:38,477 | INFO | [93mval_stage_predictions[W=35,042(21.9%) | N1=3,771(2.4%) | N2=63,499(39.7%) | N3=30,222(18.9%) | REM=27,504(17.2%)][0m
2026-08-15 23:18:38,477 | INFO | [94mtrain_tonic_targets[Negative=127,620(98.7%) | Positive=1,620(1.3%)][0m
2026-08-15 23:18:38,477 | INFO | [94mtrain_tonic_predictions[Negative=121,949(94.4%) | Positive=7,291(5.6%)][0m
2026-08-15 23:18:38,477 | INFO | [94mval_tonic_targets[Negative=29,330(99.4%) | Positive=190(0.6%)][0m
2026-08-15 23:18:38,477 | INFO | [94mval_tonic_predictions[Negative=28,850(97.7%) | Positive=670(2.3%)][0m
2026-08-15 23:18:38,477 | INFO | [95mtrain_phasic_targets[Negative=112,140(86.8%) | Positive=17,100(13.2%)][0m
2026-08-15 23:18:38,477 | INFO | [95mtrain_phasic_predictions[Negative=105,234(81.4%) | Positive=24,006(18.6%)][0m
2026-08-15 23:18:38,477 | INFO | [95mval_phasic_targets[Negative=26,750(90.6%) | Positive=2,770(9.4%)][0m
2026-08-15 23:18:38,477 | INFO | [95mval_phasic_predictions[Negative=28,090(95.2%) | Positive=1,430(4.8%)][0m
2026-08-15 23:18:38,477 | INFO | [38;5;214mtrain_any_targets[Negative=99,113(76.7%) | Positive=30,127(23.3%)][0m
2026-08-15 23:18:38,477 | INFO | [38;5;214mtrain_any_predictions[Negative=100,580(77.8%) | Positive=28,660(22.2%)][0m
2026-08-15 23:18:38,478 | INFO | [38;5;214mval_any_targets[Negative=23,991(81.3%) | Positive=5,529(18.7%)][0m
2026-08-15 23:18:38,478 | INFO | [38;5;214mval_any_predictions[Negative=25,665(86.9%) | Positive=3,855(13.1%)][0m
2026-08-15 23:19:20,779 | INFO | fold=4 ep=032 train=36.8s val=5.4s [92mtrain_stg_loss=0.4391 train_rswa_loss=0.3832 train_rswa_head_loss(t/p/a)=0.1238/0.1252/0.1343[0m | [93mval_stg_f1=0.7452 val_stg_kappa=0.7631 val_rswa_head_loss(t/p/a)=0.2158/0.1413/0.1738 val_f1(t/p/a)=0.294/0.747/0.838 val_f1_macro=0.6263[0m
2026-08-15 23:19:20,780 | INFO | [92mtrain_stage_targets[W=100,338(15.6%) | N1=26,026(4.0%) | N2=227,009(35.3%) | N3=170,865(26.6%) | REM=118,416(18.4%)][0m
2026-08-15 23:19:20,780 | INFO | [92mtrain_stage_predictions[W=104,506(16.3%) | N1=13,432(2.1%) | N2=244,256(38.0%) | N3=164,049(25.5%) | REM=116,411(18.1%)][0m
2026-08-15 23:19:20,780 | INFO | [92mtrain_move_targets[Negative=90,284(76.2%) | Positive=28,136(23.8%)][0m
2026-08-15 23:19:20,780 | INFO | [92mtrain_move_predictions[Negative=90,881(76.7%) | Positive=27,539(23.3%)][0m
2026-08-15 23:19:20,780 | INFO | [93mval_stage_targets[W=26,713(16.7%) | N1=8,200(5.1%) | N2=58,266(36.4%) | N3=37,340(23.3%) | REM=29,519(18.4%)][0m
2026-08-15 23:19:20,780 | INFO | [93mval_stage_predictions[W=33,630(21.0%) | N1=4,123(2.6%) | N2=52,900(33.1%) | N3=36,773(23.0%) | REM=32,612(20.4%)][0m
2026-08-15 23:19:20,781 | INFO | [94mtrain_tonic_targets[Negative=116,970(98.8%) | Positive=1,450(1.2%)][0m
2026-08-15 23:19:20,781 | INFO | [94mtrain_tonic_predictions[Negative=112,068(94.6%) | Positive=6,352(5.4%)][0m
2026-08-15 23:19:20,781 | INFO | [94mval_tonic_targets[Negative=29,330(99.4%) | Positive=190(0.6%)][0m
2026-08-15 23:19:20,781 | INFO | [94mval_tonic_predictions[Negative=28,690(97.2%) | Positive=830(2.8%)][0m
2026-08-15 23:19:20,781 | INFO | [95mtrain_phasic_targets[Negative=102,000(86.1%) | Positive=16,420(13.9%)][0m
2026-08-15 23:19:20,781 | INFO | [95mtrain_phasic_predictions[Negative=95,274(80.5%) | Positive=23,146(19.5%)][0m
2026-08-15 23:19:20,781 | INFO | [95mval_phasic_targets[Negative=26,750(90.6%) | Positive=2,770(9.4%)][0m
2026-08-15 23:19:20,781 | INFO | [95mval_phasic_predictions[Negative=27,550(93.3%) | Positive=1,970(6.7%)][0m
2026-08-15 23:19:20,781 | INFO | [38;5;214mtrain_any_targets[Negative=90,284(76.2%) | Positive=28,136(23.8%)][0m
2026-08-15 23:19:20,781 | INFO | [38;5;214mtrain_any_predictions[Negative=91,343(77.1%) | Positive=27,077(22.9%)][0m
2026-08-15 23:19:20,782 | INFO | [38;5;214mval_any_targets[Negative=23,991(81.3%) | Positive=5,529(18.7%)][0m
2026-08-15 23:19:20,782 | INFO | [38;5;214mval_any_predictions[Negative=24,616(83.4%) | Positive=4,904(16.6%)][0m
2026-08-15 23:20:02,734 | INFO | fold=4 ep=033 train=36.4s val=5.4s [92mtrain_stg_loss=0.4254 train_rswa_loss=0.3915 train_rswa_head_loss(t/p/a)=0.1349/0.1239/0.1327[0m | [93mval_stg_f1=0.7777 val_stg_kappa=0.7909 val_rswa_head_loss(t/p/a)=0.1655/0.1398/0.1617 val_f1(t/p/a)=0.315/0.737/0.840 val_f1_macro=0.6305[0m
2026-08-15 23:20:02,735 | INFO | [92mtrain_stage_targets[W=97,265(15.1%) | N1=30,536(4.7%) | N2=241,609(37.5%) | N3=158,096(24.5%) | REM=117,128(18.2%)][0m
2026-08-15 23:20:02,735 | INFO | [92mtrain_stage_predictions[W=97,299(15.1%) | N1=20,874(3.2%) | N2=266,210(41.3%) | N3=146,731(22.8%) | REM=113,520(17.6%)][0m
2026-08-15 23:20:02,735 | INFO | [92mtrain_move_targets[Negative=91,010(77.7%) | Positive=26,120(22.3%)][0m
2026-08-15 23:20:02,735 | INFO | [92mtrain_move_predictions[Negative=91,423(78.1%) | Positive=25,707(21.9%)][0m
2026-08-15 23:20:02,735 | INFO | [93mval_stage_targets[W=26,713(16.7%) | N1=8,200(5.1%) | N2=58,266(36.4%) | N3=37,340(23.3%) | REM=29,519(18.4%)][0m
2026-08-15 23:20:02,735 | INFO | [93mval_stage_predictions[W=27,677(17.3%) | N1=4,395(2.7%) | N2=59,462(37.2%) | N3=35,797(22.4%) | REM=32,707(20.4%)][0m
2026-08-15 23:20:02,736 | INFO | [94mtrain_tonic_targets[Negative=115,280(98.4%) | Positive=1,850(1.6%)][0m
2026-08-15 23:20:02,736 | INFO | [94mtrain_tonic_predictions[Negative=111,382(95.1%) | Positive=5,748(4.9%)][0m
2026-08-15 23:20:02,736 | INFO | [94mval_tonic_targets[Negative=29,330(99.4%) | Positive=190(0.6%)][0m
2026-08-15 23:20:02,736 | INFO | [94mval_tonic_predictions[Negative=28,630(97.0%) | Positive=890(3.0%)][0m
2026-08-15 23:20:02,736 | INFO | [95mtrain_phasic_targets[Negative=102,550(87.6%) | Positive=14,580(12.4%)][0m
2026-08-15 23:20:02,736 | INFO | [95mtrain_phasic_predictions[Negative=95,834(81.8%) | Positive=21,296(18.2%)][0m
2026-08-15 23:20:02,736 | INFO | [95mval_phasic_targets[Negative=26,750(90.6%) | Positive=2,770(9.4%)][0m
2026-08-15 23:20:02,736 | INFO | [95mval_phasic_predictions[Negative=27,620(93.6%) | Positive=1,900(6.4%)][0m
2026-08-15 23:20:02,736 | INFO | [38;5;214mtrain_any_targets[Negative=91,010(77.7%) | Positive=26,120(22.3%)][0m
2026-08-15 23:20:02,736 | INFO | [38;5;214mtrain_any_predictions[Negative=91,726(78.3%) | Positive=25,404(21.7%)][0m
2026-08-15 23:20:02,736 | INFO | [38;5;214mval_any_targets[Negative=23,991(81.3%) | Positive=5,529(18.7%)][0m
2026-08-15 23:20:02,736 | INFO | [38;5;214mval_any_predictions[Negative=24,569(83.2%) | Positive=4,951(16.8%)][0m
2026-08-15 23:20:02,921 | INFO | Fold 4: novo melhor checkpoint na época 33, staging_f1_macro=0.7777
2026-08-15 23:20:43,729 | INFO | fold=4 ep=034 train=35.3s val=5.4s [92mtrain_stg_loss=0.4051 train_rswa_loss=0.3306 train_rswa_head_loss(t/p/a)=0.0865/0.1138/0.1304[0m | [93mval_stg_f1=0.7457 val_stg_kappa=0.7585 val_rswa_head_loss(t/p/a)=0.1471/0.1197/0.1406 val_f1(t/p/a)=0.292/0.761/0.860 val_f1_macro=0.6378[0m
2026-08-15 23:20:43,729 | INFO | [92mtrain_stage_targets[W=90,204(14.5%) | N1=23,558(3.8%) | N2=241,919(38.8%) | N3=158,294(25.4%) | REM=110,019(17.6%)][0m
2026-08-15 23:20:43,730 | INFO | [92mtrain_stage_predictions[W=88,577(14.2%) | N1=14,211(2.3%) | N2=255,207(40.9%) | N3=155,584(24.9%) | REM=110,415(17.7%)][0m
2026-08-15 23:20:43,730 | INFO | [92mtrain_move_targets[Negative=87,786(79.8%) | Positive=22,234(20.2%)][0m
2026-08-15 23:20:43,730 | INFO | [92mtrain_move_predictions[Negative=88,295(80.3%) | Positive=21,725(19.7%)][0m
2026-08-15 23:20:43,730 | INFO | [93mval_stage_targets[W=26,713(16.7%) | N1=8,200(5.1%) | N2=58,266(36.4%) | N3=37,340(23.3%) | REM=29,519(18.4%)][0m
2026-08-15 23:20:43,730 | INFO | [93mval_stage_predictions[W=28,927(18.1%) | N1=3,215(2.0%) | N2=61,236(38.3%) | N3=42,153(26.3%) | REM=24,507(15.3%)][0m
2026-08-15 23:20:43,730 | INFO | [94mtrain_tonic_targets[Negative=108,770(98.9%) | Positive=1,250(1.1%)][0m
2026-08-15 23:20:43,730 | INFO | [94mtrain_tonic_predictions[Negative=105,315(95.7%) | Positive=4,705(4.3%)][0m
2026-08-15 23:20:43,730 | INFO | [94mval_tonic_targets[Negative=29,330(99.4%) | Positive=190(0.6%)][0m
2026-08-15 23:20:43,730 | INFO | [94mval_tonic_predictions[Negative=28,410(96.2%) | Positive=1,110(3.8%)][0m
2026-08-15 23:20:43,730 | INFO | [95mtrain_phasic_targets[Negative=98,790(89.8%) | Positive=11,230(10.2%)][0m
2026-08-15 23:20:43,731 | INFO | [95mtrain_phasic_predictions[Negative=92,154(83.8%) | Positive=17,866(16.2%)][0m
2026-08-15 23:20:43,731 | INFO | [95mval_phasic_targets[Negative=26,750(90.6%) | Positive=2,770(9.4%)][0m
2026-08-15 23:20:43,731 | INFO | [95mval_phasic_predictions[Negative=27,480(93.1%) | Positive=2,040(6.9%)][0m
2026-08-15 23:20:43,731 | INFO | [38;5;214mtrain_any_targets[Negative=87,786(79.8%) | Positive=22,234(20.2%)][0m
2026-08-15 23:20:43,731 | INFO | [38;5;214mtrain_any_predictions[Negative=88,669(80.6%) | Positive=21,351(19.4%)][0m
2026-08-15 23:20:43,731 | INFO | [38;5;214mval_any_targets[Negative=23,991(81.3%) | Positive=5,529(18.7%)][0m
2026-08-15 23:20:43,731 | INFO | [38;5;214mval_any_predictions[Negative=24,049(81.5%) | Positive=5,471(18.5%)][0m
2026-08-15 23:21:25,131 | INFO | fold=4 ep=035 train=35.8s val=5.4s [92mtrain_stg_loss=0.4157 train_rswa_loss=0.3895 train_rswa_head_loss(t/p/a)=0.1273/0.1254/0.1368[0m | [93mval_stg_f1=0.7574 val_stg_kappa=0.7705 val_rswa_head_loss(t/p/a)=0.2344/0.1743/0.2029 val_f1(t/p/a)=0.294/0.692/0.825 val_f1_macro=0.6038[0m
2026-08-15 23:21:25,131 | INFO | [92mtrain_stage_targets[W=89,581(14.1%) | N1=29,229(4.6%) | N2=234,170(37.0%) | N3=164,535(26.0%) | REM=115,779(18.3%)][0m
2026-08-15 23:21:25,131 | INFO | [92mtrain_stage_predictions[W=92,617(14.6%) | N1=17,191(2.7%) | N2=251,341(39.7%) | N3=157,558(24.9%) | REM=114,587(18.1%)][0m
2026-08-15 23:21:25,132 | INFO | [92mtrain_move_targets[Negative=88,051(76.1%) | Positive=27,729(23.9%)][0m
2026-08-15 23:21:25,132 | INFO | [92mtrain_move_predictions[Negative=88,529(76.5%) | Positive=27,251(23.5%)][0m
2026-08-15 23:21:25,132 | INFO | [93mval_stage_targets[W=26,713(16.7%) | N1=8,200(5.1%) | N2=58,266(36.4%) | N3=37,340(23.3%) | REM=29,519(18.4%)][0m
2026-08-15 23:21:25,132 | INFO | [93mval_stage_predictions[W=31,439(19.6%) | N1=4,291(2.7%) | N2=60,615(37.9%) | N3=31,863(19.9%) | REM=31,830(19.9%)][0m
2026-08-15 23:21:25,132 | INFO | [94mtrain_tonic_targets[Negative=113,870(98.4%) | Positive=1,910(1.6%)][0m
2026-08-15 23:21:25,132 | INFO | [94mtrain_tonic_predictions[Negative=108,760(93.9%) | Positive=7,020(6.1%)][0m
2026-08-15 23:21:25,132 | INFO | [94mval_tonic_targets[Negative=29,330(99.4%) | Positive=190(0.6%)][0m
2026-08-15 23:21:25,132 | INFO | [94mval_tonic_predictions[Negative=28,690(97.2%) | Positive=830(2.8%)][0m
2026-08-15 23:21:25,132 | INFO | [95mtrain_phasic_targets[Negative=100,180(86.5%) | Positive=15,600(13.5%)][0m
2026-08-15 23:21:25,132 | INFO | [95mtrain_phasic_predictions[Negative=93,769(81.0%) | Positive=22,011(19.0%)][0m
2026-08-15 23:21:25,132 | INFO | [95mval_phasic_targets[Negative=26,750(90.6%) | Positive=2,770(9.4%)][0m
2026-08-15 23:21:25,133 | INFO | [95mval_phasic_predictions[Negative=27,810(94.2%) | Positive=1,710(5.8%)][0m
2026-08-15 23:21:25,133 | INFO | [38;5;214mtrain_any_targets[Negative=88,051(76.1%) | Positive=27,729(23.9%)][0m
2026-08-15 23:21:25,133 | INFO | [38;5;214mtrain_any_predictions[Negative=88,871(76.8%) | Positive=26,909(23.2%)][0m
2026-08-15 23:21:25,133 | INFO | [38;5;214mval_any_targets[Negative=23,991(81.3%) | Positive=5,529(18.7%)][0m
2026-08-15 23:21:25,133 | INFO | [38;5;214mval_any_predictions[Negative=24,955(84.5%) | Positive=4,565(15.5%)][0m
2026-08-15 23:22:06,940 | INFO | fold=4 ep=036 train=36.2s val=5.4s [92mtrain_stg_loss=0.4105 train_rswa_loss=0.3845 train_rswa_head_loss(t/p/a)=0.1331/0.1167/0.1347[0m | [93mval_stg_f1=0.7619 val_stg_kappa=0.7664 val_rswa_head_loss(t/p/a)=0.1404/0.1192/0.1385 val_f1(t/p/a)=0.295/0.770/0.853 val_f1_macro=0.6392[0m
2026-08-15 23:22:06,941 | INFO | [92mtrain_stage_targets[W=92,056(14.4%) | N1=25,568(4.0%) | N2=237,499(37.1%) | N3=163,922(25.6%) | REM=121,599(19.0%)][0m
2026-08-15 23:22:06,941 | INFO | [92mtrain_stage_predictions[W=89,390(14.0%) | N1=12,827(2.0%) | N2=254,403(39.7%) | N3=158,659(24.8%) | REM=125,365(19.6%)][0m
2026-08-15 23:22:06,941 | INFO | [92mtrain_move_targets[Negative=94,156(77.4%) | Positive=27,444(22.6%)][0m
2026-08-15 23:22:06,941 | INFO | [92mtrain_move_predictions[Negative=94,613(77.8%) | Positive=26,987(22.2%)][0m
2026-08-15 23:22:06,941 | INFO | [93mval_stage_targets[W=26,713(16.7%) | N1=8,200(5.1%) | N2=58,266(36.4%) | N3=37,340(23.3%) | REM=29,519(18.4%)][0m
2026-08-15 23:22:06,941 | INFO | [93mval_stage_predictions[W=31,633(19.8%) | N1=5,399(3.4%) | N2=64,439(40.3%) | N3=29,349(18.3%) | REM=29,218(18.3%)][0m
2026-08-15 23:22:06,941 | INFO | [94mtrain_tonic_targets[Negative=120,510(99.1%) | Positive=1,090(0.9%)][0m
2026-08-15 23:22:06,942 | INFO | [94mtrain_tonic_predictions[Negative=116,038(95.4%) | Positive=5,562(4.6%)][0m
2026-08-15 23:22:06,942 | INFO | [94mval_tonic_targets[Negative=29,330(99.4%) | Positive=190(0.6%)][0m
2026-08-15 23:22:06,942 | INFO | [94mval_tonic_predictions[Negative=28,420(96.3%) | Positive=1,100(3.7%)][0m
2026-08-15 23:22:06,942 | INFO | [95mtrain_phasic_targets[Negative=106,120(87.3%) | Positive=15,480(12.7%)][0m
2026-08-15 23:22:06,942 | INFO | [95mtrain_phasic_predictions[Negative=99,402(81.7%) | Positive=22,198(18.3%)][0m
2026-08-15 23:22:06,942 | INFO | [95mval_phasic_targets[Negative=26,750(90.6%) | Positive=2,770(9.4%)][0m
2026-08-15 23:22:06,942 | INFO | [95mval_phasic_predictions[Negative=27,430(92.9%) | Positive=2,090(7.1%)][0m
2026-08-15 23:22:06,942 | INFO | [38;5;214mtrain_any_targets[Negative=94,156(77.4%) | Positive=27,444(22.6%)][0m
2026-08-15 23:22:06,942 | INFO | [38;5;214mtrain_any_predictions[Negative=94,991(78.1%) | Positive=26,609(21.9%)][0m
2026-08-15 23:22:06,942 | INFO | [38;5;214mval_any_targets[Negative=23,991(81.3%) | Positive=5,529(18.7%)][0m
2026-08-15 23:22:06,942 | INFO | [38;5;214mval_any_predictions[Negative=23,766(80.5%) | Positive=5,754(19.5%)][0m
2026-08-15 23:22:49,268 | INFO | fold=4 ep=037 train=36.8s val=5.4s [92mtrain_stg_loss=0.4054 train_rswa_loss=0.3717 train_rswa_head_loss(t/p/a)=0.1150/0.1212/0.1356[0m | [93mval_stg_f1=0.7700 val_stg_kappa=0.7753 val_rswa_head_loss(t/p/a)=0.1383/0.1138/0.1406 val_f1(t/p/a)=0.311/0.780/0.853 val_f1_macro=0.6481[0m
2026-08-15 23:22:49,268 | INFO | [92mtrain_stage_targets[W=102,973(15.9%) | N1=27,610(4.3%) | N2=238,210(36.7%) | N3=156,306(24.1%) | REM=123,635(19.1%)][0m
2026-08-15 23:22:49,269 | INFO | [92mtrain_stage_predictions[W=104,407(16.1%) | N1=16,999(2.6%) | N2=256,939(39.6%) | N3=148,097(22.8%) | REM=122,292(18.9%)][0m
2026-08-15 23:22:49,269 | INFO | [92mtrain_move_targets[Negative=96,725(78.2%) | Positive=26,915(21.8%)][0m
2026-08-15 23:22:49,269 | INFO | [92mtrain_move_predictions[Negative=97,331(78.7%) | Positive=26,309(21.3%)][0m
2026-08-15 23:22:49,269 | INFO | [93mval_stage_targets[W=26,713(16.7%) | N1=8,200(5.1%) | N2=58,266(36.4%) | N3=37,340(23.3%) | REM=29,519(18.4%)][0m
2026-08-15 23:22:49,269 | INFO | [93mval_stage_predictions[W=27,671(17.3%) | N1=4,273(2.7%) | N2=66,579(41.6%) | N3=28,821(18.0%) | REM=32,694(20.4%)][0m
2026-08-15 23:22:49,269 | INFO | [94mtrain_tonic_targets[Negative=122,210(98.8%) | Positive=1,430(1.2%)][0m
2026-08-15 23:22:49,269 | INFO | [94mtrain_tonic_predictions[Negative=117,384(94.9%) | Positive=6,256(5.1%)][0m
2026-08-15 23:22:49,269 | INFO | [94mval_tonic_targets[Negative=29,330(99.4%) | Positive=190(0.6%)][0m
2026-08-15 23:22:49,270 | INFO | [94mval_tonic_predictions[Negative=28,490(96.5%) | Positive=1,030(3.5%)][0m
2026-08-15 23:22:49,270 | INFO | [95mtrain_phasic_targets[Negative=109,030(88.2%) | Positive=14,610(11.8%)][0m
2026-08-15 23:22:49,270 | INFO | [95mtrain_phasic_predictions[Negative=102,383(82.8%) | Positive=21,257(17.2%)][0m
2026-08-15 23:22:49,270 | INFO | [95mval_phasic_targets[Negative=26,750(90.6%) | Positive=2,770(9.4%)][0m
2026-08-15 23:22:49,270 | INFO | [95mval_phasic_predictions[Negative=27,390(92.8%) | Positive=2,130(7.2%)][0m
2026-08-15 23:22:49,270 | INFO | [38;5;214mtrain_any_targets[Negative=96,725(78.2%) | Positive=26,915(21.8%)][0m
2026-08-15 23:22:49,270 | INFO | [38;5;214mtrain_any_predictions[Negative=97,766(79.1%) | Positive=25,874(20.9%)][0m
2026-08-15 23:22:49,270 | INFO | [38;5;214mval_any_targets[Negative=23,991(81.3%) | Positive=5,529(18.7%)][0m
2026-08-15 23:22:49,270 | INFO | [38;5;214mval_any_predictions[Negative=23,834(80.7%) | Positive=5,686(19.3%)][0m
2026-08-15 23:23:30,459 | INFO | fold=4 ep=038 train=35.6s val=5.4s [92mtrain_stg_loss=0.4042 train_rswa_loss=0.3585 train_rswa_head_loss(t/p/a)=0.1131/0.1158/0.1296[0m | [93mval_stg_f1=0.7841 val_stg_kappa=0.7804 val_rswa_head_loss(t/p/a)=0.1765/0.1266/0.1556 val_f1(t/p/a)=0.281/0.735/0.848 val_f1_macro=0.6213[0m
2026-08-15 23:23:30,460 | INFO | [92mtrain_stage_targets[W=73,119(11.6%) | N1=24,190(3.8%) | N2=234,370(37.2%) | N3=177,627(28.2%) | REM=120,488(19.1%)][0m
2026-08-15 23:23:30,460 | INFO | [92mtrain_stage_predictions[W=75,087(11.9%) | N1=12,900(2.0%) | N2=255,276(40.5%) | N3=170,043(27.0%) | REM=116,488(18.5%)][0m
2026-08-15 23:23:30,460 | INFO | [92mtrain_move_targets[Negative=94,142(78.1%) | Positive=26,348(21.9%)][0m
2026-08-15 23:23:30,460 | INFO | [92mtrain_move_predictions[Negative=94,408(78.4%) | Positive=26,082(21.6%)][0m
2026-08-15 23:23:30,460 | INFO | [93mval_stage_targets[W=26,713(16.7%) | N1=8,200(5.1%) | N2=58,266(36.4%) | N3=37,340(23.3%) | REM=29,519(18.4%)][0m
2026-08-15 23:23:30,460 | INFO | [93mval_stage_predictions[W=27,889(17.4%) | N1=5,905(3.7%) | N2=64,266(40.2%) | N3=30,084(18.8%) | REM=31,894(19.9%)][0m
2026-08-15 23:23:30,460 | INFO | [94mtrain_tonic_targets[Negative=119,050(98.8%) | Positive=1,440(1.2%)][0m
2026-08-15 23:23:30,461 | INFO | [94mtrain_tonic_predictions[Negative=114,010(94.6%) | Positive=6,480(5.4%)][0m
2026-08-15 23:23:30,461 | INFO | [94mval_tonic_targets[Negative=29,330(99.4%) | Positive=190(0.6%)][0m
2026-08-15 23:23:30,461 | INFO | [94mval_tonic_predictions[Negative=28,570(96.8%) | Positive=950(3.2%)][0m
2026-08-15 23:23:30,461 | INFO | [95mtrain_phasic_targets[Negative=106,440(88.3%) | Positive=14,050(11.7%)][0m
2026-08-15 23:23:30,461 | INFO | [95mtrain_phasic_predictions[Negative=99,147(82.3%) | Positive=21,343(17.7%)][0m
2026-08-15 23:23:30,461 | INFO | [95mval_phasic_targets[Negative=26,750(90.6%) | Positive=2,770(9.4%)][0m
2026-08-15 23:23:30,461 | INFO | [95mval_phasic_predictions[Negative=27,610(93.5%) | Positive=1,910(6.5%)][0m
2026-08-15 23:23:30,461 | INFO | [38;5;214mtrain_any_targets[Negative=94,142(78.1%) | Positive=26,348(21.9%)][0m
2026-08-15 23:23:30,461 | INFO | [38;5;214mtrain_any_predictions[Negative=94,855(78.7%) | Positive=25,635(21.3%)][0m
2026-08-15 23:23:30,461 | INFO | [38;5;214mval_any_targets[Negative=23,991(81.3%) | Positive=5,529(18.7%)][0m
2026-08-15 23:23:30,461 | INFO | [38;5;214mval_any_predictions[Negative=24,380(82.6%) | Positive=5,140(17.4%)][0m
2026-08-15 23:23:30,637 | INFO | Fold 4: novo melhor checkpoint na época 38, staging_f1_macro=0.7841
2026-08-15 23:24:12,761 | INFO | fold=4 ep=039 train=36.6s val=5.4s [92mtrain_stg_loss=0.3863 train_rswa_loss=0.3898 train_rswa_head_loss(t/p/a)=0.1261/0.1270/0.1367[0m | [93mval_stg_f1=0.7719 val_stg_kappa=0.7854 val_rswa_head_loss(t/p/a)=0.2224/0.1610/0.1910 val_f1(t/p/a)=0.300/0.697/0.813 val_f1_macro=0.6031[0m
2026-08-15 23:24:12,762 | INFO | [92mtrain_stage_targets[W=112,146(17.3%) | N1=31,340(4.8%) | N2=233,520(36.0%) | N3=154,208(23.7%) | REM=118,340(18.2%)][0m
2026-08-15 23:24:12,762 | INFO | [92mtrain_stage_predictions[W=115,072(17.7%) | N1=16,489(2.5%) | N2=252,149(38.8%) | N3=148,592(22.9%) | REM=117,252(18.1%)][0m
2026-08-15 23:24:12,762 | INFO | [92mtrain_move_targets[Negative=91,470(77.3%) | Positive=26,870(22.7%)][0m
2026-08-15 23:24:12,762 | INFO | [92mtrain_move_predictions[Negative=91,589(77.4%) | Positive=26,751(22.6%)][0m
2026-08-15 23:24:12,763 | INFO | [93mval_stage_targets[W=26,713(16.7%) | N1=8,200(5.1%) | N2=58,266(36.4%) | N3=37,340(23.3%) | REM=29,519(18.4%)][0m
2026-08-15 23:24:12,763 | INFO | [93mval_stage_predictions[W=31,629(19.8%) | N1=4,829(3.0%) | N2=58,501(36.6%) | N3=36,349(22.7%) | REM=28,730(18.0%)][0m
2026-08-15 23:24:12,763 | INFO | [94mtrain_tonic_targets[Negative=116,790(98.7%) | Positive=1,550(1.3%)][0m
2026-08-15 23:24:12,764 | INFO | [94mtrain_tonic_predictions[Negative=111,946(94.6%) | Positive=6,394(5.4%)][0m
2026-08-15 23:24:12,764 | INFO | [94mval_tonic_targets[Negative=29,330(99.4%) | Positive=190(0.6%)][0m
2026-08-15 23:24:12,764 | INFO | [94mval_tonic_predictions[Negative=28,710(97.3%) | Positive=810(2.7%)][0m
2026-08-15 23:24:12,764 | INFO | [95mtrain_phasic_targets[Negative=103,160(87.2%) | Positive=15,180(12.8%)][0m
2026-08-15 23:24:12,764 | INFO | [95mtrain_phasic_predictions[Negative=96,362(81.4%) | Positive=21,978(18.6%)][0m
2026-08-15 23:24:12,764 | INFO | [95mval_phasic_targets[Negative=26,750(90.6%) | Positive=2,770(9.4%)][0m
2026-08-15 23:24:12,765 | INFO | [95mval_phasic_predictions[Negative=27,840(94.3%) | Positive=1,680(5.7%)][0m
2026-08-15 23:24:12,765 | INFO | [38;5;214mtrain_any_targets[Negative=91,470(77.3%) | Positive=26,870(22.7%)][0m
2026-08-15 23:24:12,765 | INFO | [38;5;214mtrain_any_predictions[Negative=91,945(77.7%) | Positive=26,395(22.3%)][0m
2026-08-15 23:24:12,765 | INFO | [38;5;214mval_any_targets[Negative=23,991(81.3%) | Positive=5,529(18.7%)][0m
2026-08-15 23:24:12,765 | INFO | [38;5;214mval_any_predictions[Negative=24,875(84.3%) | Positive=4,645(15.7%)][0m
2026-08-15 23:24:54,889 | INFO | fold=4 ep=040 train=36.4s val=5.5s [92mtrain_stg_loss=0.4009 train_rswa_loss=0.4514 train_rswa_head_loss(t/p/a)=0.1712/0.1365/0.1436[0m | [93mval_stg_f1=0.7872 val_stg_kappa=0.7905 val_rswa_head_loss(t/p/a)=0.1394/0.1639/0.1759 val_f1(t/p/a)=0.317/0.664/0.824 val_f1_macro=0.6014[0m
2026-08-15 23:24:54,890 | INFO | [92mtrain_stage_targets[W=103,560(16.1%) | N1=27,127(4.2%) | N2=230,699(35.9%) | N3=163,349(25.4%) | REM=118,209(18.4%)][0m
2026-08-15 23:24:54,890 | INFO | [92mtrain_stage_predictions[W=100,818(15.7%) | N1=20,318(3.2%) | N2=242,977(37.8%) | N3=160,548(25.0%) | REM=118,283(18.4%)][0m
2026-08-15 23:24:54,890 | INFO | [92mtrain_move_targets[Negative=87,569(74.1%) | Positive=30,641(25.9%)][0m
2026-08-15 23:24:54,890 | INFO | [92mtrain_move_predictions[Negative=88,230(74.6%) | Positive=29,980(25.4%)][0m
2026-08-15 23:24:54,890 | INFO | [93mval_stage_targets[W=26,713(16.7%) | N1=8,200(5.1%) | N2=58,266(36.4%) | N3=37,340(23.3%) | REM=29,519(18.4%)][0m
2026-08-15 23:24:54,890 | INFO | [93mval_stage_predictions[W=29,047(18.2%) | N1=5,622(3.5%) | N2=59,207(37.0%) | N3=35,435(22.1%) | REM=30,727(19.2%)][0m
2026-08-15 23:24:54,891 | INFO | [94mtrain_tonic_targets[Negative=116,180(98.3%) | Positive=2,030(1.7%)][0m
2026-08-15 23:24:54,891 | INFO | [94mtrain_tonic_predictions[Negative=111,221(94.1%) | Positive=6,989(5.9%)][0m
2026-08-15 23:24:54,891 | INFO | [94mval_tonic_targets[Negative=29,330(99.4%) | Positive=190(0.6%)][0m
2026-08-15 23:24:54,891 | INFO | [94mval_tonic_predictions[Negative=28,510(96.6%) | Positive=1,010(3.4%)][0m
2026-08-15 23:24:54,891 | INFO | [95mtrain_phasic_targets[Negative=100,450(85.0%) | Positive=17,760(15.0%)][0m
2026-08-15 23:24:54,891 | INFO | [95mtrain_phasic_predictions[Negative=93,427(79.0%) | Positive=24,783(21.0%)][0m
2026-08-15 23:24:54,891 | INFO | [95mval_phasic_targets[Negative=26,750(90.6%) | Positive=2,770(9.4%)][0m
2026-08-15 23:24:54,891 | INFO | [95mval_phasic_predictions[Negative=27,980(94.8%) | Positive=1,540(5.2%)][0m
2026-08-15 23:24:54,891 | INFO | [38;5;214mtrain_any_targets[Negative=87,569(74.1%) | Positive=30,641(25.9%)][0m
2026-08-15 23:24:54,891 | INFO | [38;5;214mtrain_any_predictions[Negative=88,596(74.9%) | Positive=29,614(25.1%)][0m
2026-08-15 23:24:54,891 | INFO | [38;5;214mval_any_targets[Negative=23,991(81.3%) | Positive=5,529(18.7%)][0m
2026-08-15 23:24:54,892 | INFO | [38;5;214mval_any_predictions[Negative=24,642(83.5%) | Positive=4,878(16.5%)][0m
2026-08-15 23:24:55,073 | INFO | Fold 4: novo melhor checkpoint na época 40, staging_f1_macro=0.7872
2026-08-15 23:25:36,113 | INFO | fold=4 ep=041 train=35.6s val=5.4s [92mtrain_stg_loss=0.3891 train_rswa_loss=0.3647 train_rswa_head_loss(t/p/a)=0.1185/0.1216/0.1246[0m | [93mval_stg_f1=0.7672 val_stg_kappa=0.7834 val_rswa_head_loss(t/p/a)=0.2564/0.2035/0.2289 val_f1(t/p/a)=0.301/0.643/0.795 val_f1_macro=0.5799[0m
2026-08-15 23:25:36,114 | INFO | [92mtrain_stage_targets[W=86,397(13.7%) | N1=28,180(4.5%) | N2=220,790(35.1%) | N3=173,368(27.5%) | REM=120,619(19.2%)][0m
2026-08-15 23:25:36,114 | INFO | [92mtrain_stage_predictions[W=89,618(14.2%) | N1=19,814(3.1%) | N2=233,925(37.2%) | N3=165,234(26.3%) | REM=120,763(19.2%)][0m
2026-08-15 23:25:36,114 | INFO | [92mtrain_move_targets[Negative=94,600(78.4%) | Positive=26,020(21.6%)][0m
2026-08-15 23:25:36,114 | INFO | [92mtrain_move_predictions[Negative=95,230(79.0%) | Positive=25,390(21.0%)][0m
2026-08-15 23:25:36,114 | INFO | [93mval_stage_targets[W=26,713(16.7%) | N1=8,200(5.1%) | N2=58,266(36.4%) | N3=37,340(23.3%) | REM=29,519(18.4%)][0m
2026-08-15 23:25:36,114 | INFO | [93mval_stage_predictions[W=33,012(20.6%) | N1=4,418(2.8%) | N2=57,268(35.8%) | N3=36,649(22.9%) | REM=28,691(17.9%)][0m
2026-08-15 23:25:36,114 | INFO | [94mtrain_tonic_targets[Negative=118,590(98.3%) | Positive=2,030(1.7%)][0m
2026-08-15 23:25:36,114 | INFO | [94mtrain_tonic_predictions[Negative=113,717(94.3%) | Positive=6,903(5.7%)][0m
2026-08-15 23:25:36,114 | INFO | [94mval_tonic_targets[Negative=29,330(99.4%) | Positive=190(0.6%)][0m
2026-08-15 23:25:36,115 | INFO | [94mval_tonic_predictions[Negative=28,780(97.5%) | Positive=740(2.5%)][0m
2026-08-15 23:25:36,115 | INFO | [95mtrain_phasic_targets[Negative=106,470(88.3%) | Positive=14,150(11.7%)][0m
2026-08-15 23:25:36,115 | INFO | [95mtrain_phasic_predictions[Negative=100,683(83.5%) | Positive=19,937(16.5%)][0m
2026-08-15 23:25:36,115 | INFO | [95mval_phasic_targets[Negative=26,750(90.6%) | Positive=2,770(9.4%)][0m
2026-08-15 23:25:36,115 | INFO | [95mval_phasic_predictions[Negative=28,030(95.0%) | Positive=1,490(5.0%)][0m
2026-08-15 23:25:36,115 | INFO | [38;5;214mtrain_any_targets[Negative=94,600(78.4%) | Positive=26,020(21.6%)][0m
2026-08-15 23:25:36,115 | INFO | [38;5;214mtrain_any_predictions[Negative=95,602(79.3%) | Positive=25,018(20.7%)][0m
2026-08-15 23:25:36,115 | INFO | [38;5;214mval_any_targets[Negative=23,991(81.3%) | Positive=5,529(18.7%)][0m
2026-08-15 23:25:36,115 | INFO | [38;5;214mval_any_predictions[Negative=25,205(85.4%) | Positive=4,315(14.6%)][0m
2026-08-15 23:26:17,966 | INFO | fold=4 ep=042 train=36.2s val=5.4s [92mtrain_stg_loss=0.3929 train_rswa_loss=0.3484 train_rswa_head_loss(t/p/a)=0.0977/0.1172/0.1335[0m | [93mval_stg_f1=0.7490 val_stg_kappa=0.7649 val_rswa_head_loss(t/p/a)=0.1946/0.1442/0.1626 val_f1(t/p/a)=0.324/0.749/0.843 val_f1_macro=0.6388[0m
2026-08-15 23:26:17,966 | INFO | [92mtrain_stage_targets[W=107,900(16.8%) | N1=24,160(3.8%) | N2=225,720(35.2%) | N3=168,625(26.3%) | REM=115,449(18.0%)][0m
2026-08-15 23:26:17,966 | INFO | [92mtrain_stage_predictions[W=110,250(17.2%) | N1=13,700(2.1%) | N2=241,927(37.7%) | N3=155,960(24.3%) | REM=120,017(18.7%)][0m
2026-08-15 23:26:17,967 | INFO | [92mtrain_move_targets[Negative=89,856(77.8%) | Positive=25,594(22.2%)][0m
2026-08-15 23:26:17,967 | INFO | [92mtrain_move_predictions[Negative=90,167(78.1%) | Positive=25,283(21.9%)][0m
2026-08-15 23:26:17,967 | INFO | [93mval_stage_targets[W=26,713(16.7%) | N1=8,200(5.1%) | N2=58,266(36.4%) | N3=37,340(23.3%) | REM=29,519(18.4%)][0m
2026-08-15 23:26:17,967 | INFO | [93mval_stage_predictions[W=31,509(19.7%) | N1=4,072(2.5%) | N2=64,163(40.1%) | N3=29,251(18.3%) | REM=31,043(19.4%)][0m
2026-08-15 23:26:17,967 | INFO | [94mtrain_tonic_targets[Negative=114,070(98.8%) | Positive=1,380(1.2%)][0m
2026-08-15 23:26:17,967 | INFO | [94mtrain_tonic_predictions[Negative=110,156(95.4%) | Positive=5,294(4.6%)][0m
2026-08-15 23:26:17,967 | INFO | [94mval_tonic_targets[Negative=29,330(99.4%) | Positive=190(0.6%)][0m
2026-08-15 23:26:17,967 | INFO | [94mval_tonic_predictions[Negative=28,660(97.1%) | Positive=860(2.9%)][0m
2026-08-15 23:26:17,967 | INFO | [95mtrain_phasic_targets[Negative=101,730(88.1%) | Positive=13,720(11.9%)][0m
2026-08-15 23:26:17,967 | INFO | [95mtrain_phasic_predictions[Negative=94,496(81.9%) | Positive=20,954(18.1%)][0m
2026-08-15 23:26:17,967 | INFO | [95mval_phasic_targets[Negative=26,750(90.6%) | Positive=2,770(9.4%)][0m
2026-08-15 23:26:17,968 | INFO | [95mval_phasic_predictions[Negative=27,620(93.6%) | Positive=1,900(6.4%)][0m
2026-08-15 23:26:17,968 | INFO | [38;5;214mtrain_any_targets[Negative=89,856(77.8%) | Positive=25,594(22.2%)][0m
2026-08-15 23:26:17,968 | INFO | [38;5;214mtrain_any_predictions[Negative=90,544(78.4%) | Positive=24,906(21.6%)][0m
2026-08-15 23:26:17,968 | INFO | [38;5;214mval_any_targets[Negative=23,991(81.3%) | Positive=5,529(18.7%)][0m
2026-08-15 23:26:17,968 | INFO | [38;5;214mval_any_predictions[Negative=24,503(83.0%) | Positive=5,017(17.0%)][0m
2026-08-15 23:26:59,490 | INFO | fold=4 ep=043 train=35.9s val=5.5s [92mtrain_stg_loss=0.4344 train_rswa_loss=0.3908 train_rswa_head_loss(t/p/a)=0.1464/0.1179/0.1266[0m | [93mval_stg_f1=0.6985 val_stg_kappa=0.7098 val_rswa_head_loss(t/p/a)=0.1541/0.1520/0.1605 val_f1(t/p/a)=0.358/0.751/0.845 val_f1_macro=0.6512[0m
2026-08-15 23:26:59,490 | INFO | [92mtrain_stage_targets[W=101,122(15.8%) | N1=32,828(5.1%) | N2=239,789(37.5%) | N3=156,708(24.5%) | REM=108,227(16.9%)][0m
2026-08-15 23:26:59,490 | INFO | [92mtrain_stage_predictions[W=101,965(16.0%) | N1=22,648(3.5%) | N2=259,484(40.6%) | N3=144,726(22.7%) | REM=109,851(17.2%)][0m
2026-08-15 23:26:59,491 | INFO | [92mtrain_move_targets[Negative=83,238(76.9%) | Positive=24,992(23.1%)][0m
2026-08-15 23:26:59,491 | INFO | [92mtrain_move_predictions[Negative=83,457(77.1%) | Positive=24,773(22.9%)][0m
2026-08-15 23:26:59,491 | INFO | [93mval_stage_targets[W=26,713(16.7%) | N1=8,200(5.1%) | N2=58,266(36.4%) | N3=37,340(23.3%) | REM=29,519(18.4%)][0m
2026-08-15 23:26:59,491 | INFO | [93mval_stage_predictions[W=41,317(25.8%) | N1=4,240(2.6%) | N2=45,048(28.1%) | N3=41,609(26.0%) | REM=27,824(17.4%)][0m
2026-08-15 23:26:59,491 | INFO | [94mtrain_tonic_targets[Negative=106,420(98.3%) | Positive=1,810(1.7%)][0m
2026-08-15 23:26:59,491 | INFO | [94mtrain_tonic_predictions[Negative=102,149(94.4%) | Positive=6,081(5.6%)][0m
2026-08-15 23:26:59,491 | INFO | [94mval_tonic_targets[Negative=29,330(99.4%) | Positive=190(0.6%)][0m
2026-08-15 23:26:59,491 | INFO | [94mval_tonic_predictions[Negative=28,650(97.1%) | Positive=870(2.9%)][0m
2026-08-15 23:26:59,491 | INFO | [95mtrain_phasic_targets[Negative=94,230(87.1%) | Positive=14,000(12.9%)][0m
2026-08-15 23:26:59,492 | INFO | [95mtrain_phasic_predictions[Negative=88,102(81.4%) | Positive=20,128(18.6%)][0m
2026-08-15 23:26:59,492 | INFO | [95mval_phasic_targets[Negative=26,750(90.6%) | Positive=2,770(9.4%)][0m
2026-08-15 23:26:59,492 | INFO | [95mval_phasic_predictions[Negative=27,520(93.2%) | Positive=2,000(6.8%)][0m
2026-08-15 23:26:59,492 | INFO | [38;5;214mtrain_any_targets[Negative=83,238(76.9%) | Positive=24,992(23.1%)][0m
2026-08-15 23:26:59,492 | INFO | [38;5;214mtrain_any_predictions[Negative=83,789(77.4%) | Positive=24,441(22.6%)][0m
2026-08-15 23:26:59,492 | INFO | [38;5;214mval_any_targets[Negative=23,991(81.3%) | Positive=5,529(18.7%)][0m
2026-08-15 23:26:59,492 | INFO | [38;5;214mval_any_predictions[Negative=24,458(82.9%) | Positive=5,062(17.1%)][0m
2026-08-15 23:27:41,029 | INFO | fold=4 ep=044 train=36.0s val=5.4s [92mtrain_stg_loss=0.3704 train_rswa_loss=0.3614 train_rswa_head_loss(t/p/a)=0.1129/0.1185/0.1300[0m | [93mval_stg_f1=0.7066 val_stg_kappa=0.7237 val_rswa_head_loss(t/p/a)=0.1989/0.1428/0.1719 val_f1(t/p/a)=0.308/0.711/0.830 val_f1_macro=0.6161[0m
2026-08-15 23:27:41,029 | INFO | [92mtrain_stage_targets[W=95,232(14.9%) | N1=29,889(4.7%) | N2=221,550(34.6%) | N3=169,074(26.4%) | REM=124,779(19.5%)][0m
2026-08-15 23:27:41,029 | INFO | [92mtrain_stage_predictions[W=95,367(14.9%) | N1=22,361(3.5%) | N2=232,646(36.3%) | N3=163,255(25.5%) | REM=126,895(19.8%)][0m
2026-08-15 23:27:41,029 | INFO | [92mtrain_move_targets[Negative=96,220(77.1%) | Positive=28,560(22.9%)][0m
2026-08-15 23:27:41,030 | INFO | [92mtrain_move_predictions[Negative=96,467(77.3%) | Positive=28,313(22.7%)][0m
2026-08-15 23:27:41,030 | INFO | [93mval_stage_targets[W=26,713(16.7%) | N1=8,200(5.1%) | N2=58,266(36.4%) | N3=37,340(23.3%) | REM=29,519(18.4%)][0m
2026-08-15 23:27:41,030 | INFO | [93mval_stage_predictions[W=41,550(26.0%) | N1=5,304(3.3%) | N2=57,112(35.7%) | N3=32,456(20.3%) | REM=23,616(14.8%)][0m
2026-08-15 23:27:41,030 | INFO | [94mtrain_tonic_targets[Negative=123,730(99.2%) | Positive=1,050(0.8%)][0m
2026-08-15 23:27:41,030 | INFO | [94mtrain_tonic_predictions[Negative=118,353(94.8%) | Positive=6,427(5.2%)][0m
2026-08-15 23:27:41,030 | INFO | [94mval_tonic_targets[Negative=29,330(99.4%) | Positive=190(0.6%)][0m
2026-08-15 23:27:41,030 | INFO | [94mval_tonic_predictions[Negative=28,670(97.1%) | Positive=850(2.9%)][0m
2026-08-15 23:27:41,030 | INFO | [95mtrain_phasic_targets[Negative=108,650(87.1%) | Positive=16,130(12.9%)][0m
2026-08-15 23:27:41,030 | INFO | [95mtrain_phasic_predictions[Negative=101,426(81.3%) | Positive=23,354(18.7%)][0m
2026-08-15 23:27:41,030 | INFO | [95mval_phasic_targets[Negative=26,750(90.6%) | Positive=2,770(9.4%)][0m
2026-08-15 23:27:41,030 | INFO | [95mval_phasic_predictions[Negative=27,730(93.9%) | Positive=1,790(6.1%)][0m
2026-08-15 23:27:41,031 | INFO | [38;5;214mtrain_any_targets[Negative=96,220(77.1%) | Positive=28,560(22.9%)][0m
2026-08-15 23:27:41,031 | INFO | [38;5;214mtrain_any_predictions[Negative=96,904(77.7%) | Positive=27,876(22.3%)][0m
2026-08-15 23:27:41,031 | INFO | [38;5;214mval_any_targets[Negative=23,991(81.3%) | Positive=5,529(18.7%)][0m
2026-08-15 23:27:41,031 | INFO | [38;5;214mval_any_predictions[Negative=24,736(83.8%) | Positive=4,784(16.2%)][0m
2026-08-15 23:28:23,417 | INFO | fold=4 ep=045 train=36.3s val=6.0s [92mtrain_stg_loss=0.3692 train_rswa_loss=0.3558 train_rswa_head_loss(t/p/a)=0.1036/0.1193/0.1329[0m | [93mval_stg_f1=0.7392 val_stg_kappa=0.7519 val_rswa_head_loss(t/p/a)=0.2547/0.1773/0.2135 val_f1(t/p/a)=0.341/0.680/0.807 val_f1_macro=0.6092[0m
2026-08-15 23:28:23,417 | INFO | [92mtrain_stage_targets[W=82,883(12.9%) | N1=27,399(4.3%) | N2=245,940(38.2%) | N3=169,045(26.3%) | REM=118,147(18.4%)][0m
2026-08-15 23:28:23,417 | INFO | [92mtrain_stage_predictions[W=84,768(13.2%) | N1=21,256(3.3%) | N2=257,524(40.0%) | N3=161,305(25.1%) | REM=118,561(18.4%)][0m
2026-08-15 23:28:23,418 | INFO | [92mtrain_move_targets[Negative=92,525(78.3%) | Positive=25,625(21.7%)][0m
2026-08-15 23:28:23,418 | INFO | [92mtrain_move_predictions[Negative=93,116(78.8%) | Positive=25,034(21.2%)][0m
2026-08-15 23:28:23,418 | INFO | [93mval_stage_targets[W=26,713(16.7%) | N1=8,200(5.1%) | N2=58,266(36.4%) | N3=37,340(23.3%) | REM=29,519(18.4%)][0m
2026-08-15 23:28:23,418 | INFO | [93mval_stage_predictions[W=35,130(22.0%) | N1=4,698(2.9%) | N2=60,260(37.7%) | N3=31,359(19.6%) | REM=28,591(17.9%)][0m
2026-08-15 23:28:23,418 | INFO | [94mtrain_tonic_targets[Negative=116,250(98.4%) | Positive=1,900(1.6%)][0m
2026-08-15 23:28:23,418 | INFO | [94mtrain_tonic_predictions[Negative=111,982(94.8%) | Positive=6,168(5.2%)][0m
2026-08-15 23:28:23,418 | INFO | [94mval_tonic_targets[Negative=29,330(99.4%) | Positive=190(0.6%)][0m
2026-08-15 23:28:23,418 | INFO | [94mval_tonic_predictions[Negative=28,830(97.7%) | Positive=690(2.3%)][0m
2026-08-15 23:28:23,418 | INFO | [95mtrain_phasic_targets[Negative=104,770(88.7%) | Positive=13,380(11.3%)][0m
2026-08-15 23:28:23,418 | INFO | [95mtrain_phasic_predictions[Negative=98,211(83.1%) | Positive=19,939(16.9%)][0m
2026-08-15 23:28:23,419 | INFO | [95mval_phasic_targets[Negative=26,750(90.6%) | Positive=2,770(9.4%)][0m
2026-08-15 23:28:23,419 | INFO | [95mval_phasic_predictions[Negative=27,880(94.4%) | Positive=1,640(5.6%)][0m
2026-08-15 23:28:23,419 | INFO | [38;5;214mtrain_any_targets[Negative=92,525(78.3%) | Positive=25,625(21.7%)][0m
2026-08-15 23:28:23,419 | INFO | [38;5;214mtrain_any_predictions[Negative=93,460(79.1%) | Positive=24,690(20.9%)][0m
2026-08-15 23:28:23,419 | INFO | [38;5;214mval_any_targets[Negative=23,991(81.3%) | Positive=5,529(18.7%)][0m
2026-08-15 23:28:23,419 | INFO | [38;5;214mval_any_predictions[Negative=24,944(84.5%) | Positive=4,576(15.5%)][0m
2026-08-15 23:29:04,583 | INFO | fold=4 ep=046 train=35.6s val=5.4s [92mtrain_stg_loss=0.3946 train_rswa_loss=0.3336 train_rswa_head_loss(t/p/a)=0.1159/0.1051/0.1126[0m | [93mval_stg_f1=0.7605 val_stg_kappa=0.7827 val_rswa_head_loss(t/p/a)=0.2997/0.2259/0.2493 val_f1(t/p/a)=0.333/0.612/0.781 val_f1_macro=0.5756[0m
2026-08-15 23:29:04,583 | INFO | [92mtrain_stage_targets[W=98,703(15.7%) | N1=25,339(4.0%) | N2=239,010(38.0%) | N3=152,406(24.2%) | REM=113,616(18.1%)][0m
2026-08-15 23:29:04,583 | INFO | [92mtrain_stage_predictions[W=96,962(15.4%) | N1=14,227(2.3%) | N2=263,274(41.9%) | N3=140,783(22.4%) | REM=113,828(18.1%)][0m
2026-08-15 23:29:04,584 | INFO | [92mtrain_move_targets[Negative=88,558(77.9%) | Positive=25,062(22.1%)][0m
2026-08-15 23:29:04,584 | INFO | [92mtrain_move_predictions[Negative=89,251(78.6%) | Positive=24,369(21.4%)][0m
2026-08-15 23:29:04,584 | INFO | [93mval_stage_targets[W=26,713(16.7%) | N1=8,200(5.1%) | N2=58,266(36.4%) | N3=37,340(23.3%) | REM=29,519(18.4%)][0m
2026-08-15 23:29:04,584 | INFO | [93mval_stage_predictions[W=25,063(15.7%) | N1=2,802(1.8%) | N2=65,785(41.1%) | N3=35,025(21.9%) | REM=31,363(19.6%)][0m
2026-08-15 23:29:04,584 | INFO | [94mtrain_tonic_targets[Negative=111,220(97.9%) | Positive=2,400(2.1%)][0m
2026-08-15 23:29:04,584 | INFO | [94mtrain_tonic_predictions[Negative=106,939(94.1%) | Positive=6,681(5.9%)][0m
2026-08-15 23:29:04,584 | INFO | [94mval_tonic_targets[Negative=29,330(99.4%) | Positive=190(0.6%)][0m
2026-08-15 23:29:04,584 | INFO | [94mval_tonic_predictions[Negative=28,870(97.8%) | Positive=650(2.2%)][0m
2026-08-15 23:29:04,584 | INFO | [95mtrain_phasic_targets[Negative=100,080(88.1%) | Positive=13,540(11.9%)][0m
2026-08-15 23:29:04,584 | INFO | [95mtrain_phasic_predictions[Negative=95,104(83.7%) | Positive=18,516(16.3%)][0m
2026-08-15 23:29:04,584 | INFO | [95mval_phasic_targets[Negative=26,750(90.6%) | Positive=2,770(9.4%)][0m
2026-08-15 23:29:04,585 | INFO | [95mval_phasic_predictions[Negative=28,140(95.3%) | Positive=1,380(4.7%)][0m
2026-08-15 23:29:04,585 | INFO | [38;5;214mtrain_any_targets[Negative=88,558(77.9%) | Positive=25,062(22.1%)][0m
2026-08-15 23:29:04,585 | INFO | [38;5;214mtrain_any_predictions[Negative=89,631(78.9%) | Positive=23,989(21.1%)][0m
2026-08-15 23:29:04,585 | INFO | [38;5;214mval_any_targets[Negative=23,991(81.3%) | Positive=5,529(18.7%)][0m
2026-08-15 23:29:04,585 | INFO | [38;5;214mval_any_predictions[Negative=25,352(85.9%) | Positive=4,168(14.1%)][0m
2026-08-15 23:29:46,160 | INFO | fold=4 ep=047 train=35.9s val=5.5s [92mtrain_stg_loss=0.4104 train_rswa_loss=0.4254 train_rswa_head_loss(t/p/a)=0.1672/0.1257/0.1325[0m | [93mval_stg_f1=0.7696 val_stg_kappa=0.7933 val_rswa_head_loss(t/p/a)=0.1369/0.1228/0.1399 val_f1(t/p/a)=0.297/0.735/0.860 val_f1_macro=0.6309[0m
2026-08-15 23:29:46,160 | INFO | [92mtrain_stage_targets[W=70,235(11.1%) | N1=25,259(4.0%) | N2=247,829(39.1%) | N3=160,934(25.4%) | REM=128,817(20.3%)][0m
2026-08-15 23:29:46,160 | INFO | [92mtrain_stage_predictions[W=75,578(11.9%) | N1=15,225(2.4%) | N2=259,949(41.1%) | N3=151,553(23.9%) | REM=130,769(20.7%)][0m
2026-08-15 23:29:46,160 | INFO | [92mtrain_move_targets[Negative=101,069(78.5%) | Positive=27,751(21.5%)][0m
2026-08-15 23:29:46,161 | INFO | [92mtrain_move_predictions[Negative=100,959(78.4%) | Positive=27,861(21.6%)][0m
2026-08-15 23:29:46,161 | INFO | [93mval_stage_targets[W=26,713(16.7%) | N1=8,200(5.1%) | N2=58,266(36.4%) | N3=37,340(23.3%) | REM=29,519(18.4%)][0m
2026-08-15 23:29:46,161 | INFO | [93mval_stage_predictions[W=30,322(18.9%) | N1=3,598(2.2%) | N2=58,579(36.6%) | N3=35,780(22.4%) | REM=31,759(19.8%)][0m
2026-08-15 23:29:46,161 | INFO | [94mtrain_tonic_targets[Negative=126,890(98.5%) | Positive=1,930(1.5%)][0m
2026-08-15 23:29:46,161 | INFO | [94mtrain_tonic_predictions[Negative=121,738(94.5%) | Positive=7,082(5.5%)][0m
2026-08-15 23:29:46,161 | INFO | [94mval_tonic_targets[Negative=29,330(99.4%) | Positive=190(0.6%)][0m
2026-08-15 23:29:46,161 | INFO | [94mval_tonic_predictions[Negative=28,430(96.3%) | Positive=1,090(3.7%)][0m
2026-08-15 23:29:46,161 | INFO | [95mtrain_phasic_targets[Negative=113,950(88.5%) | Positive=14,870(11.5%)][0m
2026-08-15 23:29:46,161 | INFO | [95mtrain_phasic_predictions[Negative=106,774(82.9%) | Positive=22,046(17.1%)][0m
2026-08-15 23:29:46,161 | INFO | [95mval_phasic_targets[Negative=26,750(90.6%) | Positive=2,770(9.4%)][0m
2026-08-15 23:29:46,161 | INFO | [95mval_phasic_predictions[Negative=27,640(93.6%) | Positive=1,880(6.4%)][0m
2026-08-15 23:29:46,162 | INFO | [38;5;214mtrain_any_targets[Negative=101,069(78.5%) | Positive=27,751(21.5%)][0m
2026-08-15 23:29:46,162 | INFO | [38;5;214mtrain_any_predictions[Negative=101,359(78.7%) | Positive=27,461(21.3%)][0m
2026-08-15 23:29:46,162 | INFO | [38;5;214mval_any_targets[Negative=23,991(81.3%) | Positive=5,529(18.7%)][0m
2026-08-15 23:29:46,162 | INFO | [38;5;214mval_any_predictions[Negative=24,281(82.3%) | Positive=5,239(17.7%)][0m
2026-08-15 23:30:28,476 | INFO | fold=4 ep=048 train=36.7s val=5.5s [92mtrain_stg_loss=0.3644 train_rswa_loss=0.3320 train_rswa_head_loss(t/p/a)=0.0952/0.1116/0.1252[0m | [93mval_stg_f1=0.7547 val_stg_kappa=0.7543 val_rswa_head_loss(t/p/a)=0.1891/0.1978/0.2193 val_f1(t/p/a)=0.309/0.627/0.794 val_f1_macro=0.5765[0m
2026-08-15 23:30:28,476 | INFO | [92mtrain_stage_targets[W=107,992(16.6%) | N1=28,619(4.4%) | N2=216,540(33.2%) | N3=178,464(27.4%) | REM=120,459(18.5%)][0m
2026-08-15 23:30:28,477 | INFO | [92mtrain_stage_predictions[W=109,452(16.8%) | N1=19,607(3.0%) | N2=229,102(35.1%) | N3=177,050(27.2%) | REM=116,863(17.9%)][0m
2026-08-15 23:30:28,477 | INFO | [92mtrain_move_targets[Negative=95,166(79.0%) | Positive=25,294(21.0%)][0m
2026-08-15 23:30:28,477 | INFO | [92mtrain_move_predictions[Negative=95,878(79.6%) | Positive=24,582(20.4%)][0m
2026-08-15 23:30:28,477 | INFO | [93mval_stage_targets[W=26,713(16.7%) | N1=8,200(5.1%) | N2=58,266(36.4%) | N3=37,340(23.3%) | REM=29,519(18.4%)][0m
2026-08-15 23:30:28,478 | INFO | [93mval_stage_predictions[W=33,781(21.1%) | N1=5,502(3.4%) | N2=55,953(35.0%) | N3=32,092(20.1%) | REM=32,710(20.4%)][0m
2026-08-15 23:30:28,478 | INFO | [94mtrain_tonic_targets[Negative=118,990(98.8%) | Positive=1,470(1.2%)][0m
2026-08-15 23:30:28,478 | INFO | [94mtrain_tonic_predictions[Negative=115,151(95.6%) | Positive=5,309(4.4%)][0m
2026-08-15 23:30:28,478 | INFO | [94mval_tonic_targets[Negative=29,330(99.4%) | Positive=190(0.6%)][0m
2026-08-15 23:30:28,478 | INFO | [94mval_tonic_predictions[Negative=28,610(96.9%) | Positive=910(3.1%)][0m
2026-08-15 23:30:28,479 | INFO | [95mtrain_phasic_targets[Negative=106,770(88.6%) | Positive=13,690(11.4%)][0m
2026-08-15 23:30:28,479 | INFO | [95mtrain_phasic_predictions[Negative=100,601(83.5%) | Positive=19,859(16.5%)][0m
2026-08-15 23:30:28,479 | INFO | [95mval_phasic_targets[Negative=26,750(90.6%) | Positive=2,770(9.4%)][0m
2026-08-15 23:30:28,479 | INFO | [95mval_phasic_predictions[Negative=28,110(95.2%) | Positive=1,410(4.8%)][0m
2026-08-15 23:30:28,479 | INFO | [38;5;214mtrain_any_targets[Negative=95,166(79.0%) | Positive=25,294(21.0%)][0m
2026-08-15 23:30:28,479 | INFO | [38;5;214mtrain_any_predictions[Negative=96,227(79.9%) | Positive=24,233(20.1%)][0m
2026-08-15 23:30:28,480 | INFO | [38;5;214mval_any_targets[Negative=23,991(81.3%) | Positive=5,529(18.7%)][0m
2026-08-15 23:30:28,480 | INFO | [38;5;214mval_any_predictions[Negative=25,053(84.9%) | Positive=4,467(15.1%)][0m
2026-08-15 23:31:11,147 | INFO | fold=4 ep=049 train=37.1s val=5.4s [92mtrain_stg_loss=0.3711 train_rswa_loss=0.3594 train_rswa_head_loss(t/p/a)=0.1106/0.1179/0.1308[0m | [93mval_stg_f1=0.7738 val_stg_kappa=0.7761 val_rswa_head_loss(t/p/a)=0.1667/0.1330/0.1625 val_f1(t/p/a)=0.309/0.712/0.846 val_f1_macro=0.6224[0m
2026-08-15 23:31:11,147 | INFO | [92mtrain_stage_targets[W=98,510(15.0%) | N1=29,329(4.5%) | N2=237,790(36.2%) | N3=168,968(25.7%) | REM=121,927(18.6%)][0m
2026-08-15 23:31:11,147 | INFO | [92mtrain_stage_predictions[W=99,358(15.1%) | N1=21,511(3.3%) | N2=248,608(37.9%) | N3=162,696(24.8%) | REM=124,351(18.9%)][0m
2026-08-15 23:31:11,148 | INFO | [92mtrain_move_targets[Negative=93,858(77.0%) | Positive=28,072(23.0%)][0m
2026-08-15 23:31:11,148 | INFO | [92mtrain_move_predictions[Negative=94,235(77.3%) | Positive=27,695(22.7%)][0m
2026-08-15 23:31:11,148 | INFO | [93mval_stage_targets[W=26,713(16.7%) | N1=8,200(5.1%) | N2=58,266(36.4%) | N3=37,340(23.3%) | REM=29,519(18.4%)][0m
2026-08-15 23:31:11,148 | INFO | [93mval_stage_predictions[W=31,746(19.8%) | N1=6,269(3.9%) | N2=63,276(39.5%) | N3=30,572(19.1%) | REM=28,175(17.6%)][0m
2026-08-15 23:31:11,148 | INFO | [94mtrain_tonic_targets[Negative=120,240(98.6%) | Positive=1,690(1.4%)][0m
2026-08-15 23:31:11,148 | INFO | [94mtrain_tonic_predictions[Negative=115,506(94.7%) | Positive=6,424(5.3%)][0m
2026-08-15 23:31:11,148 | INFO | [94mval_tonic_targets[Negative=29,330(99.4%) | Positive=190(0.6%)][0m
2026-08-15 23:31:11,148 | INFO | [94mval_tonic_predictions[Negative=28,610(96.9%) | Positive=910(3.1%)][0m
2026-08-15 23:31:11,148 | INFO | [95mtrain_phasic_targets[Negative=106,280(87.2%) | Positive=15,650(12.8%)][0m
2026-08-15 23:31:11,149 | INFO | [95mtrain_phasic_predictions[Negative=99,970(82.0%) | Positive=21,960(18.0%)][0m
2026-08-15 23:31:11,149 | INFO | [95mval_phasic_targets[Negative=26,750(90.6%) | Positive=2,770(9.4%)][0m
2026-08-15 23:31:11,149 | INFO | [95mval_phasic_predictions[Negative=27,770(94.1%) | Positive=1,750(5.9%)][0m
2026-08-15 23:31:11,149 | INFO | [38;5;214mtrain_any_targets[Negative=93,858(77.0%) | Positive=28,072(23.0%)][0m
2026-08-15 23:31:11,149 | INFO | [38;5;214mtrain_any_predictions[Negative=94,611(77.6%) | Positive=27,319(22.4%)][0m
2026-08-15 23:31:11,149 | INFO | [38;5;214mval_any_targets[Negative=23,991(81.3%) | Positive=5,529(18.7%)][0m
2026-08-15 23:31:11,149 | INFO | [38;5;214mval_any_predictions[Negative=24,565(83.2%) | Positive=4,955(16.8%)][0m
2026-08-15 23:31:53,667 | INFO | fold=4 ep=050 train=36.9s val=5.5s [92mtrain_stg_loss=0.3561 train_rswa_loss=0.3308 train_rswa_head_loss(t/p/a)=0.1078/0.1076/0.1154[0m | [93mval_stg_f1=0.7544 val_stg_kappa=0.7700 val_rswa_head_loss(t/p/a)=0.2134/0.1540/0.1817 val_f1(t/p/a)=0.343/0.728/0.837 val_f1_macro=0.6363[0m
2026-08-15 23:31:53,668 | INFO | [92mtrain_stage_targets[W=94,101(14.4%) | N1=24,649(3.8%) | N2=241,749(37.1%) | N3=166,068(25.5%) | REM=125,307(19.2%)][0m
2026-08-15 23:31:53,668 | INFO | [92mtrain_stage_predictions[W=92,996(14.3%) | N1=17,202(2.6%) | N2=258,921(39.7%) | N3=158,491(24.3%) | REM=124,264(19.1%)][0m
2026-08-15 23:31:53,668 | INFO | [92mtrain_move_targets[Negative=97,422(77.7%) | Positive=27,888(22.3%)][0m
2026-08-15 23:31:53,668 | INFO | [92mtrain_move_predictions[Negative=98,339(78.5%) | Positive=26,971(21.5%)][0m
2026-08-15 23:31:53,668 | INFO | [93mval_stage_targets[W=26,713(16.7%) | N1=8,200(5.1%) | N2=58,266(36.4%) | N3=37,340(23.3%) | REM=29,519(18.4%)][0m
2026-08-15 23:31:53,668 | INFO | [93mval_stage_predictions[W=34,219(21.4%) | N1=4,202(2.6%) | N2=62,686(39.2%) | N3=31,746(19.8%) | REM=27,185(17.0%)][0m
2026-08-15 23:31:53,669 | INFO | [94mtrain_tonic_targets[Negative=122,960(98.1%) | Positive=2,350(1.9%)][0m
2026-08-15 23:31:53,669 | INFO | [94mtrain_tonic_predictions[Negative=118,534(94.6%) | Positive=6,776(5.4%)][0m
2026-08-15 23:31:53,669 | INFO | [94mval_tonic_targets[Negative=29,330(99.4%) | Positive=190(0.6%)][0m
2026-08-15 23:31:53,669 | INFO | [94mval_tonic_predictions[Negative=28,720(97.3%) | Positive=800(2.7%)][0m
2026-08-15 23:31:53,669 | INFO | [95mtrain_phasic_targets[Negative=110,040(87.8%) | Positive=15,270(12.2%)][0m
2026-08-15 23:31:53,669 | INFO | [95mtrain_phasic_predictions[Negative=104,120(83.1%) | Positive=21,190(16.9%)][0m
2026-08-15 23:31:53,669 | INFO | [95mval_phasic_targets[Negative=26,750(90.6%) | Positive=2,770(9.4%)][0m
2026-08-15 23:31:53,669 | INFO | [95mval_phasic_predictions[Negative=27,650(93.7%) | Positive=1,870(6.3%)][0m
2026-08-15 23:31:53,669 | INFO | [38;5;214mtrain_any_targets[Negative=97,422(77.7%) | Positive=27,888(22.3%)][0m
2026-08-15 23:31:53,669 | INFO | [38;5;214mtrain_any_predictions[Negative=98,705(78.8%) | Positive=26,605(21.2%)][0m
2026-08-15 23:31:53,669 | INFO | [38;5;214mval_any_targets[Negative=23,991(81.3%) | Positive=5,529(18.7%)][0m
2026-08-15 23:31:53,670 | INFO | [38;5;214mval_any_predictions[Negative=24,651(83.5%) | Positive=4,869(16.5%)][0m
2026-08-15 23:32:07,519 | INFO | ================================================================================
2026-08-15 23:32:07,519 | INFO | FASE DE TESTE (staging) | folds=5
2026-08-15 23:32:07,520 | INFO | ================================================================================
2026-08-15 23:32:14,359 | INFO | TESTE fold 0 (staging): f1_macro=0.6828 kappa=0.6739 balanced_acc=0.6847
2026-08-15 23:32:21,169 | INFO | TESTE fold 1 (staging): f1_macro=0.7146 kappa=0.7238 balanced_acc=0.7060
2026-08-15 23:32:27,956 | INFO | TESTE fold 2 (staging): f1_macro=0.6860 kappa=0.6745 balanced_acc=0.6929
2026-08-15 23:32:34,739 | INFO | TESTE fold 3 (staging): f1_macro=0.7104 kappa=0.7003 balanced_acc=0.7047
2026-08-15 23:32:41,485 | INFO | TESTE fold 4 (staging): f1_macro=0.6942 kappa=0.6904 balanced_acc=0.6949
2026-08-15 23:32:41,838 | INFO | TESTE ENSEMBLE staging (5 folds): f1_macro=0.7153 kappa=0.7191 balanced_acc=0.7089
2026-08-15 23:32:42,522 | INFO | ================================================================================
2026-08-15 23:32:42,522 | INFO | FASE DE TESTE (tonic/phasic/any) | folds=5
2026-08-15 23:32:42,522 | INFO | ================================================================================
2026-08-15 23:32:49,044 | INFO | TESTE fold 0 (tonic): f1=0.3929 kappa=0.3868 pos=220/36010
2026-08-15 23:32:49,303 | INFO | TESTE fold 0 (phasic): f1=0.8000 kappa=0.7801 pos=3660/36010
2026-08-15 23:32:49,552 | INFO | TESTE fold 0 (any): f1=0.8648 kappa=0.8335 pos=6891/36010
2026-08-15 23:32:49,799 | INFO | TESTE fold 0 (movement): f1=0.8648 kappa=0.8335 pos=6891/36010
2026-08-15 23:32:56,568 | INFO | TESTE fold 1 (tonic): f1=0.3826 kappa=0.3764 pos=220/36010
2026-08-15 23:32:56,832 | INFO | TESTE fold 1 (phasic): f1=0.8234 kappa=0.8049 pos=3660/36010
2026-08-15 23:32:57,084 | INFO | TESTE fold 1 (any): f1=0.8762 kappa=0.8471 pos=6891/36010
2026-08-15 23:32:57,331 | INFO | TESTE fold 1 (movement): f1=0.8762 kappa=0.8471 pos=6891/36010
2026-08-15 23:33:04,007 | INFO | TESTE fold 2 (tonic): f1=0.3826 kappa=0.3764 pos=220/36010
2026-08-15 23:33:04,282 | INFO | TESTE fold 2 (phasic): f1=0.8393 kappa=0.8219 pos=3660/36010
2026-08-15 23:33:04,563 | INFO | TESTE fold 2 (any): f1=0.8699 kappa=0.8380 pos=6891/36010
2026-08-15 23:33:04,819 | INFO | TESTE fold 2 (movement): f1=0.8699 kappa=0.8380 pos=6891/36010
2026-08-15 23:33:11,508 | INFO | TESTE fold 3 (tonic): f1=0.2767 kappa=0.2690 pos=220/36010
2026-08-15 23:33:11,774 | INFO | TESTE fold 3 (phasic): f1=0.7839 kappa=0.7619 pos=3660/36010
2026-08-15 23:33:12,041 | INFO | TESTE fold 3 (any): f1=0.8786 kappa=0.8489 pos=6891/36010
2026-08-15 23:33:12,298 | INFO | TESTE fold 3 (movement): f1=0.8786 kappa=0.8489 pos=6891/36010
2026-08-15 23:33:18,995 | INFO | TESTE fold 4 (tonic): f1=0.3043 kappa=0.2971 pos=220/36010
2026-08-15 23:33:19,255 | INFO | TESTE fold 4 (phasic): f1=0.7010 kappa=0.6766 pos=3660/36010
2026-08-15 23:33:19,516 | INFO | TESTE fold 4 (any): f1=0.8318 kappa=0.7947 pos=6891/36010
2026-08-15 23:33:19,773 | INFO | TESTE fold 4 (movement): f1=0.8318 kappa=0.7947 pos=6891/36010
2026-08-15 23:33:20,520 | INFO | TESTE ENSEMBLE tonic (5 folds): f1=0.2574 kappa=0.2497
2026-08-15 23:33:21,025 | INFO | TESTE ENSEMBLE phasic (5 folds): f1=0.5279 kappa=0.4662
2026-08-15 23:33:21,544 | INFO | TESTE ENSEMBLE any (5 folds): f1=0.8576 kappa=0.8260
2026-08-15 23:33:22,066 | INFO | TESTE ENSEMBLE movement (5 folds): f1=0.8620 kappa=0.8310
2026-08-15 23:33:22,576 | INFO | Execução finalizada com status=completed
